{"type":"FeatureCollection","features":[{"id":"8","type":"Feature","properties":{"district":"09","name":"Congressional District 9"},"geometry":{"type":"MultiPolygon","coordinates":[[[[-71.1383,41.60405],[-71.1354,41.62565],[-71.13306,41.63072],[-71.13405,41.63202],[-71.13419,41.634],[-71.13276,41.63643],[-71.11897,41.68063],[-71.11441,41.6928],[-71.10569,41.6928],[-71.06663,41.68562],[-70.92222,41.75484],[-70.92615,41.75702],[-70.92632,41.75885],[-70.90718,41.76354],[-70.92179,41.79126],[-70.8964,41.79432],[-70.89864,41.81488],[-70.89345,41.8279],[-70.89397,41.82888],[-70.91871,41.85194],[-70.9189,41.85273],[-70.91713,41.85578],[-70.91681,41.8572],[-70.91775,41.85872],[-70.91626,41.85993],[-70.91454,41.85959],[-70.91432,41.86059],[-70.91345,41.86068],[-70.91288,41.86173],[-70.91445,41.86213],[-70.9146,41.86352],[-70.91351,41.86386],[-70.91535,41.86441],[-70.91469,41.86527],[-70.91599,41.86581],[-70.91504,41.86631],[-70.91674,41.86717],[-70.91297,41.87024],[-70.91462,41.87208],[-70.91633,41.87257],[-70.91641,41.87692],[-70.91921,41.87902],[-70.96334,41.89639],[-70.96476,41.89939],[-70.96713,41.90125],[-70.97196,41.90173],[-70.9725,41.90133],[-70.97628,41.90115],[-70.97874,41.90389],[-70.9801,41.90361],[-70.98111,41.90497],[-70.98349,41.90601],[-70.98487,41.90745],[-70.98784,41.90568],[-70.99059,41.90669],[-70.99185,41.90608],[-70.99293,41.90623],[-70.99315,41.90644],[-70.99158,41.90807],[-70.99098,41.91006],[-70.99203,41.91575],[-70.99367,41.91646],[-70.99431,41.916],[-70.99452,41.91494],[-70.99582,41.91524],[-70.99713,41.91668],[-70.99749,41.91844],[-71.00109,41.91881],[-71.001,41.91767],[-71.00348,41.91736],[-71.00537,41.91475],[-71.00478,41.91026],[-71.00571,41.90938],[-71.01119,41.907],[-71.01346,41.91082],[-71.01334,41.91324],[-71.01569,41.91772],[-71.01637,41.92037],[-71.01884,41.92426],[-71.02828,41.92254],[-71.03565,41.92366],[-71.03506,41.92447],[-71.03809,41.92679],[-71.03472,41.93236],[-71.03604,41.93309],[-71.03715,41.93226],[-71.03788,41.93356],[-71.04095,41.93508],[-71.04619,41.93616],[-71.04718,41.93393],[-71.05108,41.93383],[-71.05341,41.94049],[-71.05672,41.9431],[-71.06033,41.94512],[-71.07289,41.94899],[-71.07981,41.93845],[-71.08549,41.94174],[-71.07452,41.94747],[-71.07385,41.94878],[-71.07351,41.95485],[-71.07032,41.95407],[-71.06791,41.96319],[-71.06145,41.9644],[-71.0616,41.96701],[-71.0636,41.9671],[-71.06366,41.96815],[-71.06167,41.96823],[-71.0617,41.97042],[-71.06373,41.97325],[-71.06041,41.97372],[-71.06103,41.97888],[-71.06631,41.97804],[-71.06974,41.98111],[-71.07069,41.98565],[-71.07035,41.98784],[-71.05472,41.98506],[-71.05418,41.98272],[-71.00272,41.99805],[-70.99061,42.00391],[-70.97879,42.0074],[-70.97959,42.011],[-70.95366,42.00585],[-70.94299,42.00654],[-70.93539,42.00783],[-70.93045,42.00781],[-70.92536,42.00891],[-70.92067,42.00726],[-70.91855,42.00593],[-70.91739,42.00464],[-70.91734,42.00226],[-70.91283,41.99701],[-70.91068,41.99693],[-70.90844,41.99616],[-70.90337,41.99663],[-70.89919,41.99637],[-70.89957,42.00297],[-70.89662,42.02329],[-70.89765,42.02422],[-70.89742,42.02494],[-70.89973,42.0253],[-70.90755,42.0588],[-70.91296,42.08442],[-70.90241,42.0859],[-70.93149,42.11655],[-70.94077,42.15136],[-70.89352,42.16981],[-70.87025,42.18247],[-70.85216,42.19046],[-70.83886,42.19481],[-70.82702,42.20079],[-70.8408,42.21312],[-70.85338,42.23961],[-70.84115,42.24335],[-70.84124,42.24455],[-70.84928,42.24733],[-70.84822,42.24867],[-70.84827,42.25054],[-70.84894,42.25214],[-70.84729,42.2541],[-70.84463,42.26043],[-70.84063,42.26099],[-70.83864,42.2635],[-70.83574,42.26479],[-70.82699,42.26437],[-70.82564,42.26463],[-70.82466,42.26593],[-70.81174,42.26293],[-70.78872,42.25392],[-70.78678,42.25087],[-70.7844,42.24858],[-70.77631,42.24895],[-70.77394,42.25421],[-70.76634,42.25474],[-70.76277,42.25034],[-70.76476,42.24406],[-70.76068,42.24124],[-70.76016,42.23504],[-70.75449,42.22867],[-70.74723,42.22182],[-70.73914,42.21962],[-70.73056,42.21094],[-70.72227,42.20796],[-70.71809,42.20898],[-70.71299,42.20443],[-70.71429,42.1986],[-70.7159,42.1959],[-70.71595,42.19015],[-70.71871,42.18485],[-70.71476,42.17658],[-70.7143,42.16878],[-70.70626,42.16314],[-70.68532,42.13303],[-70.66393,42.10834],[-70.64017,42.08863],[-70.63848,42.08158],[-70.64735,42.07633],[-70.64819,42.06844],[-70.64321,42.05082],[-70.63086,42.03605],[-70.62028,42.02709],[-70.61098,42.01574],[-70.59789,42.00455],[-70.6027,42.00214],[-70.61405,42.00661],[-70.62254,42.00214],[-70.63192,41.99286],[-70.63914,41.9939],[-70.6412,42.00592],[-70.63966,42.0108],[-70.63639,42.01383],[-70.63395,42.01203],[-70.63443,42.00497],[-70.62986,42.00146],[-70.62421,42.00603],[-70.61422,42.01115],[-70.61779,42.01751],[-70.64434,42.0459],[-70.65087,42.04625],[-70.65605,42.04205],[-70.66437,42.04116],[-70.66936,42.03712],[-70.67167,42.02139],[-70.66751,42.01232],[-70.67093,42.00779],[-70.6788,42.00551],[-70.6868,42.01276],[-70.69581,42.01335],[-70.7122,42.00759],[-70.71003,41.99954],[-70.70644,42.00073],[-70.70002,41.99826],[-70.69884,41.9919],[-70.69898,41.9871],[-70.69099,41.9813],[-70.68136,41.97915],[-70.67882,41.97718],[-70.67626,41.97229],[-70.66448,41.96006],[-70.6532,41.95249],[-70.64678,41.94931],[-70.63976,41.94938],[-70.63201,41.94603],[-70.63057,41.94606],[-70.63032,41.94705],[-70.63847,41.95638],[-70.64869,41.97229],[-70.65301,41.97696],[-70.65251,41.97887],[-70.64936,41.97862],[-70.64555,41.9752],[-70.63157,41.95302],[-70.62395,41.94306],[-70.61649,41.9402],[-70.60817,41.9407],[-70.59808,41.94777],[-70.59159,41.94933],[-70.58357,41.95001],[-70.56777,41.9395],[-70.56597,41.93623],[-70.55294,41.92964],[-70.54398,41.92628],[-70.53919,41.92677],[-70.54007,41.92367],[-70.53787,41.92095],[-70.54193,41.91895],[-70.54492,41.91864],[-70.54639,41.91675],[-70.54741,41.91193],[-70.54595,41.90716],[-70.53208,41.88957],[-70.53297,41.88582],[-70.53144,41.88086],[-70.53049,41.86549],[-70.52557,41.85873],[-70.53255,41.84066],[-70.53626,41.83466],[-70.54206,41.83126],[-70.54317,41.82445],[-70.54103,41.81575],[-70.53266,41.8048],[-70.51741,41.79095],[-70.49452,41.77824],[-70.49405,41.77388],[-70.47155,41.76156],[-70.42982,41.74888],[-70.42831,41.74767],[-70.39999,41.74172],[-70.37534,41.73878],[-70.29556,41.73441],[-70.28834,41.73198],[-70.28309,41.72895],[-70.27525,41.72581],[-70.27388,41.72431],[-70.2744,41.7235],[-70.28177,41.72242],[-70.28552,41.72525],[-70.28817,41.72921],[-70.29025,41.7295],[-70.29212,41.72877],[-70.29205,41.72757],[-70.29319,41.72534],[-70.29627,41.72526],[-70.30326,41.72749],[-70.31924,41.72889],[-70.3325,41.73181],[-70.34079,41.73078],[-70.34604,41.73213],[-70.3489,41.73149],[-70.3633,41.73298],[-70.37314,41.73298],[-70.38284,41.73468],[-70.38526,41.73393],[-70.38412,41.73095],[-70.38897,41.72915],[-70.39424,41.73],[-70.39638,41.72787],[-70.39524,41.7251],[-70.38555,41.72063],[-70.38212,41.72148],[-70.36259,41.7119],[-70.36087,41.70881],[-70.36287,41.70509],[-70.35731,41.70253],[-70.34205,41.70136],[-70.3285,41.70392],[-70.32708,41.70562],[-70.32922,41.70892],[-70.32736,41.71126],[-70.3198,41.70967],[-70.30654,41.7103],[-70.30055,41.70849],[-70.29428,41.71084],[-70.28401,41.70988],[-70.27802,41.70999],[-70.26855,41.71293],[-70.2671,41.71287],[-70.26427,41.71171],[-70.26418,41.71129],[-70.26633,41.70867],[-70.26535,41.70719],[-70.26313,41.70705],[-70.26191,41.709],[-70.25814,41.71004],[-70.25618,41.70937],[-70.25571,41.70791],[-70.25342,41.70804],[-70.25284,41.70746],[-70.25119,41.70734],[-70.25024,41.70774],[-70.25066,41.70926],[-70.24837,41.71168],[-70.24432,41.71227],[-70.24267,41.71115],[-70.24019,41.71065],[-70.23993,41.71117],[-70.24109,41.71463],[-70.2393,41.71622],[-70.23951,41.71814],[-70.23817,41.72007],[-70.2353,41.72246],[-70.23932,41.72563],[-70.23932,41.72688],[-70.24078,41.72753],[-70.23465,41.73204],[-70.21607,41.74298],[-70.18925,41.75198],[-70.1838,41.75058],[-70.14991,41.75698],[-70.14153,41.76007],[-70.12198,41.75884],[-70.09606,41.76655],[-70.08299,41.76896],[-70.07246,41.77294],[-70.06431,41.77284],[-70.02271,41.78835],[-70.02254,41.78943],[-70.01551,41.79604],[-70.00846,41.80079],[-70.00384,41.80852],[-70.00529,41.81234],[-70.00439,41.81787],[-70.00449,41.83883],[-70.00901,41.87662],[-70.00576,41.88192],[-70.00019,41.88694],[-70.00292,41.89032],[-70.01215,41.89166],[-70.0185,41.89153],[-70.02424,41.89634],[-70.02433,41.89882],[-70.02121,41.90015],[-70.01361,41.90121],[-70.01337,41.90599],[-70.02009,41.90758],[-70.02555,41.9117],[-70.0323,41.92044],[-70.03202,41.92421],[-70.02739,41.92933],[-70.03524,41.93004],[-70.045,41.93005],[-70.05496,41.92792],[-70.059,41.92562],[-70.06162,41.9235],[-70.05782,41.92049],[-70.0542,41.92095],[-70.05895,41.9171],[-70.06314,41.91521],[-70.06567,41.91166],[-70.06572,41.89964],[-70.06899,41.89626],[-70.06637,41.88635],[-70.06685,41.88334],[-70.06901,41.88492],[-70.07304,41.89978],[-70.07401,41.93865],[-70.07722,41.94336],[-70.07742,41.9855],[-70.08378,42.01204],[-70.08958,42.0249],[-70.0956,42.03283],[-70.10806,42.0436],[-70.12304,42.05167],[-70.14861,42.06093],[-70.15542,42.06241],[-70.16978,42.05974],[-70.17847,42.05642],[-70.18682,42.05045],[-70.19446,42.03947],[-70.19497,42.0364],[-70.20113,42.03499],[-70.20589,42.03269],[-70.19662,42.02545],[-70.19234,42.02316],[-70.18946,42.02424],[-70.17376,42.02736],[-70.16688,42.03457],[-70.17101,42.02804],[-70.1796,42.02186],[-70.18671,42.0199],[-70.19083,42.02003],[-70.19631,42.02198],[-70.20874,42.03075],[-70.21301,42.03613],[-70.2187,42.04585],[-70.22862,42.05393],[-70.23536,42.0574],[-70.23887,42.06048],[-70.24354,42.06057],[-70.24538,42.06373],[-70.23809,42.07288],[-70.22563,42.0786],[-70.2069,42.0819],[-70.18931,42.08234],[-70.16017,42.07863],[-70.11597,42.06764],[-70.08262,42.05466],[-70.05853,42.04036],[-70.0335,42.01774],[-70.0119,41.98972],[-69.98609,41.9496],[-69.9686,41.9117],[-69.94531,41.84522],[-69.94278,41.83306],[-69.94135,41.82279],[-69.93966,41.8186],[-69.93802,41.80951],[-69.92865,41.74125],[-69.92839,41.70845],[-69.93042,41.69194],[-69.93375,41.67863],[-69.94373,41.66478],[-69.94397,41.65555],[-69.94753,41.65147],[-69.95225,41.64047],[-69.95402,41.63403],[-69.9568,41.6298],[-69.95777,41.62036],[-69.96719,41.61196],[-69.97605,41.61167],[-69.98318,41.60829],[-69.98841,41.59443],[-69.98838,41.58697],[-69.98936,41.58145],[-69.98821,41.5547],[-69.99198,41.54749],[-69.99768,41.54233],[-70.00386,41.54055],[-70.00838,41.54144],[-70.01123,41.54393],[-70.01265,41.54678],[-70.01361,41.55105],[-70.0127,41.55323],[-70.00862,41.55798],[-70.00291,41.56207],[-69.99885,41.5659],[-69.99388,41.5763],[-69.99131,41.58872],[-69.99222,41.60332],[-69.98521,41.61312],[-69.98556,41.61967],[-69.97748,41.63079],[-69.97592,41.63886],[-69.97307,41.64294],[-69.97049,41.64546],[-69.97572,41.65374],[-69.98532,41.65821],[-69.99636,41.66718],[-70.00701,41.67158],[-70.01421,41.67197],[-70.02935,41.66774],[-70.04051,41.6674],[-70.05552,41.66484],[-70.06211,41.66445],[-70.0657,41.66236],[-70.07597,41.66395],[-70.08924,41.66281],[-70.11651,41.6555],[-70.14088,41.65042],[-70.15811,41.65182],[-70.16834,41.652],[-70.18717,41.64944],[-70.19519,41.64791],[-70.198,41.64415],[-70.20708,41.6425],[-70.21977,41.63647],[-70.24587,41.62848],[-70.25621,41.6207],[-70.25542,41.61754],[-70.2596,41.61086],[-70.26542,41.60933],[-70.26759,41.61091],[-70.26969,41.61778],[-70.26913,41.62574],[-70.27452,41.63293],[-70.28132,41.63513],[-70.29062,41.6352],[-70.29601,41.63438],[-70.30025,41.63246],[-70.30065,41.62951],[-70.31169,41.62741],[-70.31663,41.62545],[-70.32159,41.63051],[-70.32992,41.63458],[-70.33807,41.63634],[-70.35163,41.63469],[-70.36035,41.63107],[-70.36489,41.62672],[-70.36474,41.62367],[-70.36985,41.61589],[-70.37915,41.61136],[-70.40058,41.60638],[-70.40854,41.60735],[-70.42681,41.60472],[-70.43165,41.60572],[-70.43725,41.60533],[-70.44262,41.59905],[-70.44529,41.59181],[-70.44655,41.59024],[-70.45018,41.58904],[-70.45069,41.58499],[-70.46128,41.57182],[-70.47626,41.5585],[-70.48557,41.55424],[-70.49324,41.55204],[-70.52233,41.54897],[-70.52862,41.54672],[-70.53238,41.54931],[-70.53882,41.55126],[-70.54682,41.55141],[-70.55969,41.54833],[-70.57377,41.54687],[-70.58056,41.54424],[-70.58642,41.54543],[-70.59381,41.5451],[-70.60184,41.54208],[-70.61108,41.54299],[-70.63361,41.53825],[-70.64363,41.53236],[-70.6541,41.51902],[-70.65401,41.5159],[-70.65663,41.51478],[-70.66283,41.51795],[-70.6683,41.51795],[-70.6702,41.5208],[-70.67305,41.52365],[-70.67852,41.52151],[-70.68541,41.52134],[-70.68779,41.52418],[-70.68698,41.52949],[-70.68327,41.5329],[-70.67638,41.52899],[-70.67201,41.53178],[-70.66806,41.5329],[-70.66855,41.53646],[-70.66651,41.53996],[-70.65866,41.54339],[-70.6543,41.54993],[-70.65537,41.5575],[-70.6539,41.56516],[-70.64928,41.56581],[-70.64878,41.56987],[-70.64275,41.57238],[-70.64095,41.57733],[-70.64204,41.58307],[-70.65245,41.60521],[-70.65199,41.61018],[-70.64685,41.6135],[-70.64613,41.61972],[-70.64,41.62462],[-70.64179,41.62939],[-70.64678,41.63503],[-70.64627,41.63541],[-70.64377,41.63482],[-70.64205,41.63557],[-70.64487,41.64022],[-70.64616,41.6407],[-70.65261,41.63783],[-70.65327,41.63898],[-70.65044,41.64166],[-70.65072,41.64613],[-70.64472,41.64674],[-70.64048,41.64891],[-70.63373,41.64893],[-70.62609,41.65268],[-70.62385,41.65626],[-70.6213,41.65611],[-70.62053,41.65727],[-70.63173,41.66369],[-70.63472,41.66376],[-70.64072,41.65946],[-70.64571,41.65946],[-70.65196,41.66304],[-70.65375,41.66709],[-70.64861,41.67033],[-70.64248,41.67117],[-70.63728,41.66936],[-70.63614,41.6678],[-70.63292,41.67045],[-70.63274,41.67559],[-70.63635,41.68],[-70.63893,41.67983],[-70.64521,41.68139],[-70.65734,41.68148],[-70.66036,41.67996],[-70.66204,41.68094],[-70.66074,41.68306],[-70.65766,41.68443],[-70.65556,41.68678],[-70.65202,41.68777],[-70.65018,41.69018],[-70.64911,41.6906],[-70.64591,41.6902],[-70.64475,41.69149],[-70.64596,41.69379],[-70.64245,41.69524],[-70.63667,41.69663],[-70.63149,41.69631],[-70.62082,41.70053],[-70.61757,41.70114],[-70.61868,41.70279],[-70.62385,41.70372],[-70.62365,41.7074],[-70.62653,41.71299],[-70.63383,41.71413],[-70.63972,41.71735],[-70.6488,41.71803],[-70.65047,41.71342],[-70.66045,41.70508],[-70.67406,41.69137],[-70.67614,41.69265],[-70.65621,41.71339],[-70.6566,41.7154],[-70.66401,41.7162],[-70.67045,41.72191],[-70.67923,41.72743],[-70.68588,41.72708],[-70.68826,41.72371],[-70.69705,41.7292],[-70.70617,41.72898],[-70.70819,41.73096],[-70.71512,41.7324],[-70.71874,41.73574],[-70.72633,41.73273],[-70.72082,41.72761],[-70.72095,41.72322],[-70.72581,41.72459],[-70.72853,41.72288],[-70.7213,41.71297],[-70.71489,41.71031],[-70.71203,41.70703],[-70.71423,41.70173],[-70.72272,41.70383],[-70.72748,41.70241],[-70.7232,41.69603],[-70.71745,41.69398],[-70.71491,41.69194],[-70.71836,41.69016],[-70.71505,41.68101],[-70.71559,41.67526],[-70.71983,41.67799],[-70.72154,41.68147],[-70.72939,41.68814],[-70.7396,41.69177],[-70.74435,41.69798],[-70.74887,41.69745],[-70.75535,41.69433],[-70.75243,41.69017],[-70.75172,41.68555],[-70.74911,41.68041],[-70.7434,41.67473],[-70.7451,41.67245],[-70.75077,41.67561],[-70.75243,41.67845],[-70.75838,41.68058],[-70.76384,41.67686],[-70.76186,41.67293],[-70.75671,41.66691],[-70.76236,41.66774],[-70.76194,41.66549],[-70.7582,41.66123],[-70.75706,41.65289],[-70.76242,41.65271],[-70.76218,41.64827],[-70.76646,41.64845],[-70.76836,41.64578],[-70.76546,41.64158],[-70.76932,41.64115],[-70.77365,41.64503],[-70.77671,41.65076],[-70.79083,41.65323],[-70.79522,41.65093],[-70.80235,41.65573],[-70.809,41.65839],[-70.81471,41.65715],[-70.8216,41.65484],[-70.82326,41.64898],[-70.80466,41.64116],[-70.80021,41.63175],[-70.80106,41.62951],[-70.81028,41.62487],[-70.81768,41.62343],[-70.82207,41.62749],[-70.82777,41.62463],[-70.8353,41.62453],[-70.84417,41.62898],[-70.85252,41.62692],[-70.85965,41.62412],[-70.85513,41.62183],[-70.85426,41.61859],[-70.85443,41.61601],[-70.85367,41.61397],[-70.84964,41.61025],[-70.84798,41.60296],[-70.84323,41.59656],[-70.84427,41.59505],[-70.84741,41.5954],[-70.85087,41.59337],[-70.8505,41.59211],[-70.85324,41.5881],[-70.85318,41.58297],[-70.8548,41.58243],[-70.85672,41.58371],[-70.85724,41.5877],[-70.86024,41.59463],[-70.86366,41.59759],[-70.86364,41.60092],[-70.86295,41.60385],[-70.8689,41.61466],[-70.86836,41.62266],[-70.86962,41.62561],[-70.87266,41.62782],[-70.88876,41.63282],[-70.88948,41.63243],[-70.8909,41.62855],[-70.89272,41.62591],[-70.89544,41.6242],[-70.90883,41.62358],[-70.9132,41.61927],[-70.90452,41.61036],[-70.89861,41.59265],[-70.90205,41.59158],[-70.90908,41.5937],[-70.91081,41.59551],[-70.91658,41.60748],[-70.92007,41.61081],[-70.92238,41.61434],[-70.93046,41.61327],[-70.92972,41.60948],[-70.93117,41.60687],[-70.93,41.60044],[-70.92739,41.59406],[-70.93134,41.5842],[-70.93378,41.58043],[-70.93762,41.57748],[-70.93881,41.5777],[-70.93931,41.58023],[-70.94247,41.58154],[-70.94389,41.58602],[-70.94563,41.58659],[-70.95024,41.5846],[-70.9492,41.57905],[-70.94701,41.57272],[-70.93783,41.56524],[-70.93543,41.55567],[-70.93456,41.54875],[-70.92852,41.53978],[-70.94178,41.54012],[-70.9463,41.53756],[-70.94793,41.5298],[-70.95488,41.52757],[-70.95262,41.51812],[-70.9533,41.51501],[-70.9566,41.51546],[-70.95803,41.52169],[-70.96135,41.5297],[-70.96658,41.53166],[-70.97229,41.53077],[-70.98013,41.52756],[-70.98465,41.52045],[-70.98156,41.51368],[-70.98171,41.51007],[-70.98396,41.5089],[-70.99389,41.51126],[-71.00328,41.51191],[-71.01935,41.50886],[-71.02234,41.50435],[-71.03551,41.49905],[-71.03835,41.49218],[-71.03361,41.4868],[-71.03551,41.48164],[-71.03836,41.4811],[-71.04121,41.49054],[-71.04101,41.49753],[-71.04859,41.50266],[-71.05842,41.50597],[-71.07069,41.50888],[-71.08566,41.50929],[-71.09305,41.50421],[-71.10681,41.50247],[-71.1138,41.50011],[-71.11578,41.49651],[-71.12057,41.49745],[-71.1224,41.52216],[-71.13131,41.59231],[-71.13162,41.59392],[-71.1383,41.60405]]],[[[-70.92976,41.42974],[-70.92748,41.43181],[-70.92309,41.43025],[-70.91993,41.42563],[-70.90914,41.42309],[-70.90859,41.42242],[-70.909,41.4216],[-70.91281,41.42173],[-70.91908,41.42338],[-70.92334,41.42246],[-70.92619,41.41979],[-70.92904,41.41559],[-70.93716,41.41209],[-70.949,41.40955],[-70.95095,41.41188],[-70.94918,41.41578],[-70.94374,41.41501],[-70.94123,41.41877],[-70.9411,41.42174],[-70.93701,41.42527],[-70.93236,41.42507],[-70.92976,41.42974]]],[[[-70.87252,41.43936],[-70.86802,41.44235],[-70.86367,41.44254],[-70.8571,41.45025],[-70.85464,41.4486],[-70.85582,41.44058],[-70.85107,41.43595],[-70.84917,41.43541],[-70.84856,41.43284],[-70.85372,41.42851],[-70.85779,41.426],[-70.86266,41.42412],[-70.87122,41.42209],[-70.88441,41.4215],[-70.88937,41.42263],[-70.89605,41.42183],[-70.90235,41.42172],[-70.9055,41.42525],[-70.9036,41.43078],[-70.90101,41.43445],[-70.89457,41.43274],[-70.88758,41.43323],[-70.88221,41.43256],[-70.8803,41.43797],[-70.87252,41.43936]]],[[[-70.92033,41.44889],[-70.92119,41.44539],[-70.92578,41.44958],[-70.92542,41.45173],[-70.92352,41.45437],[-70.92067,41.45455],[-70.91739,41.45234],[-70.91535,41.45248],[-70.91517,41.45103],[-70.92033,41.44889]]],[[[-70.81415,41.26228],[-70.81197,41.26484],[-70.81188,41.26339],[-70.80961,41.2607],[-70.80272,41.25905],[-70.80156,41.25841],[-70.80352,41.25326],[-70.80331,41.25023],[-70.80424,41.24946],[-70.80925,41.24907],[-70.81222,41.24941],[-70.81384,41.25058],[-70.82128,41.25101],[-70.82551,41.25228],[-70.83072,41.25628],[-70.83233,41.25836],[-70.83204,41.2595],[-70.82387,41.25947],[-70.81967,41.26006],[-70.81726,41.26164],[-70.81415,41.26228]]],[[[-70.26295,41.31145],[-70.24655,41.30619],[-70.24281,41.30338],[-70.24187,41.2998],[-70.24025,41.2974],[-70.23982,41.29582],[-70.2425,41.29422],[-70.24329,41.29312],[-70.24262,41.29056],[-70.24274,41.28919],[-70.24432,41.28814],[-70.24767,41.28864],[-70.25254,41.29303],[-70.25595,41.29495],[-70.25966,41.29601],[-70.26155,41.29765],[-70.26862,41.30177],[-70.27665,41.30863],[-70.27726,41.31051],[-70.27665,41.31128],[-70.273,41.31087],[-70.26295,41.31145]]],[[[-70.21171,41.27565],[-70.20173,41.27654],[-70.19389,41.2803],[-70.19175,41.28655],[-70.19579,41.29065],[-70.20221,41.28798],[-70.20743,41.28869],[-70.20569,41.29125],[-70.19912,41.29619],[-70.19341,41.29673],[-70.18699,41.29451],[-70.12446,41.29385],[-70.10961,41.29538],[-70.10442,41.29733],[-70.09214,41.29774],[-70.08207,41.29909],[-70.06257,41.30873],[-70.04609,41.32165],[-70.03133,41.33933],[-70.02442,41.36062],[-70.02403,41.36861],[-70.03464,41.37899],[-70.04152,41.38154],[-70.04559,41.3836],[-70.04956,41.3879],[-70.04905,41.3917],[-70.04274,41.38931],[-70.02038,41.36901],[-69.96028,41.27873],[-69.96018,41.26455],[-69.96413,41.25538],[-69.96809,41.25098],[-69.97498,41.24653],[-70.0016,41.23992],[-70.01523,41.23796],[-70.05318,41.24403],[-70.08349,41.24477],[-70.0924,41.24332],[-70.10049,41.24055],[-70.11867,41.24235],[-70.17036,41.25743],[-70.22134,41.27704],[-70.23714,41.28512],[-70.23405,41.28565],[-70.22122,41.2819],[-70.21504,41.27958],[-70.21171,41.27565]]],[[[-70.28933,41.33502],[-70.29086,41.33366],[-70.307,41.33239],[-70.30925,41.33458],[-70.3081,41.33768],[-70.30432,41.33842],[-70.2972,41.33768],[-70.29203,41.33779],[-70.28972,41.33632],[-70.28933,41.33502]]],[[[-70.80809,41.35576],[-70.80029,41.3538],[-70.78329,41.34783],[-70.77497,41.34918],[-70.7689,41.35325],[-70.75864,41.36695],[-70.74909,41.37519],[-70.74507,41.37659],[-70.74043,41.38278],[-70.73698,41.39153],[-70.73186,41.3978],[-70.72922,41.39773],[-70.72437,41.39894],[-70.71971,41.40466],[-70.71243,41.40885],[-70.71149,41.41546],[-70.7094,41.41866],[-70.70656,41.4192],[-70.70572,41.42402],[-70.70138,41.43093],[-70.70096,41.43401],[-70.69793,41.43559],[-70.69548,41.43501],[-70.68992,41.43684],[-70.68688,41.44133],[-70.68416,41.44194],[-70.67925,41.4406],[-70.67186,41.44236],[-70.66954,41.44717],[-70.66592,41.45109],[-70.66508,41.45623],[-70.65965,41.46068],[-70.64933,41.46107],[-70.64215,41.46232],[-70.63218,41.4675],[-70.62002,41.47459],[-70.60356,41.48238],[-70.59844,41.48115],[-70.5958,41.46873],[-70.59984,41.46143],[-70.59984,41.45858],[-70.59913,41.45537],[-70.59652,41.45412],[-70.592,41.4559],[-70.58844,41.46],[-70.58368,41.46071],[-70.57485,41.46826],[-70.56736,41.47121],[-70.56328,41.46913],[-70.55328,41.45296],[-70.55294,41.44339],[-70.55559,41.43088],[-70.5531,41.42395],[-70.54757,41.41583],[-70.5383,41.40924],[-70.52858,41.4051],[-70.51758,41.40377],[-70.50698,41.40024],[-70.50237,41.392],[-70.50131,41.38539],[-70.49896,41.38434],[-70.49076,41.38363],[-70.4845,41.38629],[-70.47839,41.3921],[-70.47169,41.3962],[-70.4726,41.39913],[-70.47303,41.40876],[-70.47079,41.41287],[-70.46383,41.41915],[-70.4525,41.42143],[-70.45043,41.4207],[-70.44623,41.39648],[-70.44927,41.38042],[-70.44826,41.35365],[-70.45224,41.34983],[-70.46329,41.34748],[-70.48243,41.3484],[-70.49503,41.34751],[-70.57917,41.35001],[-70.6488,41.34697],[-70.69111,41.3443],[-70.70983,41.34172],[-70.73325,41.33623],[-70.74249,41.3328],[-70.74754,41.32995],[-70.74839,41.32681],[-70.75408,41.32489],[-70.76419,41.31871],[-70.76802,41.31196],[-70.76617,41.30896],[-70.76869,41.3037],[-70.77567,41.30098],[-70.80208,41.31421],[-70.81942,41.32721],[-70.83878,41.34721],[-70.8338,41.35339],[-70.81985,41.35358],[-70.81231,41.35574],[-70.80809,41.35576]]],[[[-70.82059,41.45851],[-70.81233,41.45323],[-70.80829,41.44949],[-70.80995,41.44664],[-70.80805,41.44504],[-70.81011,41.44369],[-70.81447,41.44593],[-70.82288,41.44531],[-70.83087,41.44129],[-70.83687,41.44197],[-70.84156,41.44913],[-70.84037,41.45287],[-70.8382,41.45601],[-70.83251,41.45795],[-70.82857,41.45673],[-70.82268,41.45678],[-70.82059,41.45851]]],[[[-70.79245,41.46929],[-70.78904,41.47193],[-70.78701,41.47669],[-70.78415,41.47796],[-70.77982,41.47707],[-70.77549,41.4771],[-70.77139,41.48178],[-70.77035,41.48495],[-70.76799,41.48779],[-70.76175,41.48808],[-70.75719,41.49099],[-70.7549,41.49102],[-70.75006,41.49544],[-70.74715,41.49989],[-70.7434,41.50096],[-70.7376,41.50426],[-70.73017,41.50318],[-70.72209,41.50927],[-70.71879,41.51287],[-70.71022,41.51891],[-70.70723,41.51995],[-70.70252,41.51964],[-70.70062,41.52178],[-70.69824,41.52089],[-70.70038,41.51733],[-70.69943,41.51359],[-70.69444,41.51395],[-70.69206,41.51252],[-70.68731,41.51235],[-70.68279,41.51431],[-70.67828,41.51733],[-70.67685,41.5168],[-70.67519,41.51395],[-70.67471,41.51235],[-70.67723,41.50975],[-70.68156,41.50727],[-70.68554,41.50667],[-70.68989,41.50453],[-70.69373,41.50683],[-70.698,41.50452],[-70.70205,41.50398],[-70.70704,41.50149],[-70.70609,41.49811],[-70.70454,41.49681],[-70.70989,41.49366],[-70.71227,41.49063],[-70.72231,41.48828],[-70.72575,41.48843],[-70.73437,41.48689],[-70.73958,41.48237],[-70.7472,41.47781],[-70.75671,41.47906],[-70.7598,41.47692],[-70.76099,41.473],[-70.75719,41.47069],[-70.75566,41.46715],[-70.75814,41.46303],[-70.76113,41.46111],[-70.76643,41.46053],[-70.76788,41.45768],[-70.77631,41.45766],[-70.78443,41.45033],[-70.7904,41.44653],[-70.79608,41.44679],[-70.8,41.44617],[-70.8052,41.45038],[-70.80662,41.45501],[-70.8071,41.45858],[-70.80258,41.45929],[-70.80197,41.46191],[-70.80296,41.46487],[-70.80172,41.46728],[-70.79835,41.46881],[-70.79245,41.46929]]],[[[-70.83,41.60454],[-70.82404,41.59955],[-70.82553,41.59634],[-70.82351,41.59175],[-70.81844,41.59084],[-70.8189,41.58933],[-70.82178,41.58707],[-70.82207,41.58355],[-70.82314,41.58286],[-70.82955,41.5846],[-70.83513,41.59087],[-70.83845,41.59646],[-70.83573,41.60235],[-70.83479,41.60265],[-70.83276,41.60151],[-70.83155,41.602],[-70.83149,41.60422],[-70.83096,41.6047],[-70.83,41.60454]]]]}},{"id":"3","type":"Feature","properties":{"district":"04","name":"Congressional District 4"},"geometry":{"type":"Polygon","coordinates":[[[-71.59265,42.12172],[-71.57341,42.13579],[-71.57,42.13918],[-71.57159,42.14237],[-71.5714,42.15185],[-71.56095,42.15832],[-71.5635,42.16068],[-71.56385,42.16217],[-71.56347,42.16329],[-71.56444,42.1642],[-71.56429,42.16596],[-71.56284,42.16784],[-71.55981,42.16711],[-71.56015,42.16803],[-71.56123,42.16779],[-71.56055,42.16874],[-71.56233,42.17145],[-71.56327,42.17197],[-71.56258,42.1727],[-71.56252,42.1741],[-71.56174,42.17471],[-71.56202,42.17861],[-71.55883,42.17884],[-71.55719,42.17834],[-71.55594,42.17725],[-71.5549,42.17811],[-71.55371,42.17824],[-71.55253,42.17741],[-71.55167,42.17857],[-71.55201,42.17977],[-71.55382,42.18183],[-71.55581,42.18208],[-71.55574,42.1825],[-71.5395,42.18973],[-71.50689,42.18893],[-71.50263,42.19142],[-71.49738,42.16664],[-71.47803,42.16587],[-71.47852,42.13138],[-71.44269,42.13578],[-71.44143,42.13483],[-71.43863,42.13518],[-71.43619,42.13432],[-71.43457,42.13433],[-71.43475,42.13559],[-71.4338,42.13516],[-71.4335,42.13565],[-71.43386,42.13597],[-71.43279,42.13714],[-71.43023,42.13901],[-71.42785,42.13811],[-71.42438,42.13905],[-71.41922,42.13897],[-71.41904,42.13832],[-71.42054,42.13754],[-71.41932,42.13745],[-71.41885,42.1364],[-71.4151,42.13826],[-71.41471,42.13734],[-71.41583,42.13563],[-71.41437,42.13415],[-71.41269,42.1336],[-71.41133,42.13441],[-71.41005,42.13399],[-71.40863,42.13432],[-71.405,42.13679],[-71.40326,42.13913],[-71.40234,42.13954],[-71.39909,42.13877],[-71.3971,42.13732],[-71.38499,42.13528],[-71.3821,42.13555],[-71.3828,42.13503],[-71.38293,42.13421],[-71.38207,42.13378],[-71.38328,42.13349],[-71.38272,42.13314],[-71.38194,42.13346],[-71.3811,42.13287],[-71.37953,42.13314],[-71.37924,42.13361],[-71.38004,42.13459],[-71.37958,42.13576],[-71.37562,42.13545],[-71.40229,42.17879],[-71.40443,42.18843],[-71.38477,42.19201],[-71.38018,42.20176],[-71.38821,42.2043],[-71.38849,42.208],[-71.39171,42.20974],[-71.39392,42.20709],[-71.39734,42.20789],[-71.39703,42.20857],[-71.39753,42.2103],[-71.40358,42.21429],[-71.40371,42.21486],[-71.40195,42.21542],[-71.40733,42.21816],[-71.40796,42.21766],[-71.40826,42.21845],[-71.41002,42.21875],[-71.41009,42.21982],[-71.40861,42.22111],[-71.40895,42.22296],[-71.40968,42.22401],[-71.40905,42.22458],[-71.41007,42.22656],[-71.41254,42.22817],[-71.41304,42.22964],[-71.41266,42.23101],[-71.41339,42.23257],[-71.41336,42.23456],[-71.41649,42.23668],[-71.41726,42.23789],[-71.42007,42.23812],[-71.4183,42.2465],[-71.4193,42.25728],[-71.39777,42.26153],[-71.39037,42.27192],[-71.37683,42.26949],[-71.35691,42.26349],[-71.35645,42.26249],[-71.35714,42.26188],[-71.35649,42.26102],[-71.35669,42.25998],[-71.35623,42.25923],[-71.35444,42.25863],[-71.3544,42.25769],[-71.35368,42.25679],[-71.34841,42.2547],[-71.34178,42.25354],[-71.34246,42.25046],[-71.33291,42.24784],[-71.33243,42.24773],[-71.3325,42.24907],[-71.30292,42.24827],[-71.30846,42.27071],[-71.30803,42.27181],[-71.30901,42.27334],[-71.3093,42.27638],[-71.30464,42.27836],[-71.30248,42.28016],[-71.30031,42.2829],[-71.29822,42.28176],[-71.29711,42.28198],[-71.29755,42.28354],[-71.29422,42.28553],[-71.29285,42.28847],[-71.29169,42.2894],[-71.29117,42.2932],[-71.28832,42.29583],[-71.28797,42.29598],[-71.2869,42.2947],[-71.28127,42.29228],[-71.27917,42.29205],[-71.27526,42.29473],[-71.27606,42.29671],[-71.27926,42.29884],[-71.27779,42.29904],[-71.27579,42.30022],[-71.26437,42.30018],[-71.26835,42.30238],[-71.27282,42.30383],[-71.272,42.30469],[-71.273,42.30579],[-71.27512,42.30502],[-71.27803,42.30676],[-71.27859,42.30831],[-71.27615,42.31064],[-71.27712,42.31198],[-71.27381,42.31391],[-71.27192,42.31431],[-71.26622,42.31478],[-71.26052,42.31411],[-71.24663,42.31573],[-71.24744,42.3175],[-71.24678,42.31764],[-71.24702,42.31827],[-71.24594,42.32026],[-71.24615,42.32101],[-71.24735,42.32138],[-71.24876,42.32345],[-71.24994,42.32386],[-71.25175,42.32612],[-71.25357,42.32673],[-71.25489,42.32513],[-71.25782,42.32451],[-71.25956,42.32667],[-71.26195,42.32665],[-71.26354,42.32602],[-71.2661,42.32739],[-71.26956,42.32778],[-71.27026,42.32856],[-71.26976,42.32976],[-71.27029,42.33086],[-71.26977,42.33118],[-71.26782,42.33058],[-71.26567,42.33127],[-71.26441,42.33447],[-71.26314,42.3349],[-71.25993,42.33483],[-71.2592,42.33542],[-71.25896,42.33658],[-71.25569,42.33929],[-71.25589,42.34011],[-71.25686,42.34065],[-71.25825,42.34119],[-71.26104,42.341],[-71.26188,42.34187],[-71.26124,42.34428],[-71.25976,42.34611],[-71.26031,42.34819],[-71.25862,42.34936],[-71.25915,42.35172],[-71.26036,42.35366],[-71.25647,42.35491],[-71.25636,42.35401],[-71.25573,42.35375],[-71.25403,42.35477],[-71.25315,42.3559],[-71.23468,42.36138],[-71.21706,42.36657],[-71.21634,42.36585],[-71.21451,42.36568],[-71.21126,42.36429],[-71.20994,42.36413],[-71.20881,42.36458],[-71.20746,42.3641],[-71.2051,42.36575],[-71.20203,42.36582],[-71.19832,42.3674],[-71.19648,42.36702],[-71.19542,42.36783],[-71.19477,42.36687],[-71.19222,42.36542],[-71.1963,42.3618],[-71.18368,42.35883],[-71.18213,42.36068],[-71.17824,42.35957],[-71.17527,42.35927],[-71.16763,42.36007],[-71.17392,42.35346],[-71.17485,42.35034],[-71.16668,42.3401],[-71.16681,42.33929],[-71.16922,42.33807],[-71.16889,42.33583],[-71.16756,42.33344],[-71.16129,42.33378],[-71.15932,42.33277],[-71.15704,42.33039],[-71.14985,42.33463],[-71.15046,42.33497],[-71.15006,42.33539],[-71.1483,42.33581],[-71.14874,42.33687],[-71.14616,42.33744],[-71.14661,42.33854],[-71.14421,42.34002],[-71.14194,42.34001],[-71.14133,42.34105],[-71.13528,42.34594],[-71.12928,42.34907],[-71.12858,42.34983],[-71.12685,42.35009],[-71.12407,42.35155],[-71.12294,42.35142],[-71.12286,42.35186],[-71.10657,42.34991],[-71.10721,42.34705],[-71.10552,42.34381],[-71.10955,42.34149],[-71.11058,42.34044],[-71.11156,42.33738],[-71.11053,42.33533],[-71.11321,42.33246],[-71.11357,42.33047],[-71.11504,42.32731],[-71.11597,42.32638],[-71.11654,42.32394],[-71.11944,42.32274],[-71.12153,42.32388],[-71.12371,42.32272],[-71.13186,42.31318],[-71.1365,42.3062],[-71.1401,42.30217],[-71.14688,42.29728],[-71.15211,42.29459],[-71.1647,42.30383],[-71.17864,42.2946],[-71.19125,42.28299],[-71.19075,42.28184],[-71.18821,42.28044],[-71.19712,42.26895],[-71.19979,42.2677],[-71.20502,42.26706],[-71.20573,42.26757],[-71.20805,42.26785],[-71.21093,42.2673],[-71.21456,42.2677],[-71.21797,42.26868],[-71.21868,42.26539],[-71.21988,42.26353],[-71.22157,42.26343],[-71.22319,42.2627],[-71.22566,42.26413],[-71.22728,42.26391],[-71.22868,42.26431],[-71.22946,42.26391],[-71.23035,42.26136],[-71.23229,42.25843],[-71.23224,42.2569],[-71.25142,42.20261],[-71.25412,42.2028],[-71.25819,42.20407],[-71.26105,42.2041],[-71.26371,42.20333],[-71.26752,42.20094],[-71.26957,42.2005],[-71.27567,42.18167],[-71.27502,42.14862],[-71.30375,42.1495],[-71.30322,42.14844],[-71.30234,42.14903],[-71.30196,42.14817],[-71.30082,42.14809],[-71.30087,42.1475],[-71.30012,42.14718],[-71.30068,42.14625],[-71.30012,42.14573],[-71.3007,42.14507],[-71.29985,42.14376],[-71.30051,42.14287],[-71.29941,42.14177],[-71.29972,42.14085],[-71.29895,42.14042],[-71.29909,42.13886],[-71.30032,42.13866],[-71.30135,42.13777],[-71.30138,42.13719],[-71.30219,42.13687],[-71.30176,42.13663],[-71.29894,42.1265],[-71.30022,42.12591],[-71.29715,42.12051],[-71.2959,42.11661],[-71.28027,42.08849],[-71.27174,42.09844],[-71.25535,42.10413],[-71.2533,42.10534],[-71.2388,42.1064],[-71.23892,42.11222],[-71.23799,42.1129],[-71.23942,42.11551],[-71.23845,42.11775],[-71.23913,42.11883],[-71.23912,42.12],[-71.2399,42.12083],[-71.23329,42.12341],[-71.23317,42.123],[-71.2311,42.1233],[-71.23331,42.12596],[-71.23347,42.12857],[-71.23187,42.13163],[-71.2304,42.13257],[-71.22783,42.13308],[-71.22599,42.13541],[-71.18689,42.15326],[-71.18869,42.16113],[-71.18661,42.16149],[-71.1828,42.16329],[-71.18131,42.16552],[-71.18018,42.1655],[-71.1798,42.16498],[-71.17902,42.16528],[-71.17919,42.1659],[-71.17797,42.16566],[-71.17801,42.16396],[-71.17576,42.1556],[-71.17637,42.15536],[-71.17199,42.15152],[-71.1622,42.14528],[-71.16354,42.14146],[-71.14917,42.13861],[-71.15017,42.13585],[-71.14976,42.13363],[-71.14854,42.13116],[-71.14821,42.12812],[-71.14602,42.12537],[-71.1391,42.12024],[-71.13577,42.11349],[-71.13358,42.11118],[-71.13166,42.10597],[-71.13129,42.10074],[-71.13586,42.09072],[-71.13766,42.08865],[-71.13943,42.08487],[-71.13873,42.08369],[-71.13959,42.08128],[-71.13947,42.07829],[-71.13846,42.07656],[-71.13902,42.07483],[-71.13861,42.07278],[-71.16868,42.06116],[-71.15645,42.00104],[-71.10203,41.99335],[-71.07035,41.98784],[-71.07069,41.98565],[-71.06974,41.98111],[-71.06631,41.97804],[-71.06103,41.97888],[-71.06041,41.97372],[-71.06373,41.97325],[-71.0617,41.97042],[-71.06167,41.96823],[-71.06366,41.96815],[-71.0636,41.9671],[-71.0616,41.96701],[-71.06145,41.9644],[-71.06791,41.96319],[-71.07032,41.95407],[-71.07351,41.95485],[-71.07385,41.94878],[-71.07452,41.94747],[-71.08549,41.94174],[-71.07981,41.93845],[-71.07289,41.94899],[-71.06033,41.94512],[-71.05672,41.9431],[-71.05341,41.94049],[-71.05108,41.93383],[-71.04718,41.93393],[-71.04619,41.93616],[-71.04095,41.93508],[-71.03788,41.93356],[-71.03715,41.93226],[-71.03604,41.93309],[-71.03472,41.93236],[-71.03809,41.92679],[-71.03506,41.92447],[-71.03565,41.92366],[-71.02828,41.92254],[-71.01884,41.92426],[-71.01637,41.92037],[-71.01569,41.91772],[-71.01334,41.91324],[-71.01346,41.91082],[-71.01119,41.907],[-71.00571,41.90938],[-71.00478,41.91026],[-71.00537,41.91475],[-71.00348,41.91736],[-71.001,41.91767],[-71.00109,41.91881],[-70.99749,41.91844],[-70.99713,41.91668],[-70.99582,41.91524],[-70.99452,41.91494],[-70.99431,41.916],[-70.99367,41.91646],[-70.99203,41.91575],[-70.99098,41.91006],[-70.99158,41.90807],[-70.99315,41.90644],[-70.99293,41.90623],[-70.99185,41.90608],[-70.99059,41.90669],[-70.98784,41.90568],[-70.98487,41.90745],[-70.98349,41.90601],[-70.98111,41.90497],[-70.9801,41.90361],[-70.97874,41.90389],[-70.97628,41.90115],[-70.9725,41.90133],[-70.97196,41.90173],[-70.96713,41.90125],[-70.96476,41.89939],[-70.96334,41.89639],[-70.91921,41.87902],[-70.91641,41.87692],[-70.91633,41.87257],[-70.91462,41.87208],[-70.91297,41.87024],[-70.91674,41.86717],[-70.91504,41.86631],[-70.91599,41.86581],[-70.91469,41.86527],[-70.91535,41.86441],[-70.91351,41.86386],[-70.9146,41.86352],[-70.91445,41.86213],[-70.91288,41.86173],[-70.91345,41.86068],[-70.91432,41.86059],[-70.91454,41.85959],[-70.91626,41.85993],[-70.91775,41.85872],[-70.91681,41.8572],[-70.91713,41.85578],[-70.9189,41.85273],[-70.91871,41.85194],[-70.89397,41.82888],[-70.89345,41.8279],[-70.89864,41.81488],[-70.8964,41.79432],[-70.92179,41.79126],[-70.90718,41.76354],[-70.92632,41.75885],[-70.92615,41.75702],[-70.92222,41.75484],[-71.06663,41.68562],[-71.10569,41.6928],[-71.11441,41.6928],[-71.11897,41.68063],[-71.13276,41.63643],[-71.13419,41.634],[-71.13405,41.63202],[-71.13306,41.63072],[-71.1354,41.62565],[-71.13835,41.60368],[-71.14031,41.60488],[-71.14093,41.60776],[-71.14148,41.61561],[-71.14019,41.62387],[-71.13531,41.62849],[-71.13256,41.66036],[-71.17609,41.66824],[-71.17578,41.67149],[-71.19548,41.67509],[-71.22625,41.71255],[-71.26107,41.75208],[-71.3279,41.7805],[-71.3291,41.78272],[-71.3294,41.7826],[-71.32943,41.78827],[-71.33026,41.78862],[-71.3322,41.7923],[-71.3339,41.7945],[-71.33576,41.79552],[-71.33722,41.79548],[-71.339,41.79617],[-71.34022,41.79761],[-71.33984,41.79775],[-71.34004,41.79822],[-71.3407,41.79831],[-71.34079,41.80008],[-71.3393,41.8044],[-71.3389,41.8083],[-71.3472,41.8231],[-71.34495,41.82788],[-71.3352,41.8355],[-71.3418,41.84371],[-71.3422,41.8448],[-71.334,41.8623],[-71.3408,41.8816],[-71.3387,41.8984],[-71.38146,41.89355],[-71.3814,42.0188],[-71.49826,42.01727],[-71.52758,42.0151],[-71.5911,42.01377],[-71.59265,42.12172]]]}},{"id":"7","type":"Feature","properties":{"district":"08","name":"Congressional District 8"},"geometry":{"type":"MultiPolygon","coordinates":[[[[-71.30376,42.14941],[-71.27502,42.14862],[-71.27567,42.18167],[-71.26957,42.2005],[-71.26752,42.20094],[-71.26371,42.20333],[-71.26105,42.2041],[-71.25819,42.20407],[-71.25412,42.2028],[-71.25142,42.20261],[-71.23224,42.2569],[-71.23229,42.25843],[-71.23035,42.26136],[-71.22933,42.26404],[-71.22566,42.26413],[-71.22319,42.2627],[-71.22157,42.26343],[-71.21988,42.26353],[-71.21868,42.26539],[-71.21797,42.26868],[-71.21456,42.2677],[-71.21093,42.2673],[-71.20805,42.26785],[-71.20573,42.26757],[-71.20502,42.26706],[-71.19979,42.2677],[-71.19712,42.26895],[-71.18821,42.28044],[-71.19075,42.28184],[-71.19125,42.28299],[-71.17864,42.2946],[-71.1647,42.30383],[-71.15211,42.29459],[-71.14688,42.29728],[-71.1401,42.30217],[-71.1365,42.3062],[-71.13186,42.31318],[-71.12371,42.32272],[-71.12153,42.32388],[-71.11954,42.32274],[-71.11944,42.3216],[-71.11851,42.32126],[-71.1156,42.32107],[-71.10845,42.32239],[-71.10529,42.31936],[-71.10398,42.31998],[-71.10294,42.3193],[-71.10447,42.31702],[-71.10661,42.31174],[-71.11841,42.29341],[-71.12129,42.2952],[-71.12217,42.29456],[-71.12714,42.28916],[-71.12596,42.28848],[-71.12737,42.2871],[-71.14031,42.27543],[-71.15112,42.26667],[-71.15468,42.2693],[-71.15864,42.26957],[-71.16042,42.26682],[-71.15846,42.26531],[-71.15694,42.26082],[-71.15603,42.2608],[-71.15504,42.26185],[-71.15162,42.25906],[-71.15108,42.25933],[-71.15251,42.26047],[-71.15196,42.26081],[-71.15001,42.25945],[-71.15212,42.25825],[-71.14664,42.25576],[-71.14268,42.236],[-71.13077,42.22793],[-71.1148,42.21265],[-71.04012,42.13719],[-71.03509,42.13563],[-71.02756,42.15632],[-71.02162,42.17017],[-71.02243,42.17055],[-71.0213,42.17341],[-71.02161,42.1741],[-71.02082,42.17502],[-71.02113,42.1759],[-71.02057,42.17656],[-71.02063,42.17757],[-71.01988,42.17794],[-71.01999,42.17851],[-71.01955,42.17879],[-71.02017,42.17962],[-71.02016,42.18097],[-71.01969,42.18126],[-71.01994,42.1819],[-71.01946,42.18379],[-71.01899,42.18406],[-71.01947,42.18465],[-71.01913,42.18685],[-71.02959,42.19153],[-71.04727,42.19459],[-71.04949,42.20667],[-71.05306,42.20569],[-71.06039,42.20631],[-71.07331,42.20422],[-71.07447,42.20422],[-71.07514,42.20474],[-71.08075,42.20495],[-71.08273,42.20429],[-71.09319,42.21394],[-71.08016,42.21886],[-71.07867,42.22023],[-71.07664,42.22112],[-71.08024,42.22403],[-71.07906,42.2249],[-71.08482,42.22962],[-71.08958,42.23616],[-71.09189,42.23702],[-71.09331,42.23867],[-71.09359,42.24128],[-71.09291,42.24405],[-71.09353,42.24557],[-71.09351,42.25692],[-71.08747,42.25838],[-71.08698,42.25796],[-71.08434,42.25925],[-71.0812,42.25837],[-71.08057,42.26068],[-71.07894,42.26357],[-71.07619,42.26716],[-71.0733,42.26924],[-71.07326,42.27032],[-71.07204,42.27082],[-71.06978,42.27061],[-71.06814,42.271],[-71.06802,42.27222],[-71.06953,42.27257],[-71.07009,42.2737],[-71.0722,42.275],[-71.07208,42.27567],[-71.0696,42.27575],[-71.06944,42.27629],[-71.06789,42.27643],[-71.06752,42.2777],[-71.0665,42.2779],[-71.0643,42.2857],[-71.05535,42.28824],[-71.05729,42.29165],[-71.05692,42.29398],[-71.05882,42.29353],[-71.05917,42.2944],[-71.05832,42.29464],[-71.05888,42.29568],[-71.05646,42.29637],[-71.05682,42.29792],[-71.05904,42.30033],[-71.05704,42.30058],[-71.05595,42.30137],[-71.05351,42.31049],[-71.0556,42.31097],[-71.05498,42.31233],[-71.05602,42.31286],[-71.05888,42.31277],[-71.05938,42.31104],[-71.06118,42.31152],[-71.06233,42.31213],[-71.06211,42.3126],[-71.06348,42.31317],[-71.06326,42.31369],[-71.06237,42.31333],[-71.06088,42.31513],[-71.06002,42.31474],[-71.05883,42.3186],[-71.0596,42.31887],[-71.05988,42.31797],[-71.06167,42.31838],[-71.06272,42.31601],[-71.06875,42.31859],[-71.06665,42.32585],[-71.06101,42.33478],[-71.06159,42.33858],[-71.0605,42.34022],[-71.06026,42.3424],[-71.05995,42.34232],[-71.05814,42.34565],[-71.05447,42.34678],[-71.05477,42.34725],[-71.04959,42.3545],[-71.05106,42.35513],[-71.05532,42.3526],[-71.05625,42.3529],[-71.05801,42.35235],[-71.06257,42.3524],[-71.06252,42.35328],[-71.06423,42.35339],[-71.06456,42.35238],[-71.06753,42.35251],[-71.07106,42.3518],[-71.08375,42.34838],[-71.08751,42.35556],[-71.07733,42.35908],[-71.07609,42.36038],[-71.07479,42.36377],[-71.06948,42.36905],[-71.06392,42.36902],[-71.06299,42.36839],[-71.05979,42.36877],[-71.055,42.3707],[-71.05262,42.3707],[-71.05225,42.3692],[-71.05048,42.36807],[-71.04967,42.3566],[-71.0139,42.34168],[-71.01093,42.33966],[-71.01018,42.33756],[-71.01566,42.33052],[-71.02415,42.33316],[-71.0347,42.32876],[-71.04233,42.33014],[-71.04765,42.32809],[-71.04743,42.32343],[-71.0331,42.31612],[-71.03278,42.31347],[-71.03689,42.31051],[-71.0379,42.31043],[-71.04096,42.31215],[-71.04233,42.31169],[-71.04249,42.30974],[-71.04483,42.30919],[-71.04762,42.30338],[-71.04449,42.3015],[-71.04679,42.29811],[-71.0437,42.2929],[-71.03988,42.29245],[-71.03797,42.28867],[-71.03931,42.28549],[-71.03726,42.28414],[-71.03281,42.2863],[-71.03211,42.28856],[-71.03337,42.29004],[-71.03905,42.30014],[-71.0368,42.30139],[-71.02584,42.2997],[-71.0233,42.29795],[-71.02337,42.29447],[-71.02152,42.29435],[-71.01425,42.30057],[-71.0139,42.30343],[-71.01081,42.30451],[-71.0091,42.30226],[-71.00131,42.30345],[-70.99491,42.30539],[-70.99047,42.30802],[-70.98743,42.30608],[-70.99025,42.30407],[-71.00521,42.3006],[-71.00611,42.29713],[-71.00462,42.29448],[-71.01277,42.29019],[-71.02021,42.29049],[-71.02231,42.28819],[-71.01614,42.27984],[-70.99834,42.27241],[-70.996,42.26684],[-70.98528,42.26435],[-70.98071,42.26532],[-70.97336,42.26301],[-70.96488,42.26897],[-70.95622,42.27079],[-70.9541,42.27479],[-70.95572,42.27942],[-70.95489,42.28047],[-70.95319,42.27985],[-70.94928,42.27421],[-70.95045,42.2673],[-70.95217,42.26406],[-70.95118,42.26127],[-70.9518,42.26056],[-70.95936,42.2626],[-70.96211,42.26074],[-70.9638,42.26092],[-70.96543,42.25969],[-70.96581,42.25776],[-70.9602,42.25577],[-70.95839,42.25669],[-70.95727,42.25499],[-70.96019,42.25188],[-70.9624,42.24835],[-70.96213,42.24641],[-70.9595,42.24533],[-70.95746,42.24734],[-70.95537,42.24739],[-70.94317,42.2521],[-70.93616,42.25682],[-70.92723,42.25738],[-70.92483,42.26334],[-70.9259,42.26917],[-70.91824,42.27186],[-70.90942,42.26829],[-70.90752,42.26231],[-70.90388,42.26243],[-70.89982,42.26115],[-70.89587,42.26266],[-70.89378,42.26232],[-70.89386,42.26109],[-70.89588,42.25985],[-70.89675,42.25756],[-70.89837,42.25723],[-70.89789,42.256],[-70.89286,42.25341],[-70.89002,42.24917],[-70.88427,42.24555],[-70.87775,42.24842],[-70.87553,42.25686],[-70.87876,42.25896],[-70.8828,42.26811],[-70.89017,42.2762],[-70.90206,42.28041],[-70.90324,42.28133],[-70.90152,42.28269],[-70.89397,42.28148],[-70.8847,42.27778],[-70.87829,42.27831],[-70.87947,42.282],[-70.88304,42.28816],[-70.88684,42.29255],[-70.88732,42.29765],[-70.89326,42.29871],[-70.90395,42.3017],[-70.91037,42.29906],[-70.91559,42.30246],[-70.92344,42.3024],[-70.92392,42.30503],[-70.91749,42.30569],[-70.90756,42.30789],[-70.89586,42.30593],[-70.88946,42.31048],[-70.88268,42.31039],[-70.88124,42.30066],[-70.87087,42.28567],[-70.86181,42.27596],[-70.85109,42.26827],[-70.83107,42.26742],[-70.82466,42.26593],[-70.82564,42.26463],[-70.82699,42.26437],[-70.83624,42.26466],[-70.83864,42.2635],[-70.84063,42.26099],[-70.84463,42.26043],[-70.84729,42.2541],[-70.84889,42.2523],[-70.84822,42.24867],[-70.84928,42.24733],[-70.84124,42.24455],[-70.84115,42.24335],[-70.85338,42.23961],[-70.8408,42.21312],[-70.82702,42.20079],[-70.83886,42.19481],[-70.85216,42.19046],[-70.87025,42.18247],[-70.89352,42.16981],[-70.94077,42.15136],[-70.93149,42.11655],[-70.90241,42.0859],[-70.91296,42.08442],[-70.90755,42.0588],[-70.89973,42.0253],[-70.89742,42.02494],[-70.89765,42.02422],[-70.89662,42.02329],[-70.89957,42.00297],[-70.89919,41.99637],[-70.90337,41.99663],[-70.90844,41.99616],[-70.91068,41.99693],[-70.91283,41.99701],[-70.91734,42.00226],[-70.91739,42.00464],[-70.91855,42.00593],[-70.92067,42.00726],[-70.92536,42.00891],[-70.93045,42.00781],[-70.93539,42.00783],[-70.94299,42.00654],[-70.95366,42.00585],[-70.97959,42.011],[-70.97879,42.0074],[-70.99061,42.00391],[-71.00272,41.99805],[-71.05418,41.98272],[-71.05472,41.98506],[-71.05539,41.98518],[-71.10203,41.99335],[-71.15645,42.00104],[-71.16868,42.06116],[-71.13861,42.07278],[-71.13902,42.07483],[-71.13846,42.07656],[-71.13947,42.07829],[-71.13959,42.08128],[-71.13873,42.08369],[-71.13943,42.08487],[-71.13766,42.08865],[-71.13581,42.09082],[-71.13113,42.10179],[-71.13174,42.10655],[-71.13349,42.11099],[-71.13577,42.11349],[-71.1386,42.11955],[-71.14061,42.12155],[-71.14602,42.12537],[-71.14821,42.12812],[-71.14854,42.13116],[-71.14976,42.13363],[-71.15017,42.13585],[-71.14917,42.13861],[-71.16354,42.14146],[-71.1622,42.14528],[-71.17199,42.15152],[-71.17637,42.15536],[-71.17576,42.1556],[-71.17801,42.16396],[-71.1779,42.16557],[-71.17919,42.1659],[-71.17902,42.16528],[-71.1798,42.16498],[-71.18018,42.1655],[-71.18131,42.16552],[-71.1828,42.16329],[-71.18661,42.16149],[-71.18869,42.16113],[-71.18689,42.15326],[-71.22599,42.13541],[-71.22783,42.13308],[-71.2304,42.13257],[-71.23194,42.13156],[-71.23347,42.12857],[-71.23331,42.12596],[-71.2311,42.1233],[-71.23317,42.123],[-71.23329,42.12341],[-71.2399,42.12083],[-71.23912,42.12],[-71.23913,42.11883],[-71.23845,42.11775],[-71.23942,42.11551],[-71.23799,42.1129],[-71.23892,42.11222],[-71.2388,42.1064],[-71.2533,42.10534],[-71.25535,42.10413],[-71.27174,42.09844],[-71.28027,42.08849],[-71.2959,42.11661],[-71.29715,42.12051],[-71.30022,42.12591],[-71.29894,42.1265],[-71.30176,42.13663],[-71.30219,42.13687],[-71.30138,42.13719],[-71.30135,42.13777],[-71.30032,42.13866],[-71.29909,42.13886],[-71.29895,42.14042],[-71.29972,42.14085],[-71.29941,42.14177],[-71.30051,42.14287],[-71.29985,42.14376],[-71.3007,42.14507],[-71.30012,42.14573],[-71.30068,42.14625],[-71.30012,42.14718],[-71.30087,42.1475],[-71.30082,42.14809],[-71.30196,42.14817],[-71.30234,42.14903],[-71.30322,42.14844],[-71.30376,42.14941]]],[[[-70.97002,42.35528],[-70.96726,42.35707],[-70.96237,42.35498],[-70.9586,42.35551],[-70.95329,42.3497],[-70.95302,42.34397],[-70.96005,42.34651],[-70.97002,42.35528]]],[[[-70.92638,42.30141],[-70.92664,42.2992],[-70.93,42.29681],[-70.93531,42.29193],[-70.93733,42.28492],[-70.94256,42.28752],[-70.94902,42.28595],[-70.95108,42.28973],[-70.94864,42.29164],[-70.94165,42.29221],[-70.9357,42.29652],[-70.93527,42.3021],[-70.92936,42.30332],[-70.92638,42.30141]]],[[[-70.95429,42.30865],[-70.95784,42.30983],[-70.95809,42.31165],[-70.95149,42.31356],[-70.94852,42.31194],[-70.94968,42.31108],[-70.9524,42.31098],[-70.95429,42.30865]]],[[[-71.00325,42.31952],[-71.0067,42.31613],[-71.01149,42.3093],[-71.0146,42.30987],[-71.01718,42.31175],[-71.01664,42.31373],[-71.01132,42.31636],[-71.00636,42.32091],[-71.0003,42.32128],[-70.99953,42.31992],[-71.00037,42.31933],[-71.00325,42.31952]]],[[[-70.93076,42.31903],[-70.93091,42.3216],[-70.93025,42.32229],[-70.92597,42.32191],[-70.92531,42.31722],[-70.92806,42.31722],[-70.93076,42.31903]]],[[[-70.9528,42.33063],[-70.95369,42.32792],[-70.95913,42.32457],[-70.96353,42.31854],[-70.96573,42.31347],[-70.96897,42.31299],[-70.97117,42.31117],[-70.97427,42.3102],[-70.97722,42.31025],[-70.9774,42.31229],[-70.97039,42.31625],[-70.96755,42.3229],[-70.95727,42.33166],[-70.9528,42.33063]]],[[[-70.9889,42.32371],[-70.99162,42.32629],[-70.98916,42.3283],[-70.98424,42.3284],[-70.98308,42.32716],[-70.98398,42.32132],[-70.98567,42.31873],[-70.98877,42.31921],[-70.9889,42.32371]]],[[[-70.94295,42.3257],[-70.94278,42.32718],[-70.94075,42.32814],[-70.93495,42.32681],[-70.93654,42.32487],[-70.93985,42.32424],[-70.94295,42.3257]]],[[[-70.89195,42.32723],[-70.8923,42.32839],[-70.88895,42.3289],[-70.88915,42.32774],[-70.89195,42.32723]]],[[[-70.92869,42.33232],[-70.9226,42.32614],[-70.92472,42.32488],[-70.92679,42.32536],[-70.9277,42.32734],[-70.92938,42.32817],[-70.93141,42.32827],[-70.93211,42.32892],[-70.93103,42.32967],[-70.93081,42.33102],[-70.93124,42.33191],[-70.93246,42.33223],[-70.93176,42.33312],[-70.92972,42.33397],[-70.92869,42.33232]]],[[[-70.89397,42.3345],[-70.89501,42.33381],[-70.89608,42.33035],[-70.89859,42.3305],[-70.89726,42.33264],[-70.89706,42.33395],[-70.8946,42.3351],[-70.89397,42.3345]]],[[[-70.88596,42.33846],[-70.8918,42.33813],[-70.89176,42.33886],[-70.88625,42.33995],[-70.88478,42.33933],[-70.88596,42.33846]]],[[[-70.89671,42.33848],[-70.89841,42.34027],[-70.89721,42.34332],[-70.8956,42.34389],[-70.8946,42.34238],[-70.8946,42.34031],[-70.89516,42.33888],[-70.89671,42.33848]]],[[[-70.88021,42.34231],[-70.87395,42.34363],[-70.87439,42.34267],[-70.87605,42.34123],[-70.88062,42.34116],[-70.88347,42.34004],[-70.88335,42.34049],[-70.88021,42.34231]]]]}},{"id":"6","type":"Feature","properties":{"district":"07","name":"Congressional District 7"},"geometry":{"type":"Polygon","coordinates":[[[-71.1748,42.35051],[-71.17392,42.35346],[-71.16761,42.3601],[-71.16616,42.35991],[-71.16422,42.35863],[-71.16301,42.35847],[-71.15928,42.3599],[-71.15525,42.3599],[-71.14781,42.36131],[-71.14449,42.36482],[-71.14329,42.36508],[-71.13969,42.36447],[-71.13644,42.36689],[-71.13237,42.36889],[-71.13179,42.37006],[-71.13315,42.37256],[-71.13152,42.3738],[-71.12963,42.37394],[-71.12763,42.37326],[-71.12383,42.36916],[-71.11793,42.36839],[-71.11697,42.36665],[-71.11692,42.36425],[-71.1139,42.36448],[-71.11351,42.36856],[-71.10998,42.36727],[-71.11041,42.36682],[-71.10921,42.36617],[-71.10902,42.36491],[-71.10616,42.36515],[-71.1051,42.36452],[-71.10239,42.36737],[-71.10175,42.3683],[-71.10586,42.36975],[-71.10206,42.3739],[-71.10305,42.37402],[-71.10895,42.37916],[-71.10861,42.37955],[-71.1092,42.37937],[-71.1105,42.38002],[-71.11133,42.37978],[-71.11166,42.38072],[-71.11268,42.38056],[-71.11306,42.38093],[-71.11166,42.38175],[-71.11819,42.38801],[-71.11745,42.38839],[-71.11801,42.3891],[-71.11709,42.38958],[-71.12097,42.39371],[-71.12284,42.39224],[-71.12437,42.39365],[-71.12528,42.39306],[-71.12487,42.3927],[-71.12685,42.39034],[-71.12764,42.39038],[-71.12768,42.38985],[-71.12901,42.39007],[-71.12756,42.3874],[-71.12962,42.38666],[-71.12907,42.38617],[-71.13173,42.38518],[-71.13079,42.38448],[-71.13115,42.384],[-71.12978,42.38346],[-71.13041,42.38292],[-71.13242,42.38382],[-71.13286,42.38328],[-71.13579,42.3846],[-71.13476,42.38557],[-71.13837,42.38744],[-71.14102,42.38691],[-71.14372,42.38828],[-71.14413,42.38868],[-71.1431,42.38903],[-71.14112,42.39209],[-71.14525,42.39288],[-71.15011,42.39493],[-71.15636,42.39585],[-71.15206,42.40104],[-71.14356,42.39743],[-71.14324,42.39656],[-71.1443,42.39468],[-71.14061,42.39468],[-71.14074,42.39589],[-71.13836,42.39565],[-71.13835,42.3968],[-71.13713,42.39698],[-71.13693,42.39757],[-71.13221,42.39728],[-71.13215,42.39576],[-71.13085,42.39578],[-71.12946,42.39663],[-71.12865,42.39606],[-71.12736,42.3971],[-71.1313,42.40158],[-71.13464,42.40426],[-71.13429,42.4064],[-71.13222,42.40952],[-71.13289,42.41197],[-71.13244,42.41522],[-71.13161,42.41551],[-71.13141,42.41698],[-71.12826,42.41799],[-71.12581,42.418],[-71.12992,42.41333],[-71.12704,42.41233],[-71.1281,42.41072],[-71.12615,42.40927],[-71.12569,42.40998],[-71.12336,42.40919],[-71.124,42.40827],[-71.12156,42.40743],[-71.12175,42.40712],[-71.11554,42.40514],[-71.11549,42.4029],[-71.11387,42.40098],[-71.11237,42.40023],[-71.10039,42.39622],[-71.09669,42.40046],[-71.09199,42.3989],[-71.08569,42.40065],[-71.08342,42.40001],[-71.076,42.3964],[-71.07642,42.39777],[-71.07599,42.39971],[-71.07345,42.40266],[-71.0713,42.40692],[-71.07374,42.40868],[-71.07187,42.4111],[-71.07211,42.41208],[-71.0732,42.413],[-71.0733,42.4148],[-71.06451,42.41524],[-71.06044,42.41601],[-71.05047,42.42289],[-71.02823,42.4242],[-71.03318,42.41421],[-71.02904,42.41035],[-71.02624,42.40593],[-71.02328,42.40554],[-71.02286,42.40512],[-71.02244,42.40547],[-71.02044,42.40511],[-71.02119,42.40423],[-71.02083,42.40351],[-71.01872,42.40371],[-71.01704,42.40272],[-71.01301,42.40286],[-71.0094,42.40118],[-71.00963,42.40017],[-71.0134,42.3974],[-71.01127,42.39659],[-71.01193,42.39575],[-71.00894,42.39519],[-71.00586,42.39389],[-71.00141,42.39674],[-70.99831,42.39693],[-70.99648,42.39631],[-70.99536,42.39381],[-70.99382,42.39292],[-70.98977,42.39324],[-70.98744,42.39274],[-70.98711,42.39198],[-70.98751,42.38923],[-70.98605,42.38812],[-70.98667,42.38707],[-70.98828,42.38711],[-70.99424,42.38465],[-70.99465,42.38115],[-70.99669,42.37874],[-71.00612,42.37605],[-71.01036,42.36503],[-71.00162,42.36468],[-70.99772,42.36056],[-70.98803,42.36188],[-70.98589,42.35906],[-70.98574,42.35793],[-70.98955,42.3545],[-70.99434,42.35391],[-70.99958,42.35641],[-71.00374,42.35604],[-71.00558,42.34736],[-71.00781,42.34714],[-71.0277,42.35863],[-71.02635,42.36182],[-71.02692,42.36377],[-71.02964,42.36335],[-71.038,42.36375],[-71.04263,42.36719],[-71.04466,42.37219],[-71.04702,42.37312],[-71.0506,42.37287],[-71.05262,42.3707],[-71.055,42.3707],[-71.05979,42.36877],[-71.06299,42.36839],[-71.06392,42.36902],[-71.06948,42.36905],[-71.07479,42.36377],[-71.07609,42.36038],[-71.07733,42.35908],[-71.08751,42.35556],[-71.08375,42.34838],[-71.07106,42.3518],[-71.06753,42.35251],[-71.06456,42.35238],[-71.06423,42.35339],[-71.06252,42.35328],[-71.06257,42.3524],[-71.05801,42.35235],[-71.05625,42.3529],[-71.05532,42.3526],[-71.05106,42.35513],[-71.04959,42.3545],[-71.05477,42.34725],[-71.05447,42.34678],[-71.05814,42.34565],[-71.05995,42.34232],[-71.06026,42.3424],[-71.0605,42.34022],[-71.06159,42.33858],[-71.06101,42.33478],[-71.06665,42.32585],[-71.06875,42.31859],[-71.06272,42.31601],[-71.06167,42.31838],[-71.05988,42.31797],[-71.0596,42.31887],[-71.05883,42.3186],[-71.06002,42.31474],[-71.06088,42.31513],[-71.06237,42.31333],[-71.06326,42.31369],[-71.06348,42.31317],[-71.06211,42.3126],[-71.06233,42.31213],[-71.06118,42.31152],[-71.05938,42.31104],[-71.05888,42.31277],[-71.05602,42.31286],[-71.05498,42.31233],[-71.0556,42.31097],[-71.05351,42.31049],[-71.05595,42.30137],[-71.05704,42.30058],[-71.05904,42.30033],[-71.05682,42.29792],[-71.05646,42.29637],[-71.05888,42.29568],[-71.05832,42.29464],[-71.05917,42.2944],[-71.05882,42.29353],[-71.05692,42.29398],[-71.05729,42.29165],[-71.05535,42.28824],[-71.0643,42.2857],[-71.0665,42.2779],[-71.06752,42.2777],[-71.06789,42.27643],[-71.06944,42.27629],[-71.0696,42.27575],[-71.07208,42.27567],[-71.0722,42.275],[-71.07009,42.2737],[-71.06953,42.27257],[-71.06802,42.27222],[-71.06814,42.271],[-71.06978,42.27061],[-71.07204,42.27082],[-71.07326,42.27032],[-71.0733,42.26924],[-71.07619,42.26716],[-71.07894,42.26357],[-71.08057,42.26068],[-71.0812,42.25837],[-71.08434,42.25925],[-71.08698,42.25796],[-71.08747,42.25838],[-71.09351,42.25692],[-71.09353,42.24557],[-71.09291,42.24405],[-71.09359,42.24128],[-71.09331,42.23867],[-71.09189,42.23702],[-71.08958,42.23616],[-71.08482,42.22962],[-71.07906,42.2249],[-71.08024,42.22403],[-71.07664,42.22112],[-71.07867,42.22023],[-71.08016,42.21886],[-71.09319,42.21394],[-71.08273,42.20429],[-71.08075,42.20495],[-71.07514,42.20474],[-71.07447,42.20422],[-71.07331,42.20422],[-71.06039,42.20631],[-71.05306,42.20569],[-71.04949,42.20667],[-71.04727,42.19459],[-71.02959,42.19153],[-71.01913,42.18685],[-71.01947,42.18465],[-71.01899,42.18406],[-71.01946,42.18379],[-71.01994,42.1819],[-71.01969,42.18126],[-71.02016,42.18097],[-71.02017,42.17962],[-71.01955,42.17879],[-71.01999,42.17851],[-71.01988,42.17794],[-71.02063,42.17757],[-71.02057,42.17656],[-71.02113,42.1759],[-71.02082,42.17502],[-71.02161,42.1741],[-71.0213,42.17341],[-71.02243,42.17055],[-71.02162,42.17017],[-71.02756,42.15632],[-71.03509,42.13563],[-71.04012,42.13719],[-71.1148,42.21265],[-71.13077,42.22793],[-71.14268,42.236],[-71.14664,42.25576],[-71.15212,42.25825],[-71.15001,42.25945],[-71.15196,42.26081],[-71.15251,42.26047],[-71.15108,42.25933],[-71.15162,42.25906],[-71.15504,42.26185],[-71.15603,42.2608],[-71.15694,42.26082],[-71.15846,42.26531],[-71.16042,42.26682],[-71.15864,42.26957],[-71.15468,42.2693],[-71.15112,42.26667],[-71.14031,42.27543],[-71.12737,42.2871],[-71.12596,42.28848],[-71.12714,42.28916],[-71.12217,42.29456],[-71.12129,42.2952],[-71.11841,42.29341],[-71.10661,42.31174],[-71.10447,42.31702],[-71.10294,42.3193],[-71.10398,42.31998],[-71.10529,42.31936],[-71.10845,42.32239],[-71.11632,42.32101],[-71.11926,42.32148],[-71.11961,42.32261],[-71.11654,42.32394],[-71.11597,42.32638],[-71.11504,42.32731],[-71.11357,42.33047],[-71.11321,42.33246],[-71.11053,42.33533],[-71.11156,42.33738],[-71.11058,42.34044],[-71.10955,42.34149],[-71.10552,42.34381],[-71.10721,42.34705],[-71.10657,42.34991],[-71.12286,42.35186],[-71.12294,42.35142],[-71.12407,42.35155],[-71.12685,42.35009],[-71.12858,42.34983],[-71.12928,42.34907],[-71.13528,42.34594],[-71.14133,42.34105],[-71.14194,42.34001],[-71.14421,42.34002],[-71.14661,42.33854],[-71.14616,42.33744],[-71.14874,42.33687],[-71.1483,42.33581],[-71.15006,42.33539],[-71.15046,42.33497],[-71.14985,42.33463],[-71.15704,42.33039],[-71.15932,42.33277],[-71.16129,42.33378],[-71.16756,42.33344],[-71.16889,42.33583],[-71.16922,42.33807],[-71.16681,42.33929],[-71.16668,42.3401],[-71.1748,42.35051]]]}},{"id":"0","type":"Feature","properties":{"district":"01","name":"Congressional District 1"},"geometry":{"type":"Polygon","coordinates":[[[-73.365,42.47601],[-73.26483,42.74585],[-72.8643,42.73776],[-72.85403,42.68321],[-72.85958,42.68309],[-72.85769,42.67409],[-72.85542,42.66461],[-72.85421,42.66465],[-72.85121,42.64715],[-72.84227,42.64661],[-72.84279,42.6381],[-72.8362,42.63779],[-72.83571,42.63507],[-72.82151,42.63688],[-72.77265,42.65833],[-72.76609,42.62926],[-72.73511,42.63311],[-72.73619,42.63175],[-72.73701,42.62904],[-72.73689,42.62702],[-72.74309,42.62712],[-72.74454,42.6264],[-72.74672,42.62417],[-72.74699,42.62294],[-72.74558,42.6215],[-72.74528,42.61967],[-72.74838,42.61804],[-72.75014,42.61823],[-72.75218,42.62006],[-72.7541,42.62098],[-72.75923,42.61987],[-72.76428,42.61943],[-72.78354,42.6213],[-72.80311,42.61662],[-72.81565,42.61681],[-72.82248,42.6188],[-72.83175,42.61663],[-72.84845,42.55907],[-72.87703,42.55542],[-72.87666,42.53173],[-72.87546,42.5259],[-72.87032,42.52515],[-72.87516,42.50725],[-72.87114,42.48404],[-72.85563,42.48092],[-72.8479,42.43649],[-72.90458,42.43039],[-72.88563,42.34004],[-72.85424,42.3434],[-72.85364,42.34253],[-72.852,42.34218],[-72.8475,42.34231],[-72.84644,42.34047],[-72.84498,42.34341],[-72.84372,42.34465],[-72.84038,42.34508],[-72.83984,42.34336],[-72.83922,42.34295],[-72.83769,42.34275],[-72.83574,42.34325],[-72.83348,42.34175],[-72.83091,42.34228],[-72.82639,42.34236],[-72.82584,42.34194],[-72.82618,42.34115],[-72.82472,42.34045],[-72.82396,42.33943],[-72.82201,42.33936],[-72.82112,42.33863],[-72.8144,42.25682],[-72.73576,42.26652],[-72.73673,42.28424],[-72.67209,42.29189],[-72.67203,42.29019],[-72.66022,42.28925],[-72.66047,42.2887],[-72.64877,42.29182],[-72.64614,42.29047],[-72.64383,42.28852],[-72.64208,42.28817],[-72.64068,42.28414],[-72.63744,42.28741],[-72.63485,42.28539],[-72.63023,42.28493],[-72.62108,42.28962],[-72.6147,42.2902],[-72.61492,42.28866],[-72.61364,42.28663],[-72.61201,42.28557],[-72.60995,42.28522],[-72.60212,42.28804],[-72.59533,42.29443],[-72.58796,42.30036],[-72.56931,42.30449],[-72.56495,42.30383],[-72.54466,42.30568],[-72.5399,42.30413],[-72.53515,42.30425],[-72.53121,42.30362],[-72.52796,42.30146],[-72.52467,42.30315],[-72.52142,42.30218],[-72.50666,42.30639],[-72.50415,42.30547],[-72.50074,42.30517],[-72.49912,42.30626],[-72.49359,42.30227],[-72.48776,42.30471],[-72.4831,42.30532],[-72.47969,42.3069],[-72.4642,42.30805],[-72.47229,42.35146],[-72.40942,42.35876],[-72.40546,42.33644],[-72.39347,42.33817],[-72.39371,42.3393],[-72.38037,42.34061],[-72.3554,42.34068],[-72.35477,42.33981],[-72.35399,42.34007],[-72.35416,42.33922],[-72.35345,42.33914],[-72.35366,42.33852],[-72.35288,42.33817],[-72.3535,42.33758],[-72.35267,42.33716],[-72.35318,42.33697],[-72.35293,42.33628],[-72.35233,42.33583],[-72.35209,42.33628],[-72.35104,42.33517],[-72.35157,42.33419],[-72.35099,42.33364],[-72.3522,42.33333],[-72.35276,42.33181],[-72.35113,42.32956],[-72.35249,42.32966],[-72.3529,42.32909],[-72.35223,42.32872],[-72.35359,42.32769],[-72.35267,42.32742],[-72.35233,42.32654],[-72.35295,42.3263],[-72.35118,42.32488],[-72.35427,42.32386],[-72.35359,42.32319],[-72.35353,42.32235],[-72.354,42.32215],[-72.353,42.32125],[-72.3552,42.31933],[-72.35458,42.31906],[-72.35523,42.3182],[-72.3547,42.31748],[-72.35521,42.31653],[-72.35453,42.31584],[-72.35494,42.31489],[-72.35616,42.31437],[-72.3561,42.31351],[-72.35693,42.31303],[-72.35645,42.31216],[-72.35695,42.31135],[-72.35638,42.31101],[-72.35901,42.30985],[-72.3589,42.3087],[-72.36059,42.30841],[-72.3601,42.30784],[-72.36063,42.30765],[-72.3591,42.30666],[-72.3588,42.30575],[-72.35786,42.30579],[-72.35637,42.30333],[-72.35421,42.30568],[-72.3522,42.30642],[-72.3516,42.30591],[-72.35156,42.30404],[-72.34989,42.30452],[-72.34952,42.30555],[-72.34996,42.30677],[-72.35096,42.30748],[-72.35278,42.30745],[-72.35228,42.30794],[-72.34989,42.30804],[-72.3496,42.30844],[-72.35094,42.30907],[-72.35146,42.30999],[-72.35117,42.31034],[-72.35016,42.31031],[-72.34866,42.30918],[-72.34626,42.30977],[-72.3436,42.31189],[-72.34229,42.31424],[-72.33824,42.31445],[-72.33525,42.31514],[-72.33472,42.31762],[-72.33307,42.31912],[-72.32949,42.31976],[-72.32883,42.31942],[-72.32886,42.31864],[-72.32812,42.31875],[-72.32721,42.32092],[-72.32818,42.32606],[-72.32761,42.32676],[-72.32676,42.32681],[-72.32621,42.32516],[-72.32453,42.3263],[-72.32609,42.32824],[-72.32533,42.33007],[-72.32456,42.33095],[-72.32258,42.33117],[-72.32239,42.33228],[-72.32318,42.33328],[-72.32286,42.33416],[-72.31763,42.33963],[-72.31493,42.33954],[-72.31478,42.3435],[-72.31396,42.3437],[-72.31338,42.34301],[-72.31218,42.3428],[-72.30941,42.34376],[-72.30933,42.34455],[-72.30879,42.34489],[-72.30835,42.34463],[-72.3088,42.3441],[-72.3068,42.34428],[-72.30641,42.34462],[-72.30711,42.34504],[-72.30624,42.34557],[-72.30638,42.34605],[-72.30473,42.34582],[-72.3053,42.34531],[-72.30465,42.34531],[-72.30174,42.34747],[-72.30113,42.34844],[-72.29874,42.34932],[-72.29671,42.34937],[-72.29539,42.35057],[-72.29198,42.35183],[-72.29133,42.35174],[-72.291,42.35103],[-72.29038,42.35132],[-72.29029,42.35211],[-72.28423,42.35201],[-72.28138,42.33613],[-72.27849,42.33646],[-72.27708,42.32941],[-72.28,42.32909],[-72.27464,42.30196],[-72.26192,42.30526],[-72.26154,42.30333],[-72.2108,42.31138],[-72.21214,42.31022],[-72.21285,42.30774],[-72.21261,42.30663],[-72.21307,42.30381],[-72.2123,42.30282],[-72.21242,42.30198],[-72.21556,42.3001],[-72.21631,42.29913],[-72.21675,42.29406],[-72.21397,42.29426],[-72.20499,42.30624],[-72.20718,42.31152],[-72.20367,42.31079],[-72.19972,42.31137],[-72.19463,42.30949],[-72.19337,42.30853],[-72.19423,42.30612],[-72.19223,42.30488],[-72.18729,42.30471],[-72.18396,42.30642],[-72.18415,42.30716],[-72.18583,42.308],[-72.18476,42.30859],[-72.18542,42.30971],[-72.18522,42.31035],[-72.18303,42.31277],[-72.17988,42.31393],[-72.17889,42.31603],[-72.17698,42.31656],[-72.1769,42.31919],[-72.17211,42.32274],[-72.17268,42.32416],[-72.17243,42.32581],[-72.17128,42.32636],[-72.17057,42.32782],[-72.16833,42.32937],[-72.16753,42.33109],[-72.16393,42.33244],[-72.16365,42.3333],[-72.16239,42.33389],[-72.16374,42.33489],[-72.16363,42.33636],[-72.15961,42.33858],[-72.15949,42.34162],[-72.15865,42.34232],[-72.15851,42.34313],[-72.15462,42.34373],[-72.15352,42.34508],[-72.15229,42.34551],[-72.14956,42.34529],[-72.14685,42.34567],[-72.14414,42.34409],[-72.14039,42.34469],[-72.13982,42.34546],[-72.14032,42.34823],[-72.13922,42.34852],[-72.13718,42.348],[-72.13639,42.34871],[-72.13699,42.35312],[-72.13558,42.35479],[-72.13467,42.3574],[-72.13207,42.35893],[-72.13042,42.35878],[-72.12663,42.35975],[-72.12399,42.36164],[-72.12441,42.36335],[-72.12367,42.36393],[-72.04117,42.3087],[-71.96729,42.31068],[-71.93936,42.18924],[-71.89513,42.19243],[-71.8758,42.17012],[-71.8581,42.16071],[-71.83492,42.15983],[-71.8315,42.16425],[-71.82596,42.16582],[-71.82549,42.15992],[-71.83449,42.15726],[-71.8341,42.15499],[-71.83048,42.15608],[-71.82485,42.15533],[-71.82959,42.14486],[-71.83194,42.14377],[-71.82953,42.12939],[-71.81796,42.13326],[-71.79718,42.09917],[-71.80922,42.09536],[-71.81133,42.09887],[-71.88151,42.07589],[-71.87883,42.06616],[-71.87961,42.0639],[-71.8821,42.06242],[-71.88158,42.06027],[-71.88232,42.05877],[-71.87993,42.05783],[-71.88039,42.05551],[-71.87841,42.05525],[-71.87833,42.0562],[-71.87752,42.05635],[-71.87672,42.05483],[-71.87437,42.05569],[-71.8731,42.05098],[-71.86886,42.05159],[-71.86894,42.05018],[-71.86616,42.05036],[-71.86617,42.04981],[-71.86714,42.0498],[-71.86719,42.04836],[-71.86786,42.04739],[-71.86398,42.04582],[-71.86146,42.04599],[-71.8595,42.04131],[-71.85916,42.03896],[-71.85716,42.03675],[-71.85588,42.03393],[-71.84571,42.02399],[-71.89657,42.02452],[-71.98733,42.02688],[-72.07037,42.02762],[-72.14315,42.03052],[-72.32888,42.03208],[-72.46012,42.03436],[-72.53155,42.03458],[-72.57323,42.03014],[-72.58225,42.02474],[-72.60696,42.02515],[-72.60798,42.03108],[-72.64313,42.0324],[-72.67303,42.0352],[-72.69933,42.03696],[-72.75589,42.03635],[-72.75754,42.0333],[-72.75371,42.0321],[-72.75191,42.02984],[-72.75275,42.02808],[-72.75578,42.02473],[-72.75665,42.02293],[-72.75653,42.02216],[-72.75747,42.02095],[-72.75929,42.02133],[-72.75943,42.02216],[-72.76057,42.02265],[-72.76141,42.02271],[-72.76349,42.02118],[-72.76395,42.02192],[-72.76525,42.02237],[-72.76448,42.02087],[-72.76581,42.01957],[-72.76474,42.01995],[-72.76306,42.01975],[-72.76202,42.0177],[-72.76073,42.0171],[-72.76016,42.0173],[-72.75983,42.01685],[-72.76124,42.01459],[-72.76307,42.01328],[-72.76327,42.00974],[-72.76625,42.00787],[-72.76673,42.00327],[-72.81673,41.99772],[-72.81378,42.03674],[-72.86362,42.03771],[-72.99955,42.03865],[-73.06848,42.04029],[-73.34072,42.04836],[-73.43281,42.05059],[-73.49688,42.04968],[-73.50814,42.08626],[-73.365,42.47601]]]}},{"id":"1","type":"Feature","properties":{"district":"02","name":"Congressional District 2"},"geometry":{"type":"Polygon","coordinates":[[[-72.90458,42.43039],[-72.8479,42.43649],[-72.85563,42.48092],[-72.87114,42.48404],[-72.87516,42.50725],[-72.87032,42.52515],[-72.87546,42.5259],[-72.87666,42.53173],[-72.87703,42.55542],[-72.84845,42.55907],[-72.83175,42.61663],[-72.82248,42.6188],[-72.81565,42.61681],[-72.80311,42.61662],[-72.78354,42.6213],[-72.76428,42.61943],[-72.75923,42.61987],[-72.7541,42.62098],[-72.75218,42.62006],[-72.75014,42.61823],[-72.74838,42.61804],[-72.74528,42.61967],[-72.74558,42.6215],[-72.74699,42.62294],[-72.74672,42.62417],[-72.74454,42.6264],[-72.74309,42.62712],[-72.73689,42.62702],[-72.73701,42.62904],[-72.73619,42.63175],[-72.73511,42.63311],[-72.76609,42.62926],[-72.77265,42.65833],[-72.82151,42.63688],[-72.83571,42.63507],[-72.8362,42.63779],[-72.84279,42.6381],[-72.84227,42.64661],[-72.85121,42.64715],[-72.85421,42.66465],[-72.85542,42.66461],[-72.85769,42.67409],[-72.85958,42.68309],[-72.85403,42.68321],[-72.8643,42.73776],[-72.80911,42.73658],[-72.45852,42.72685],[-72.28595,42.72163],[-72.11106,42.71721],[-72.11663,42.62661],[-72.07575,42.62524],[-72.03598,42.59386],[-72.04181,42.59198],[-72.04221,42.58936],[-72.03972,42.5877],[-72.0388,42.58648],[-72.03932,42.58556],[-72.04161,42.58478],[-72.04229,42.58391],[-72.04151,42.58289],[-72.04204,42.58214],[-72.04155,42.58087],[-72.04218,42.5803],[-72.04202,42.57979],[-72.04039,42.57861],[-72.03785,42.57841],[-72.03751,42.57787],[-72.03822,42.57733],[-72.038,42.57707],[-72.03632,42.5782],[-72.03549,42.5801],[-72.0346,42.57999],[-72.03173,42.57834],[-72.03293,42.57632],[-72.03243,42.57588],[-72.03111,42.57595],[-72.03122,42.57421],[-72.02744,42.57393],[-72.0267,42.57327],[-72.02342,42.57367],[-72.02307,42.57441],[-72.02002,42.5755],[-72.01937,42.57671],[-72.01789,42.57646],[-72.01703,42.57554],[-72.01687,42.5744],[-72.016,42.57366],[-72.01705,42.57226],[-72.01945,42.57078],[-72.01658,42.56988],[-72.015,42.56794],[-72.02701,42.56324],[-71.97969,42.53231],[-71.94979,42.51189],[-71.95013,42.51595],[-71.95132,42.5179],[-71.95017,42.51914],[-71.95013,42.52188],[-71.94931,42.52405],[-71.94847,42.52448],[-71.93777,42.52656],[-71.93281,42.52636],[-71.92969,42.52895],[-71.92908,42.52505],[-71.92626,42.52321],[-71.92047,42.52988],[-71.92053,42.52835],[-71.91856,42.52577],[-71.91431,42.52328],[-71.91164,42.52434],[-71.90849,42.52656],[-71.90508,42.53126],[-71.90462,42.5338],[-71.90244,42.53568],[-71.90083,42.53369],[-71.89642,42.53175],[-71.89362,42.52764],[-71.89205,42.52279],[-71.89183,42.51998],[-71.89079,42.51798],[-71.88694,42.51731],[-71.88324,42.51536],[-71.88015,42.51458],[-71.87762,42.51284],[-71.87676,42.51108],[-71.87486,42.50952],[-71.86453,42.51693],[-71.86104,42.51637],[-71.85684,42.51908],[-71.8494,42.5179],[-71.84737,42.5147],[-71.842,42.51468],[-71.83712,42.54855],[-71.83088,42.54902],[-71.82128,42.54654],[-71.81421,42.54725],[-71.8079,42.54716],[-71.80466,42.54826],[-71.80013,42.55211],[-71.7987,42.55259],[-71.78937,42.55093],[-71.78602,42.55105],[-71.77134,42.55925],[-71.76429,42.55506],[-71.76159,42.5519],[-71.76195,42.54981],[-71.76036,42.54762],[-71.75777,42.54857],[-71.75417,42.54605],[-71.74968,42.5452],[-71.74915,42.54905],[-71.74987,42.54976],[-71.74777,42.54993],[-71.7541,42.55946],[-71.75725,42.56207],[-71.76295,42.56392],[-71.74507,42.57386],[-71.72042,42.55233],[-71.71123,42.53535],[-71.70224,42.5339],[-71.71238,42.52133],[-71.71674,42.51897],[-71.72839,42.47513],[-71.7187,42.47337],[-71.71836,42.41022],[-71.72158,42.40924],[-71.72598,42.39029],[-71.70102,42.39581],[-71.67055,42.38667],[-71.67779,42.36515],[-71.63394,42.3584],[-71.6247,42.35046],[-71.62583,42.34972],[-71.61755,42.34197],[-71.61153,42.33899],[-71.6041,42.33677],[-71.60359,42.33168],[-71.60527,42.33016],[-71.60188,42.32697],[-71.59736,42.32102],[-71.5925,42.3179],[-71.58521,42.31095],[-71.56909,42.32037],[-71.55113,42.32639],[-71.51653,42.33034],[-71.50822,42.32793],[-71.4868,42.33019],[-71.48511,42.32316],[-71.48595,42.31123],[-71.49705,42.28983],[-71.46076,42.27906],[-71.4193,42.25728],[-71.4183,42.2465],[-71.42007,42.23812],[-71.41726,42.23789],[-71.41649,42.23668],[-71.41336,42.23456],[-71.41339,42.23257],[-71.41266,42.23101],[-71.41304,42.22964],[-71.41254,42.22817],[-71.41007,42.22656],[-71.40905,42.22458],[-71.40968,42.22401],[-71.40895,42.22296],[-71.40861,42.22111],[-71.41009,42.21982],[-71.41002,42.21875],[-71.40826,42.21845],[-71.40796,42.21766],[-71.40733,42.21816],[-71.40195,42.21542],[-71.40371,42.21486],[-71.40358,42.21429],[-71.39753,42.2103],[-71.39703,42.20857],[-71.39734,42.20789],[-71.39392,42.20709],[-71.39171,42.20974],[-71.38849,42.208],[-71.38821,42.2043],[-71.38018,42.20176],[-71.38477,42.19201],[-71.40443,42.18843],[-71.40229,42.17879],[-71.37562,42.13545],[-71.37958,42.13576],[-71.38004,42.13459],[-71.37922,42.13344],[-71.3811,42.13287],[-71.38194,42.13346],[-71.38272,42.13314],[-71.38335,42.13357],[-71.38207,42.13378],[-71.38293,42.13421],[-71.3828,42.13503],[-71.3821,42.13555],[-71.38499,42.13528],[-71.3971,42.13732],[-71.39909,42.13877],[-71.40246,42.13954],[-71.40326,42.13913],[-71.405,42.13679],[-71.40882,42.13421],[-71.41005,42.13399],[-71.41133,42.13441],[-71.41296,42.13359],[-71.41456,42.13427],[-71.41583,42.13563],[-71.41471,42.13734],[-71.4151,42.13826],[-71.41885,42.1364],[-71.41932,42.13745],[-71.42054,42.13754],[-71.41904,42.13832],[-71.41922,42.13897],[-71.42438,42.13905],[-71.42785,42.13811],[-71.43023,42.13901],[-71.43279,42.13714],[-71.43386,42.13597],[-71.4335,42.13565],[-71.4338,42.13516],[-71.43475,42.13559],[-71.43457,42.13433],[-71.43619,42.13432],[-71.43863,42.13518],[-71.44143,42.13483],[-71.44269,42.13578],[-71.47852,42.13138],[-71.47803,42.16587],[-71.49738,42.16664],[-71.50263,42.19142],[-71.50689,42.18893],[-71.5395,42.18973],[-71.55574,42.1825],[-71.55581,42.18208],[-71.55382,42.18183],[-71.55201,42.17977],[-71.55167,42.17857],[-71.55253,42.17741],[-71.55371,42.17824],[-71.5549,42.17811],[-71.55594,42.17725],[-71.55719,42.17834],[-71.55883,42.17884],[-71.56202,42.17861],[-71.56174,42.17471],[-71.56252,42.1741],[-71.56258,42.1727],[-71.56327,42.17197],[-71.56233,42.17145],[-71.56055,42.16874],[-71.56123,42.16779],[-71.56015,42.16803],[-71.55981,42.16711],[-71.56284,42.16784],[-71.56429,42.16596],[-71.56444,42.1642],[-71.56347,42.16329],[-71.56385,42.16217],[-71.5635,42.16068],[-71.56095,42.15832],[-71.5714,42.15185],[-71.57159,42.14237],[-71.57,42.13918],[-71.57341,42.13579],[-71.59275,42.12165],[-71.5911,42.01377],[-71.76601,42.00975],[-71.79919,42.00807],[-71.80065,42.02357],[-71.84571,42.02399],[-71.85588,42.03393],[-71.85716,42.03675],[-71.85916,42.03896],[-71.8595,42.04131],[-71.86146,42.04599],[-71.86398,42.04582],[-71.86786,42.04739],[-71.86719,42.04836],[-71.86714,42.0498],[-71.86617,42.04981],[-71.86616,42.05036],[-71.86894,42.05018],[-71.86886,42.05159],[-71.8731,42.05098],[-71.87437,42.05569],[-71.87672,42.05483],[-71.87758,42.05635],[-71.87833,42.0562],[-71.87841,42.05525],[-71.88013,42.0554],[-71.87993,42.05783],[-71.88232,42.05877],[-71.88158,42.06027],[-71.88204,42.06262],[-71.87961,42.0639],[-71.87883,42.06616],[-71.88151,42.07589],[-71.81133,42.09887],[-71.80922,42.09536],[-71.79718,42.09917],[-71.81796,42.13326],[-71.82953,42.12939],[-71.83194,42.14377],[-71.82959,42.14486],[-71.82485,42.15533],[-71.83048,42.15608],[-71.8341,42.15499],[-71.83449,42.15726],[-71.82549,42.15992],[-71.82596,42.16582],[-71.8315,42.16425],[-71.83492,42.15983],[-71.8581,42.16071],[-71.8758,42.17012],[-71.89513,42.19243],[-71.93936,42.18924],[-71.96729,42.31068],[-72.04117,42.3087],[-72.12367,42.36393],[-72.12441,42.36335],[-72.12399,42.36164],[-72.12663,42.35975],[-72.13042,42.35878],[-72.13207,42.35893],[-72.13467,42.3574],[-72.13558,42.35479],[-72.13699,42.35312],[-72.13639,42.34871],[-72.13718,42.348],[-72.13922,42.34852],[-72.14032,42.34823],[-72.13982,42.34546],[-72.14039,42.34469],[-72.14414,42.34409],[-72.14685,42.34567],[-72.14956,42.34529],[-72.15229,42.34551],[-72.15352,42.34508],[-72.15462,42.34373],[-72.15851,42.34313],[-72.15865,42.34232],[-72.15949,42.34162],[-72.15961,42.33858],[-72.16363,42.33636],[-72.16374,42.33489],[-72.16239,42.33389],[-72.16365,42.3333],[-72.16393,42.33244],[-72.16753,42.33109],[-72.16833,42.32937],[-72.17057,42.32782],[-72.17128,42.32636],[-72.17243,42.32581],[-72.17268,42.32416],[-72.17211,42.32274],[-72.1769,42.31919],[-72.17698,42.31656],[-72.17889,42.31603],[-72.17988,42.31393],[-72.18303,42.31277],[-72.18522,42.31035],[-72.18542,42.30971],[-72.18476,42.30859],[-72.18583,42.308],[-72.18415,42.30716],[-72.18396,42.30642],[-72.18729,42.30471],[-72.19223,42.30488],[-72.19423,42.30612],[-72.19337,42.30853],[-72.19463,42.30949],[-72.19972,42.31137],[-72.20367,42.31079],[-72.20718,42.31152],[-72.20499,42.30624],[-72.21397,42.29426],[-72.21675,42.29406],[-72.21631,42.29913],[-72.21556,42.3001],[-72.21242,42.30198],[-72.2123,42.30282],[-72.21307,42.30381],[-72.21261,42.30663],[-72.21285,42.30774],[-72.21214,42.31022],[-72.2108,42.31138],[-72.26154,42.30333],[-72.26192,42.30526],[-72.27464,42.30196],[-72.28,42.32909],[-72.27708,42.32941],[-72.27849,42.33646],[-72.28138,42.33613],[-72.28423,42.35201],[-72.29029,42.35211],[-72.29038,42.35132],[-72.291,42.35103],[-72.29133,42.35174],[-72.29198,42.35183],[-72.29539,42.35057],[-72.29671,42.34937],[-72.29874,42.34932],[-72.30113,42.34844],[-72.30174,42.34747],[-72.30465,42.34531],[-72.3053,42.34531],[-72.30473,42.34582],[-72.30638,42.34605],[-72.30624,42.34557],[-72.30711,42.34504],[-72.30641,42.34462],[-72.3068,42.34428],[-72.3088,42.3441],[-72.30835,42.34463],[-72.30879,42.34489],[-72.30933,42.34455],[-72.30941,42.34376],[-72.31218,42.3428],[-72.31338,42.34301],[-72.31396,42.3437],[-72.31478,42.3435],[-72.31493,42.33954],[-72.31763,42.33963],[-72.32286,42.33416],[-72.32318,42.33328],[-72.32239,42.33228],[-72.32258,42.33117],[-72.32456,42.33095],[-72.32533,42.33007],[-72.32609,42.32824],[-72.32453,42.3263],[-72.32621,42.32516],[-72.32676,42.32681],[-72.32761,42.32676],[-72.32818,42.32606],[-72.32721,42.32092],[-72.32812,42.31875],[-72.32886,42.31864],[-72.32883,42.31942],[-72.32949,42.31976],[-72.33307,42.31912],[-72.33472,42.31762],[-72.33525,42.31514],[-72.33824,42.31445],[-72.34229,42.31424],[-72.3436,42.31189],[-72.34626,42.30977],[-72.34866,42.30918],[-72.35016,42.31031],[-72.35117,42.31034],[-72.35146,42.30999],[-72.35094,42.30907],[-72.3496,42.30844],[-72.34989,42.30804],[-72.35228,42.30794],[-72.35278,42.30745],[-72.35096,42.30748],[-72.34996,42.30677],[-72.34952,42.30555],[-72.34989,42.30452],[-72.35156,42.30404],[-72.3516,42.30591],[-72.3522,42.30642],[-72.35421,42.30568],[-72.35602,42.30328],[-72.35667,42.30343],[-72.35786,42.30579],[-72.3588,42.30575],[-72.3591,42.30666],[-72.36063,42.30765],[-72.3601,42.30784],[-72.36059,42.30841],[-72.3589,42.3087],[-72.35901,42.30985],[-72.35638,42.31101],[-72.35695,42.31135],[-72.35645,42.31216],[-72.35693,42.31303],[-72.3561,42.31351],[-72.35616,42.31437],[-72.35494,42.31489],[-72.35453,42.31584],[-72.35521,42.31653],[-72.3547,42.31748],[-72.35523,42.3182],[-72.35458,42.31906],[-72.3552,42.31933],[-72.353,42.32125],[-72.354,42.32215],[-72.35353,42.32235],[-72.35359,42.32319],[-72.35427,42.32386],[-72.35118,42.32488],[-72.35295,42.3263],[-72.35233,42.32654],[-72.35267,42.32742],[-72.35359,42.32769],[-72.35223,42.32872],[-72.3529,42.32909],[-72.35249,42.32966],[-72.35113,42.32956],[-72.35276,42.33181],[-72.3522,42.33333],[-72.35099,42.33364],[-72.35157,42.33419],[-72.35104,42.33517],[-72.35209,42.33628],[-72.35233,42.33583],[-72.35293,42.33628],[-72.35318,42.33697],[-72.35267,42.33716],[-72.3535,42.33758],[-72.35288,42.33817],[-72.35366,42.33852],[-72.35345,42.33914],[-72.35416,42.33922],[-72.35399,42.34007],[-72.35477,42.33981],[-72.3554,42.34068],[-72.38037,42.34061],[-72.39371,42.3393],[-72.39347,42.33817],[-72.40546,42.33644],[-72.40942,42.35876],[-72.47229,42.35146],[-72.4642,42.30805],[-72.47969,42.3069],[-72.4831,42.30532],[-72.48776,42.30471],[-72.49359,42.30227],[-72.49912,42.30626],[-72.50074,42.30517],[-72.50415,42.30547],[-72.50666,42.30639],[-72.52142,42.30218],[-72.52467,42.30315],[-72.52796,42.30146],[-72.53121,42.30362],[-72.53515,42.30425],[-72.5399,42.30413],[-72.54466,42.30568],[-72.56495,42.30383],[-72.56931,42.30449],[-72.58796,42.30036],[-72.59533,42.29443],[-72.60212,42.28804],[-72.60995,42.28522],[-72.61201,42.28557],[-72.61364,42.28663],[-72.61492,42.28866],[-72.6147,42.2902],[-72.62108,42.28962],[-72.63023,42.28493],[-72.63485,42.28539],[-72.63744,42.28741],[-72.64068,42.28414],[-72.64208,42.28817],[-72.64383,42.28852],[-72.64614,42.29047],[-72.64877,42.29182],[-72.66047,42.2887],[-72.66022,42.28925],[-72.67203,42.29019],[-72.67209,42.29189],[-72.73673,42.28424],[-72.73576,42.26652],[-72.8144,42.25682],[-72.82112,42.33863],[-72.82201,42.33936],[-72.82396,42.33943],[-72.82472,42.34045],[-72.82618,42.34115],[-72.82584,42.34194],[-72.82639,42.34236],[-72.83091,42.34228],[-72.83348,42.34175],[-72.83574,42.34325],[-72.83769,42.34275],[-72.83922,42.34295],[-72.83984,42.34336],[-72.84038,42.34508],[-72.84372,42.34465],[-72.84498,42.34341],[-72.84644,42.34047],[-72.8475,42.34231],[-72.852,42.34218],[-72.85364,42.34253],[-72.85424,42.3434],[-72.88563,42.34004],[-72.90458,42.43039]]]}},{"id":"4","type":"Feature","properties":{"district":"05","name":"Congressional District 5"},"geometry":{"type":"MultiPolygon","coordinates":[[[[-71.49705,42.28983],[-71.48595,42.31123],[-71.48511,42.32316],[-71.4868,42.33022],[-71.4833,42.35313],[-71.46944,42.40259],[-71.47838,42.4371],[-71.46435,42.4503],[-71.43039,42.43694],[-71.36634,42.41272],[-71.36521,42.41335],[-71.36393,42.41602],[-71.36458,42.41814],[-71.36442,42.42044],[-71.36146,42.42112],[-71.35658,42.41992],[-71.35463,42.42178],[-71.35256,42.42692],[-71.33538,42.43778],[-71.31362,42.45502],[-71.30993,42.45325],[-71.3048,42.45276],[-71.30319,42.46125],[-71.30215,42.46112],[-71.30228,42.46201],[-71.2893,42.46456],[-71.28968,42.46618],[-71.28294,42.46117],[-71.28184,42.45964],[-71.28085,42.46017],[-71.2795,42.45968],[-71.27798,42.46023],[-71.27789,42.46071],[-71.27269,42.4597],[-71.26152,42.47625],[-71.25669,42.47846],[-71.25693,42.47872],[-71.25973,42.47774],[-71.26026,42.47977],[-71.25927,42.48053],[-71.26017,42.4816],[-71.2596,42.48404],[-71.26185,42.48626],[-71.26108,42.48817],[-71.25819,42.48936],[-71.25706,42.49044],[-71.25639,42.49161],[-71.25666,42.49292],[-71.2532,42.49324],[-71.24948,42.49061],[-71.24418,42.48854],[-71.24091,42.49001],[-71.21212,42.46624],[-71.21059,42.4676],[-71.21022,42.47073],[-71.20432,42.46585],[-71.18828,42.4797],[-71.1874,42.47936],[-71.18548,42.47997],[-71.18651,42.48098],[-71.18294,42.48212],[-71.1815,42.48362],[-71.16892,42.48709],[-71.17072,42.48976],[-71.16891,42.49055],[-71.16844,42.4983],[-71.1692,42.50651],[-71.16992,42.50673],[-71.16932,42.50787],[-71.16947,42.50949],[-71.16988,42.50972],[-71.16954,42.51024],[-71.17026,42.51045],[-71.16963,42.51146],[-71.17003,42.51554],[-71.13545,42.53],[-71.12399,42.50801],[-71.1238,42.50763],[-71.12418,42.50753],[-71.12346,42.50617],[-71.11976,42.50029],[-71.10073,42.50224],[-71.09011,42.50126],[-71.0855,42.49226],[-71.07524,42.48801],[-71.0766,42.47749],[-71.07771,42.47739],[-71.07815,42.47402],[-71.0693,42.47164],[-71.06127,42.47265],[-71.06132,42.4742],[-71.05336,42.47592],[-71.02584,42.44471],[-71.01876,42.45012],[-71.01192,42.44216],[-71.0095,42.44096],[-71.01237,42.43974],[-71.0118,42.439],[-71.01114,42.43906],[-71.0101,42.4383],[-71.01144,42.43669],[-71.01099,42.43654],[-71.01142,42.43599],[-71.0108,42.4354],[-71.01078,42.43457],[-71.00858,42.43435],[-71.00569,42.43298],[-71.00215,42.43261],[-70.99986,42.4313],[-70.99571,42.43086],[-70.99478,42.4312],[-70.99202,42.43413],[-70.99012,42.43488],[-70.98229,42.4313],[-70.97945,42.43281],[-70.97519,42.4369],[-70.97159,42.4427],[-70.96859,42.4444],[-70.96613,42.44351],[-70.96654,42.44245],[-70.95993,42.44122],[-70.9597,42.44067],[-70.97551,42.43158],[-70.98299,42.424],[-70.98769,42.4167],[-70.99059,42.4071],[-70.98919,42.4026],[-70.98507,42.40204],[-70.98343,42.39625],[-70.97979,42.39056],[-70.9758,42.38947],[-70.9686,42.39011],[-70.96727,42.38823],[-70.97251,42.38504],[-70.97271,42.38176],[-70.97157,42.37738],[-70.96663,42.3676],[-70.96921,42.36425],[-70.96803,42.35759],[-70.96687,42.35706],[-70.97002,42.35528],[-70.97454,42.35925],[-70.97538,42.36229],[-70.97066,42.37058],[-70.97283,42.37193],[-70.98813,42.36851],[-70.99723,42.37269],[-71.00024,42.37242],[-71.00282,42.36595],[-71.00162,42.36468],[-71.01036,42.36503],[-71.00612,42.37605],[-70.99669,42.37874],[-70.99465,42.38115],[-70.99424,42.38465],[-70.98828,42.38711],[-70.98673,42.38701],[-70.98605,42.38812],[-70.98751,42.38923],[-70.98713,42.39212],[-70.98744,42.39274],[-70.98977,42.39324],[-70.99382,42.39292],[-70.99536,42.39381],[-70.99648,42.39631],[-70.99831,42.39693],[-71.00141,42.39674],[-71.00586,42.39389],[-71.00894,42.39519],[-71.01193,42.39575],[-71.01127,42.39659],[-71.0134,42.3974],[-71.00963,42.40017],[-71.0094,42.40118],[-71.01301,42.40286],[-71.01704,42.40272],[-71.01872,42.40371],[-71.02083,42.40351],[-71.02119,42.40423],[-71.02044,42.40511],[-71.02244,42.40547],[-71.02286,42.40512],[-71.02328,42.40554],[-71.02624,42.40593],[-71.02904,42.41035],[-71.03318,42.41421],[-71.02823,42.4242],[-71.05047,42.42289],[-71.06044,42.41601],[-71.06451,42.41524],[-71.0733,42.4148],[-71.0732,42.413],[-71.07211,42.41208],[-71.07187,42.4111],[-71.07374,42.40868],[-71.0713,42.40692],[-71.07345,42.40266],[-71.07599,42.39971],[-71.07642,42.39777],[-71.076,42.3964],[-71.08342,42.40001],[-71.08569,42.40065],[-71.09199,42.3989],[-71.09669,42.40046],[-71.10039,42.39622],[-71.11237,42.40023],[-71.11387,42.40098],[-71.11549,42.4029],[-71.11554,42.40514],[-71.12175,42.40712],[-71.12156,42.40743],[-71.124,42.40827],[-71.12336,42.40919],[-71.12569,42.40998],[-71.12615,42.40927],[-71.1281,42.41072],[-71.12704,42.41233],[-71.12992,42.41333],[-71.12581,42.418],[-71.12685,42.41816],[-71.13156,42.41684],[-71.13161,42.41551],[-71.13244,42.41522],[-71.13286,42.41246],[-71.13222,42.40952],[-71.1346,42.40545],[-71.13464,42.40426],[-71.1313,42.40158],[-71.12736,42.3971],[-71.12865,42.39606],[-71.12946,42.39663],[-71.13085,42.39578],[-71.13215,42.39576],[-71.13221,42.39728],[-71.13693,42.39757],[-71.13713,42.39698],[-71.13835,42.3968],[-71.13836,42.39565],[-71.14074,42.39589],[-71.14061,42.39468],[-71.1443,42.39468],[-71.14324,42.39656],[-71.14356,42.39743],[-71.15206,42.40104],[-71.15636,42.39585],[-71.15011,42.39493],[-71.14525,42.39288],[-71.14112,42.39209],[-71.1431,42.38903],[-71.14413,42.38868],[-71.14372,42.38828],[-71.14102,42.38691],[-71.13837,42.38744],[-71.13476,42.38557],[-71.13579,42.3846],[-71.13286,42.38328],[-71.13242,42.38382],[-71.13041,42.38292],[-71.12978,42.38346],[-71.13115,42.384],[-71.13079,42.38448],[-71.13173,42.38518],[-71.12907,42.38617],[-71.12962,42.38666],[-71.12756,42.3874],[-71.12901,42.39007],[-71.12768,42.38985],[-71.12764,42.39038],[-71.12685,42.39034],[-71.12487,42.3927],[-71.12528,42.39306],[-71.12437,42.39365],[-71.12284,42.39224],[-71.12097,42.39371],[-71.11709,42.38958],[-71.11801,42.3891],[-71.11745,42.38839],[-71.11819,42.38801],[-71.11166,42.38175],[-71.11306,42.38093],[-71.11268,42.38056],[-71.11166,42.38072],[-71.11133,42.37978],[-71.1105,42.38002],[-71.1092,42.37937],[-71.10861,42.37955],[-71.10895,42.37916],[-71.10305,42.37402],[-71.10206,42.3739],[-71.10586,42.36975],[-71.10175,42.3683],[-71.1051,42.36452],[-71.10616,42.36515],[-71.10902,42.36491],[-71.10921,42.36617],[-71.11041,42.36682],[-71.10998,42.36727],[-71.11351,42.36856],[-71.1139,42.36448],[-71.11692,42.36425],[-71.11697,42.36665],[-71.11793,42.36839],[-71.12383,42.36916],[-71.12701,42.37284],[-71.12863,42.37374],[-71.13017,42.37396],[-71.13207,42.3736],[-71.1331,42.3727],[-71.13309,42.37198],[-71.13179,42.37006],[-71.13212,42.36915],[-71.13666,42.36675],[-71.13915,42.3647],[-71.14041,42.3644],[-71.14406,42.365],[-71.14808,42.3612],[-71.15525,42.3599],[-71.15928,42.3599],[-71.1626,42.35851],[-71.16422,42.35863],[-71.16682,42.36004],[-71.16892,42.36018],[-71.17527,42.35927],[-71.17824,42.35957],[-71.18213,42.36068],[-71.18368,42.35883],[-71.1963,42.3618],[-71.19222,42.36542],[-71.19477,42.36687],[-71.19542,42.36783],[-71.19648,42.36702],[-71.19832,42.3674],[-71.20203,42.36582],[-71.2051,42.36575],[-71.20746,42.3641],[-71.20881,42.36458],[-71.20994,42.36413],[-71.21126,42.36429],[-71.21451,42.36568],[-71.21634,42.36585],[-71.21706,42.36657],[-71.25315,42.3559],[-71.25403,42.35477],[-71.25573,42.35375],[-71.25636,42.35401],[-71.25647,42.35491],[-71.26036,42.35366],[-71.25915,42.35172],[-71.25862,42.34936],[-71.26031,42.34819],[-71.25976,42.34611],[-71.26124,42.34428],[-71.26188,42.34187],[-71.26104,42.341],[-71.25825,42.34119],[-71.25686,42.34065],[-71.25589,42.34011],[-71.25569,42.33929],[-71.25896,42.33658],[-71.2592,42.33542],[-71.25993,42.33483],[-71.26314,42.3349],[-71.26441,42.33447],[-71.26567,42.33127],[-71.26801,42.33056],[-71.27025,42.33098],[-71.26976,42.32976],[-71.27026,42.32856],[-71.26956,42.32778],[-71.2661,42.32739],[-71.26354,42.32602],[-71.26195,42.32665],[-71.25956,42.32667],[-71.25782,42.32451],[-71.25489,42.32513],[-71.25384,42.32662],[-71.25281,42.32671],[-71.25175,42.32612],[-71.24994,42.32386],[-71.24876,42.32345],[-71.24735,42.32138],[-71.24615,42.32101],[-71.24594,42.32026],[-71.24702,42.31827],[-71.24678,42.31764],[-71.24744,42.3175],[-71.24663,42.31573],[-71.26052,42.31411],[-71.26622,42.31478],[-71.27192,42.31431],[-71.27381,42.31391],[-71.27712,42.31198],[-71.27615,42.31064],[-71.27859,42.30831],[-71.27803,42.30676],[-71.27512,42.30502],[-71.273,42.30579],[-71.272,42.30469],[-71.27282,42.30383],[-71.26835,42.30238],[-71.26437,42.30018],[-71.27579,42.30022],[-71.27779,42.29904],[-71.27926,42.29884],[-71.27606,42.29671],[-71.27526,42.29473],[-71.27917,42.29205],[-71.28127,42.29228],[-71.2869,42.2947],[-71.28797,42.29598],[-71.28832,42.29583],[-71.29117,42.2932],[-71.29169,42.2894],[-71.29285,42.28847],[-71.29422,42.28553],[-71.29755,42.28354],[-71.29711,42.28198],[-71.29822,42.28176],[-71.30031,42.2829],[-71.30248,42.28016],[-71.30464,42.27836],[-71.3093,42.27638],[-71.30901,42.27334],[-71.30803,42.27181],[-71.30846,42.27071],[-71.30292,42.24827],[-71.3325,42.24907],[-71.33243,42.24773],[-71.33291,42.24784],[-71.34246,42.25046],[-71.34178,42.25354],[-71.34841,42.2547],[-71.35368,42.25679],[-71.3544,42.25769],[-71.35444,42.25863],[-71.35623,42.25923],[-71.35669,42.25998],[-71.35649,42.26102],[-71.35714,42.26188],[-71.35645,42.26249],[-71.35691,42.26349],[-71.37683,42.26949],[-71.39037,42.27192],[-71.39777,42.26153],[-71.4193,42.25728],[-71.46076,42.27906],[-71.49705,42.28983]]],[[[-70.98585,42.35882],[-70.98532,42.35832],[-70.98574,42.35793],[-70.98585,42.35882]]]]}},{"id":"2","type":"Feature","properties":{"district":"03","name":"Congressional District 3"},"geometry":{"type":"Polygon","coordinates":[[[-72.11646,42.62658],[-72.11106,42.71721],[-71.98158,42.71323],[-71.82944,42.70955],[-71.69651,42.70572],[-71.5341,42.70247],[-71.33021,42.69719],[-71.29421,42.69699],[-71.27893,42.71126],[-71.2679,42.72589],[-71.2551,42.73659],[-71.24543,42.74255],[-71.23441,42.74525],[-71.22383,42.74648],[-71.18179,42.73734],[-71.1861,42.79069],[-71.1677,42.80739],[-71.1656,42.80869],[-71.1497,42.81549],[-71.1325,42.82139],[-71.0642,42.80629],[-71.05359,42.83311],[-70.99961,42.81054],[-70.99868,42.80863],[-70.99875,42.80696],[-70.99983,42.80504],[-71.00343,42.8011],[-71.01326,42.79601],[-71.01871,42.7916],[-71.01976,42.78953],[-71.02038,42.7843],[-71.0219,42.77963],[-71.02424,42.77576],[-71.03006,42.76922],[-71.03796,42.75894],[-71.04002,42.75772],[-71.04257,42.75704],[-71.04177,42.75465],[-71.0441,42.75321],[-71.04452,42.74903],[-71.04834,42.74614],[-71.05285,42.73989],[-71.05812,42.73421],[-71.05888,42.73246],[-71.07211,42.73267],[-71.07406,42.73449],[-71.08191,42.73669],[-71.08806,42.73614],[-71.09008,42.73697],[-71.09247,42.737],[-71.09783,42.73522],[-71.10863,42.73528],[-71.11558,42.7411],[-71.11645,42.73909],[-71.11861,42.73662],[-71.12446,42.73165],[-71.12681,42.72836],[-71.13446,42.72116],[-71.13497,42.71822],[-71.1335,42.71355],[-71.13396,42.71041],[-71.13629,42.70721],[-71.13756,42.70652],[-71.13752,42.70481],[-71.13712,42.70439],[-71.13932,42.7034],[-71.14089,42.70334],[-71.14278,42.69892],[-71.14438,42.69926],[-71.14586,42.69848],[-71.14339,42.69703],[-71.14315,42.6942],[-71.1417,42.69432],[-71.13922,42.69321],[-71.1393,42.69274],[-71.13794,42.69251],[-71.1379,42.69154],[-71.13732,42.69114],[-71.13768,42.69061],[-71.1373,42.69041],[-71.13732,42.68934],[-71.13851,42.68884],[-71.1385,42.68759],[-71.13919,42.68774],[-71.13981,42.68719],[-71.1392,42.68673],[-71.13798,42.6869],[-71.13768,42.68644],[-71.13947,42.68534],[-71.13779,42.68505],[-71.1394,42.68448],[-71.13358,42.67943],[-71.13445,42.67678],[-71.15121,42.68171],[-71.1855,42.67587],[-71.18886,42.69627],[-71.19098,42.69743],[-71.19455,42.69838],[-71.20249,42.69891],[-71.21208,42.70108],[-71.21554,42.7012],[-71.21817,42.70063],[-71.22012,42.69958],[-71.22425,42.69451],[-71.22481,42.69343],[-71.22565,42.68578],[-71.22817,42.68004],[-71.23409,42.67252],[-71.23928,42.66819],[-71.2404,42.66673],[-71.24141,42.66369],[-71.24249,42.66235],[-71.24545,42.66119],[-71.25076,42.66078],[-71.25673,42.657],[-71.26435,42.65767],[-71.27515,42.65622],[-71.27202,42.64922],[-71.27119,42.64424],[-71.27471,42.62886],[-71.27779,42.62085],[-71.28343,42.6153],[-71.29632,42.61267],[-71.22567,42.58004],[-71.23384,42.57618],[-71.23859,42.57504],[-71.24173,42.57374],[-71.24772,42.56809],[-71.2504,42.56653],[-71.24958,42.56394],[-71.25427,42.5629],[-71.25129,42.55976],[-71.25797,42.55757],[-71.26023,42.55426],[-71.26415,42.55287],[-71.26581,42.55507],[-71.26784,42.55459],[-71.26763,42.54997],[-71.26668,42.54995],[-71.26668,42.54869],[-71.26736,42.54751],[-71.26719,42.5455],[-71.26656,42.54463],[-71.26892,42.54422],[-71.27172,42.54451],[-71.2724,42.54521],[-71.27639,42.54438],[-71.27378,42.54209],[-71.27598,42.54107],[-71.27608,42.53931],[-71.27417,42.53986],[-71.27363,42.53877],[-71.27445,42.53836],[-71.27359,42.53748],[-71.26694,42.53847],[-71.26363,42.53962],[-71.26392,42.53918],[-71.26269,42.53882],[-71.26331,42.53779],[-71.26301,42.53675],[-71.25869,42.53757],[-71.2578,42.53209],[-71.26042,42.53094],[-71.25249,42.52408],[-71.25457,42.52259],[-71.2564,42.52399],[-71.2641,42.52408],[-71.27811,42.52671],[-71.28105,42.52635],[-71.30374,42.51993],[-71.3067,42.52059],[-71.30692,42.51708],[-71.30633,42.51439],[-71.30866,42.51325],[-71.31342,42.50972],[-71.31697,42.50646],[-71.31781,42.50422],[-71.31755,42.50141],[-71.3183,42.49819],[-71.31858,42.49116],[-71.31964,42.48693],[-71.31699,42.48418],[-71.31804,42.48288],[-71.32077,42.48226],[-71.32127,42.48051],[-71.32012,42.48033],[-71.31704,42.47648],[-71.31377,42.47418],[-71.30947,42.4764],[-71.30655,42.47443],[-71.30425,42.47472],[-71.30182,42.47324],[-71.30082,42.47365],[-71.29872,42.47291],[-71.28968,42.46618],[-71.2893,42.46456],[-71.30228,42.46201],[-71.30215,42.46112],[-71.30319,42.46125],[-71.3048,42.45276],[-71.30993,42.45325],[-71.31362,42.45502],[-71.33538,42.43778],[-71.35256,42.42692],[-71.35463,42.42178],[-71.35658,42.41992],[-71.36146,42.42112],[-71.36442,42.42044],[-71.36458,42.41814],[-71.36393,42.41602],[-71.36521,42.41335],[-71.36634,42.41272],[-71.43039,42.43694],[-71.46435,42.4503],[-71.47838,42.4371],[-71.46944,42.40259],[-71.4833,42.35313],[-71.4868,42.33019],[-71.50822,42.32793],[-71.51653,42.33034],[-71.55113,42.32639],[-71.56909,42.32037],[-71.58521,42.31095],[-71.5925,42.3179],[-71.59736,42.32102],[-71.60188,42.32697],[-71.60527,42.33016],[-71.60359,42.33168],[-71.6041,42.33677],[-71.61153,42.33899],[-71.61755,42.34197],[-71.62583,42.34972],[-71.6247,42.35046],[-71.63394,42.3584],[-71.67779,42.36515],[-71.67055,42.38667],[-71.70102,42.39581],[-71.72598,42.39029],[-71.72158,42.40924],[-71.71836,42.41022],[-71.7187,42.47337],[-71.72839,42.47513],[-71.71674,42.51897],[-71.71238,42.52133],[-71.70224,42.5339],[-71.71123,42.53535],[-71.72042,42.55233],[-71.74507,42.57386],[-71.76295,42.56392],[-71.75725,42.56207],[-71.7541,42.55946],[-71.74777,42.54993],[-71.74987,42.54976],[-71.74915,42.54905],[-71.74968,42.5452],[-71.75417,42.54605],[-71.75777,42.54857],[-71.76036,42.54762],[-71.76195,42.54981],[-71.76159,42.5519],[-71.76429,42.55506],[-71.77134,42.55925],[-71.78602,42.55105],[-71.78937,42.55093],[-71.7987,42.55259],[-71.80013,42.55211],[-71.80466,42.54826],[-71.8079,42.54716],[-71.81421,42.54725],[-71.82128,42.54654],[-71.83088,42.54902],[-71.83712,42.54855],[-71.842,42.51468],[-71.84737,42.5147],[-71.8494,42.5179],[-71.85684,42.51908],[-71.86104,42.51637],[-71.86453,42.51693],[-71.87486,42.50952],[-71.87676,42.51108],[-71.87762,42.51284],[-71.88015,42.51458],[-71.88324,42.51536],[-71.88694,42.51731],[-71.89079,42.51798],[-71.89183,42.51998],[-71.89205,42.52279],[-71.89362,42.52764],[-71.89642,42.53175],[-71.90083,42.53369],[-71.90244,42.53568],[-71.90462,42.5338],[-71.90508,42.53126],[-71.90849,42.52656],[-71.91164,42.52434],[-71.91431,42.52328],[-71.91856,42.52577],[-71.92053,42.52835],[-71.92047,42.52988],[-71.92626,42.52321],[-71.92908,42.52505],[-71.92969,42.52895],[-71.93281,42.52636],[-71.93777,42.52656],[-71.94847,42.52448],[-71.94931,42.52405],[-71.95013,42.52188],[-71.95017,42.51914],[-71.95132,42.5179],[-71.95013,42.51595],[-71.94979,42.51189],[-71.97969,42.53231],[-72.02701,42.56324],[-72.015,42.56794],[-72.01658,42.56988],[-72.01945,42.57078],[-72.01705,42.57226],[-72.016,42.57366],[-72.01687,42.5744],[-72.01703,42.57554],[-72.01789,42.57646],[-72.01937,42.57671],[-72.02002,42.5755],[-72.02307,42.57441],[-72.02342,42.57367],[-72.0267,42.57327],[-72.02744,42.57393],[-72.03122,42.57421],[-72.03111,42.57595],[-72.03243,42.57588],[-72.03293,42.57632],[-72.03173,42.57834],[-72.0346,42.57999],[-72.03549,42.5801],[-72.03632,42.5782],[-72.038,42.57707],[-72.03822,42.57733],[-72.03751,42.57787],[-72.03785,42.57841],[-72.04039,42.57861],[-72.04202,42.57979],[-72.04218,42.5803],[-72.04155,42.58087],[-72.04204,42.58214],[-72.04151,42.58289],[-72.04229,42.58391],[-72.04161,42.58478],[-72.03932,42.58556],[-72.0388,42.58648],[-72.03972,42.5877],[-72.04221,42.58936],[-72.04181,42.59198],[-72.03598,42.59386],[-72.07575,42.62524],[-72.11646,42.62658]]]}},{"id":"5","type":"Feature","properties":{"district":"06","name":"Congressional District 6"},"geometry":{"type":"MultiPolygon","coordinates":[[[[-71.32127,42.48051],[-71.32077,42.48226],[-71.31804,42.48288],[-71.31699,42.48418],[-71.31964,42.48693],[-71.31858,42.49116],[-71.3183,42.49819],[-71.31755,42.50141],[-71.31771,42.5048],[-71.31609,42.50763],[-71.30866,42.51325],[-71.30633,42.51439],[-71.30692,42.51708],[-71.3067,42.52059],[-71.30374,42.51993],[-71.28105,42.52635],[-71.27811,42.52671],[-71.2641,42.52408],[-71.2564,42.52399],[-71.25457,42.52259],[-71.25249,42.52408],[-71.26042,42.53094],[-71.2578,42.53209],[-71.25869,42.53757],[-71.26301,42.53675],[-71.26331,42.53779],[-71.26269,42.53882],[-71.26392,42.53918],[-71.26363,42.53962],[-71.26694,42.53847],[-71.27359,42.53748],[-71.27445,42.53836],[-71.27363,42.53877],[-71.27417,42.53986],[-71.27608,42.53931],[-71.27598,42.54107],[-71.27378,42.54209],[-71.27639,42.54438],[-71.2724,42.54521],[-71.27172,42.54451],[-71.26892,42.54422],[-71.26656,42.54463],[-71.26719,42.5455],[-71.26736,42.54751],[-71.26668,42.54869],[-71.26668,42.54995],[-71.26763,42.54997],[-71.26784,42.55459],[-71.26581,42.55507],[-71.26415,42.55287],[-71.26023,42.55426],[-71.25797,42.55757],[-71.25129,42.55976],[-71.25427,42.5629],[-71.24958,42.56394],[-71.2504,42.56653],[-71.24772,42.56809],[-71.24173,42.57374],[-71.23859,42.57504],[-71.23384,42.57618],[-71.22567,42.58004],[-71.29632,42.61267],[-71.28343,42.6153],[-71.27779,42.62085],[-71.27471,42.62886],[-71.27119,42.64424],[-71.27202,42.64922],[-71.27515,42.65622],[-71.26435,42.65767],[-71.25673,42.657],[-71.25076,42.66078],[-71.24545,42.66119],[-71.24249,42.66235],[-71.24141,42.66369],[-71.2404,42.66673],[-71.23928,42.66819],[-71.23409,42.67252],[-71.22817,42.68004],[-71.22565,42.68578],[-71.22481,42.69343],[-71.22425,42.69451],[-71.22012,42.69958],[-71.21817,42.70063],[-71.21554,42.7012],[-71.21208,42.70108],[-71.20249,42.69891],[-71.19455,42.69838],[-71.19098,42.69743],[-71.18886,42.69627],[-71.1855,42.67587],[-71.15121,42.68171],[-71.13445,42.67678],[-71.13358,42.67943],[-71.1394,42.68448],[-71.13779,42.68505],[-71.13947,42.68534],[-71.13768,42.68644],[-71.13798,42.6869],[-71.1392,42.68673],[-71.13981,42.68719],[-71.13919,42.68774],[-71.1385,42.68759],[-71.13851,42.68884],[-71.13732,42.68934],[-71.1373,42.69041],[-71.13768,42.69061],[-71.13732,42.69114],[-71.1379,42.69154],[-71.13794,42.69251],[-71.1393,42.69274],[-71.13922,42.69321],[-71.1417,42.69432],[-71.14315,42.6942],[-71.14339,42.69703],[-71.14586,42.69848],[-71.14438,42.69926],[-71.14278,42.69892],[-71.14089,42.70334],[-71.13932,42.7034],[-71.13712,42.70439],[-71.13752,42.70481],[-71.13756,42.70652],[-71.13629,42.70721],[-71.13396,42.71041],[-71.1335,42.71355],[-71.13497,42.71822],[-71.13446,42.72116],[-71.12681,42.72836],[-71.12446,42.73165],[-71.11861,42.73662],[-71.11645,42.73909],[-71.11558,42.7411],[-71.10863,42.73528],[-71.09783,42.73522],[-71.09247,42.737],[-71.09008,42.73697],[-71.08806,42.73614],[-71.08191,42.73669],[-71.07406,42.73449],[-71.07211,42.73267],[-71.05888,42.73246],[-71.05812,42.73421],[-71.05285,42.73989],[-71.04834,42.74614],[-71.04452,42.74903],[-71.0441,42.75321],[-71.04177,42.75465],[-71.04257,42.75704],[-71.04002,42.75772],[-71.03796,42.75894],[-71.03006,42.76922],[-71.02424,42.77576],[-71.0219,42.77963],[-71.02038,42.7843],[-71.01976,42.78953],[-71.01871,42.7916],[-71.01326,42.79601],[-71.00343,42.8011],[-70.99909,42.80629],[-70.99868,42.80863],[-70.99961,42.81054],[-71.05359,42.83311],[-71.0444,42.84879],[-71.0312,42.85909],[-70.96702,42.8688],[-70.9492,42.87609],[-70.93032,42.8847],[-70.92829,42.88517],[-70.9149,42.88659],[-70.90277,42.88653],[-70.88614,42.88261],[-70.84862,42.86094],[-70.84772,42.86087],[-70.83673,42.86468],[-70.82969,42.86872],[-70.82024,42.87179],[-70.8173,42.87193],[-70.81773,42.85061],[-70.81269,42.82287],[-70.80854,42.81494],[-70.80522,42.7818],[-70.79287,42.74712],[-70.77227,42.71106],[-70.77045,42.70482],[-70.77579,42.70067],[-70.77608,42.69126],[-70.76442,42.68565],[-70.75274,42.68433],[-70.7446,42.68131],[-70.73253,42.67024],[-70.73055,42.66656],[-70.71915,42.66375],[-70.70583,42.65825],[-70.69594,42.65583],[-70.69123,42.65579],[-70.68877,42.65261],[-70.68463,42.65181],[-70.68229,42.65442],[-70.67992,42.66034],[-70.6813,42.66148],[-70.68138,42.66226],[-70.6761,42.66616],[-70.67314,42.66654],[-70.66685,42.67172],[-70.66355,42.6776],[-70.65744,42.68152],[-70.65439,42.68169],[-70.64908,42.68564],[-70.64711,42.68786],[-70.64506,42.68854],[-70.6436,42.68749],[-70.64322,42.68512],[-70.64138,42.68505],[-70.63629,42.69029],[-70.63008,42.6927],[-70.62732,42.69141],[-70.62724,42.68842],[-70.62326,42.6869],[-70.62085,42.68684],[-70.62051,42.68461],[-70.6237,42.68157],[-70.6227,42.67835],[-70.62406,42.67691],[-70.62148,42.67274],[-70.62391,42.66723],[-70.62284,42.66436],[-70.62393,42.66163],[-70.62072,42.65873],[-70.61799,42.65907],[-70.61613,42.66031],[-70.61489,42.66022],[-70.61347,42.65875],[-70.6105,42.65977],[-70.60717,42.65856],[-70.59858,42.65988],[-70.59742,42.6596],[-70.5976,42.6581],[-70.59505,42.65607],[-70.59746,42.65349],[-70.5971,42.65147],[-70.59174,42.64851],[-70.59587,42.64251],[-70.59541,42.64032],[-70.5924,42.64049],[-70.59147,42.63982],[-70.59401,42.63503],[-70.60561,42.6349],[-70.61842,42.62864],[-70.61792,42.62547],[-70.62049,42.62303],[-70.62717,42.62134],[-70.63222,42.6168],[-70.63233,42.60788],[-70.63563,42.60024],[-70.6417,42.59452],[-70.64609,42.5922],[-70.64804,42.58755],[-70.65473,42.58223],[-70.66489,42.58044],[-70.66604,42.58408],[-70.6639,42.58828],[-70.65962,42.59213],[-70.657,42.59826],[-70.65891,42.6035],[-70.66556,42.6091],[-70.67673,42.60753],[-70.6765,42.60333],[-70.68149,42.6007],[-70.68434,42.59616],[-70.6808,42.59346],[-70.6845,42.58886],[-70.68808,42.58595],[-70.69293,42.58421],[-70.69857,42.57739],[-70.70819,42.57558],[-70.71035,42.57257],[-70.72969,42.57151],[-70.73093,42.57449],[-70.73551,42.57552],[-70.73704,42.57686],[-70.74014,42.57481],[-70.75728,42.57046],[-70.76372,42.56168],[-70.77213,42.55961],[-70.77748,42.55936],[-70.78844,42.56325],[-70.79442,42.5645],[-70.80409,42.56159],[-70.81539,42.55419],[-70.8238,42.55187],[-70.83659,42.55128],[-70.84548,42.5482],[-70.84793,42.54914],[-70.84836,42.55001],[-70.85013,42.55114],[-70.85487,42.54937],[-70.85517,42.54753],[-70.86111,42.54513],[-70.86865,42.54852],[-70.8752,42.54434],[-70.88256,42.53489],[-70.87892,42.53214],[-70.87163,42.53559],[-70.86759,42.53629],[-70.86421,42.53343],[-70.86632,42.52673],[-70.87757,42.5235],[-70.88518,42.51527],[-70.88637,42.50861],[-70.88185,42.50563],[-70.87472,42.50493],[-70.86402,42.5186],[-70.85712,42.52149],[-70.84871,42.51921],[-70.84562,42.51747],[-70.84209,42.51949],[-70.84239,42.50879],[-70.85166,42.5002],[-70.85309,42.49599],[-70.85333,42.49301],[-70.84739,42.49389],[-70.84477,42.49652],[-70.84073,42.49932],[-70.83381,42.50587],[-70.83109,42.5036],[-70.83379,42.49938],[-70.83599,42.4905],[-70.84159,42.4876],[-70.84739,42.4915],[-70.85779,42.4903],[-70.87969,42.4788],[-70.88649,42.4702],[-70.88799,42.4671],[-70.88729,42.4649],[-70.89429,42.4609],[-70.90145,42.46423],[-70.90727,42.46285],[-70.90809,42.4669],[-70.92199,42.4667],[-70.92771,42.46089],[-70.93149,42.46063],[-70.93499,42.4579],[-70.93748,42.44009],[-70.93616,42.4374],[-70.92849,42.43833],[-70.92802,42.43722],[-70.9334,42.43344],[-70.92863,42.42883],[-70.92508,42.4303],[-70.91319,42.4277],[-70.90839,42.4252],[-70.90765,42.42183],[-70.90287,42.42005],[-70.90569,42.4162],[-70.91085,42.41652],[-70.91993,42.42359],[-70.92805,42.42066],[-70.92797,42.41713],[-70.93639,42.4181],[-70.93743,42.4258],[-70.93555,42.43153],[-70.93977,42.43847],[-70.94048,42.44376],[-70.93853,42.45409],[-70.93898,42.45702],[-70.94366,42.45834],[-70.96261,42.4451],[-70.9654,42.44542],[-70.96613,42.44351],[-70.96859,42.4444],[-70.97159,42.4427],[-70.97519,42.4369],[-70.97989,42.4324],[-70.98229,42.4313],[-70.99012,42.43488],[-70.99202,42.43413],[-70.99478,42.4312],[-70.99571,42.43086],[-70.99986,42.4313],[-71.00215,42.43261],[-71.00569,42.43298],[-71.00858,42.43435],[-71.01078,42.43457],[-71.0108,42.4354],[-71.01142,42.43599],[-71.01099,42.43654],[-71.01144,42.43669],[-71.0101,42.4383],[-71.01114,42.43906],[-71.0118,42.439],[-71.01237,42.43974],[-71.0095,42.44096],[-71.01192,42.44216],[-71.01876,42.45012],[-71.02584,42.44471],[-71.05336,42.47592],[-71.06132,42.4742],[-71.06127,42.47265],[-71.0693,42.47164],[-71.07815,42.47402],[-71.07771,42.47739],[-71.0766,42.47749],[-71.07524,42.48801],[-71.0855,42.49226],[-71.09011,42.50126],[-71.10073,42.50224],[-71.11976,42.50029],[-71.12346,42.50617],[-71.12418,42.50753],[-71.1238,42.50763],[-71.12399,42.50801],[-71.13545,42.53],[-71.17003,42.51554],[-71.16963,42.51146],[-71.17026,42.51045],[-71.16954,42.51024],[-71.16988,42.50972],[-71.16947,42.50949],[-71.16932,42.50787],[-71.16992,42.50673],[-71.1692,42.50651],[-71.16844,42.4983],[-71.16891,42.49055],[-71.17072,42.48976],[-71.16892,42.48709],[-71.1815,42.48362],[-71.18294,42.48212],[-71.18651,42.48098],[-71.18548,42.47997],[-71.1874,42.47936],[-71.18828,42.4797],[-71.20432,42.46585],[-71.21022,42.47073],[-71.21059,42.4676],[-71.21212,42.46624],[-71.24091,42.49001],[-71.24418,42.48854],[-71.24567,42.48889],[-71.24948,42.49061],[-71.25345,42.49329],[-71.25666,42.49292],[-71.25639,42.49161],[-71.25706,42.49044],[-71.25819,42.48936],[-71.26108,42.48817],[-71.26185,42.48626],[-71.2596,42.48404],[-71.26017,42.4816],[-71.25927,42.48053],[-71.26026,42.47977],[-71.25973,42.47774],[-71.25693,42.47872],[-71.25669,42.47846],[-71.26152,42.47625],[-71.27269,42.4597],[-71.27789,42.46071],[-71.27798,42.46023],[-71.2795,42.45968],[-71.28085,42.46017],[-71.28184,42.45964],[-71.28294,42.46117],[-71.29872,42.47291],[-71.30082,42.47365],[-71.30182,42.47324],[-71.30425,42.47472],[-71.30655,42.47443],[-71.30947,42.4764],[-71.31377,42.47418],[-71.31704,42.47648],[-71.32012,42.48033],[-71.32127,42.48051]]],[[[-70.83396,42.48354],[-70.83347,42.48199],[-70.83536,42.48226],[-70.83558,42.48383],[-70.83429,42.48534],[-70.8337,42.48527],[-70.833,42.48419],[-70.83396,42.48354]]],[[[-70.81193,42.51091],[-70.81266,42.51012],[-70.81407,42.5104],[-70.81743,42.51403],[-70.8164,42.51461],[-70.81509,42.51405],[-70.81206,42.51199],[-70.81193,42.51091]]],[[[-70.78301,42.53548],[-70.78225,42.53372],[-70.78427,42.53249],[-70.78491,42.53254],[-70.78562,42.53121],[-70.78771,42.53058],[-70.78867,42.53092],[-70.7894,42.53193],[-70.78824,42.53684],[-70.78703,42.5373],[-70.78559,42.53698],[-70.78301,42.53548]]],[[[-70.79503,42.55068],[-70.7944,42.54804],[-70.79667,42.54646],[-70.80007,42.5477],[-70.80209,42.54719],[-70.80334,42.5483],[-70.80223,42.55105],[-70.80163,42.55147],[-70.79938,42.55124],[-70.79851,42.54976],[-70.79757,42.54971],[-70.79627,42.55113],[-70.79503,42.55068]]],[[[-70.78306,42.55346],[-70.78161,42.55402],[-70.78069,42.55364],[-70.78099,42.55241],[-70.7823,42.55183],[-70.78324,42.55234],[-70.78306,42.55346]]],[[[-70.72048,42.56888],[-70.7209,42.56673],[-70.72166,42.56609],[-70.72374,42.56702],[-70.72122,42.56993],[-70.72064,42.56966],[-70.72048,42.56888]]],[[[-70.58825,42.63061],[-70.58682,42.62816],[-70.58804,42.62641],[-70.59161,42.6275],[-70.59219,42.62947],[-70.58825,42.63061]]],[[[-70.57509,42.63978],[-70.57338,42.63951],[-70.57351,42.63638],[-70.57565,42.63445],[-70.57871,42.63455],[-70.58029,42.63602],[-70.57509,42.63978]]],[[[-70.59309,42.65931],[-70.59368,42.66045],[-70.59295,42.6612],[-70.59106,42.66131],[-70.58925,42.66275],[-70.5881,42.66264],[-70.58757,42.66191],[-70.59,42.65898],[-70.59309,42.65931]]]]}}]}