{
"type": "FeatureCollection",
"name": "ma_districts",
"crs": { "type": "name", "properties": { "name": "urn:ogc:def:crs:OGC:1.3:CRS84" } },
"features": [
{ "type": "Feature", "properties": { "district": "1", "name": "Congressional District 1" }, "geometry": { "type": "Polygon", "coordinates": [ [ [ -73.50821, 42.086134 ], [ -73.483416, 42.154448 ], [ -73.383601, 42.425663 ], [ -73.264827, 42.745851 ], [ -72.864319, 42.737838 ], [ -72.854034, 42.683207 ], [ -72.859584, 42.683087 ], [ -72.857687, 42.67409 ], [ -72.855425, 42.664615 ], [ -72.854215, 42.664652 ], [ -72.851206, 42.647145 ], [ -72.842273, 42.646614 ], [ -72.842793, 42.638098 ], [ -72.836201, 42.637789 ], [ -72.835707, 42.63507 ], [ -72.821506, 42.636877 ], [ -72.772647, 42.658334 ], [ -72.766092, 42.62926 ], [ -72.735114, 42.633108 ], [ -72.736186, 42.631745 ], [ -72.737015, 42.629044 ], [ -72.736889, 42.627021 ], [ -72.738969, 42.627272 ], [ -72.743095, 42.627115 ], [ -72.744536, 42.6264 ], [ -72.746721, 42.624171 ], [ -72.746995, 42.622939 ], [ -72.745582, 42.621504 ], [ -72.74528, 42.619671 ], [ -72.748384, 42.618038 ], [ -72.750142, 42.618232 ], [ -72.75218, 42.620059 ], [ -72.754099, 42.620979 ], [ -72.759229, 42.619874 ], [ -72.764282, 42.619428 ], [ -72.772842, 42.620135 ], [ -72.778354, 42.621057 ], [ -72.783541, 42.621296 ], [ -72.790831, 42.619677 ], [ -72.797902, 42.617608 ], [ -72.80311, 42.616625 ], [ -72.809896, 42.616974 ], [ -72.81565, 42.616807 ], [ -72.820266, 42.618424 ], [ -72.82248, 42.618798 ], [ -72.831748, 42.616627 ], [ -72.848454, 42.559069 ], [ -72.877026, 42.555425 ], [ -72.876658, 42.531733 ], [ -72.875461, 42.525897 ], [ -72.87032, 42.52515 ], [ -72.875155, 42.507249 ], [ -72.871136, 42.484041 ], [ -72.855633, 42.48092 ], [ -72.847905, 42.43649 ], [ -72.90458, 42.430385 ], [ -72.885635, 42.340036 ], [ -72.854244, 42.343405 ], [ -72.85364, 42.342535 ], [ -72.852001, 42.342176 ], [ -72.848846, 42.342518 ], [ -72.847496, 42.342311 ], [ -72.846437, 42.340467 ], [ -72.844985, 42.343408 ], [ -72.843723, 42.344653 ], [ -72.840376, 42.345077 ], [ -72.839842, 42.343363 ], [ -72.839222, 42.342945 ], [ -72.837686, 42.342754 ], [ -72.835737, 42.343254 ], [ -72.833483, 42.341748 ], [ -72.830911, 42.342278 ], [ -72.826388, 42.342363 ], [ -72.825838, 42.34194 ], [ -72.826184, 42.341149 ], [ -72.824724, 42.340447 ], [ -72.823956, 42.339428 ], [ -72.823175, 42.339103 ], [ -72.822012, 42.339362 ], [ -72.821122, 42.33863 ], [ -72.814405, 42.256819 ], [ -72.735758, 42.266518 ], [ -72.736726, 42.284241 ], [ -72.672091, 42.291887 ], [ -72.672035, 42.290193 ], [ -72.660216, 42.289254 ], [ -72.660468, 42.288696 ], [ -72.648766, 42.291824 ], [ -72.646138, 42.290468 ], [ -72.643832, 42.288519 ], [ -72.64208, 42.288174 ], [ -72.640677, 42.284137 ], [ -72.637441, 42.287406 ], [ -72.636196, 42.286113 ], [ -72.634849, 42.285388 ], [ -72.630232, 42.284929 ], [ -72.629022, 42.285267 ], [ -72.624521, 42.288148 ], [ -72.621085, 42.28962 ], [ -72.619303, 42.290067 ], [ -72.614701, 42.290199 ], [ -72.614921, 42.288658 ], [ -72.614449, 42.287507 ], [ -72.613641, 42.286628 ], [ -72.612007, 42.285573 ], [ -72.609948, 42.285224 ], [ -72.602124, 42.288045 ], [ -72.595326, 42.294431 ], [ -72.587961, 42.300358 ], [ -72.577285, 42.302981 ], [ -72.569306, 42.304489 ], [ -72.564951, 42.303833 ], [ -72.544658, 42.305683 ], [ -72.539903, 42.304127 ], [ -72.535151, 42.304252 ], [ -72.531212, 42.303624 ], [ -72.527961, 42.301458 ], [ -72.524673, 42.303155 ], [ -72.521421, 42.302182 ], [ -72.506665, 42.306388 ], [ -72.504151, 42.305471 ], [ -72.500745, 42.305166 ], [ -72.499117, 42.306263 ], [ -72.498034, 42.305119 ], [ -72.493586, 42.302268 ], [ -72.487764, 42.304708 ], [ -72.4831, 42.305319 ], [ -72.479694, 42.306902 ], [ -72.464195, 42.308053 ], [ -72.472287, 42.351458 ], [ -72.409417, 42.358762 ], [ -72.405455, 42.336437 ], [ -72.39347, 42.338169 ], [ -72.393708, 42.339296 ], [ -72.380368, 42.340614 ], [ -72.355396, 42.340678 ], [ -72.354767, 42.339808 ], [ -72.353988, 42.340068 ], [ -72.354157, 42.339224 ], [ -72.353455, 42.339139 ], [ -72.353663, 42.338516 ], [ -72.352884, 42.338174 ], [ -72.3535, 42.337585 ], [ -72.352666, 42.337157 ], [ -72.353183, 42.336973 ], [ -72.352927, 42.336277 ], [ -72.352332, 42.335834 ], [ -72.352087, 42.336284 ], [ -72.351555, 42.335749 ], [ -72.351638, 42.335417 ], [ -72.351045, 42.335166 ], [ -72.350975, 42.334715 ], [ -72.351568, 42.334194 ], [ -72.35099, 42.333641 ], [ -72.351491, 42.333628 ], [ -72.351699, 42.3332 ], [ -72.352201, 42.333325 ], [ -72.35204, 42.332948 ], [ -72.352763, 42.331815 ], [ -72.352532, 42.331135 ], [ -72.351961, 42.330803 ], [ -72.351128, 42.329563 ], [ -72.351899, 42.329785 ], [ -72.352128, 42.329425 ], [ -72.352487, 42.329655 ], [ -72.352901, 42.329093 ], [ -72.352233, 42.328725 ], [ -72.353594, 42.327692 ], [ -72.352669, 42.327425 ], [ -72.352329, 42.32654 ], [ -72.352945, 42.326298 ], [ -72.352435, 42.325757 ], [ -72.351842, 42.325694 ], [ -72.35188, 42.325341 ], [ -72.351178, 42.324884 ], [ -72.352827, 42.32426 ], [ -72.353598, 42.324306 ], [ -72.354273, 42.323856 ], [ -72.353586, 42.323195 ], [ -72.353527, 42.322347 ], [ -72.353997, 42.322152 ], [ -72.353002, 42.321252 ], [ -72.354419, 42.319639 ], [ -72.355204, 42.319331 ], [ -72.355097, 42.318998 ], [ -72.35458, 42.319056 ], [ -72.355227, 42.318198 ], [ -72.354695, 42.317484 ], [ -72.35521, 42.316528 ], [ -72.354527, 42.315837 ], [ -72.35494, 42.314893 ], [ -72.356157, 42.314374 ], [ -72.356096, 42.313514 ], [ -72.356928, 42.313033 ], [ -72.35645, 42.312164 ], [ -72.356946, 42.311347 ], [ -72.356326, 42.311238 ], [ -72.35638, 42.311009 ], [ -72.359013, 42.309849 ], [ -72.358655, 42.309023 ], [ -72.358895, 42.308698 ], [ -72.360478, 42.3087 ], [ -72.360594, 42.308414 ], [ -72.360101, 42.307837 ], [ -72.360632, 42.307654 ], [ -72.359098, 42.306661 ], [ -72.358797, 42.305747 ], [ -72.357864, 42.305793 ], [ -72.357678, 42.305188 ], [ -72.357215, 42.304903 ], [ -72.356845, 42.303669 ], [ -72.356374, 42.303326 ], [ -72.356018, 42.303283 ], [ -72.35421, 42.305684 ], [ -72.3522, 42.306423 ], [ -72.3516, 42.305915 ], [ -72.351558, 42.304041 ], [ -72.350996, 42.30391 ], [ -72.349894, 42.304516 ], [ -72.349517, 42.305552 ], [ -72.349965, 42.306768 ], [ -72.350959, 42.307476 ], [ -72.351992, 42.307166 ], [ -72.352778, 42.307451 ], [ -72.352278, 42.307938 ], [ -72.349889, 42.308043 ], [ -72.349596, 42.308443 ], [ -72.349794, 42.308793 ], [ -72.350937, 42.309071 ], [ -72.351459, 42.309993 ], [ -72.351169, 42.31034 ], [ -72.350159, 42.310312 ], [ -72.348656, 42.309176 ], [ -72.346259, 42.309774 ], [ -72.343597, 42.311887 ], [ -72.342287, 42.314242 ], [ -72.338244, 42.314446 ], [ -72.335246, 42.315142 ], [ -72.334914, 42.315542 ], [ -72.334715, 42.317618 ], [ -72.333073, 42.319122 ], [ -72.329489, 42.319755 ], [ -72.328834, 42.31942 ], [ -72.328863, 42.318645 ], [ -72.328117, 42.318746 ], [ -72.327546, 42.31954 ], [ -72.327211, 42.320917 ], [ -72.3274, 42.323477 ], [ -72.328219, 42.325248 ], [ -72.32818, 42.326059 ], [ -72.32761, 42.326757 ], [ -72.326762, 42.326814 ], [ -72.326214, 42.325158 ], [ -72.3252, 42.325558 ], [ -72.324535, 42.326297 ], [ -72.326085, 42.328244 ], [ -72.325334, 42.330066 ], [ -72.324559, 42.330953 ], [ -72.322584, 42.331169 ], [ -72.322386, 42.332284 ], [ -72.32318, 42.333278 ], [ -72.322861, 42.33416 ], [ -72.320336, 42.33646 ], [ -72.317631, 42.339626 ], [ -72.314933, 42.339543 ], [ -72.314606, 42.340934 ], [ -72.314893, 42.342164 ], [ -72.314778, 42.343496 ], [ -72.31396, 42.343702 ], [ -72.313382, 42.343012 ], [ -72.312176, 42.342802 ], [ -72.311493, 42.343168 ], [ -72.310797, 42.343117 ], [ -72.310151, 42.343729 ], [ -72.309409, 42.343761 ], [ -72.309331, 42.344549 ], [ -72.308788, 42.344891 ], [ -72.308354, 42.344634 ], [ -72.308859, 42.344361 ], [ -72.308803, 42.344102 ], [ -72.306804, 42.344282 ], [ -72.306411, 42.344619 ], [ -72.307112, 42.345035 ], [ -72.306241, 42.345574 ], [ -72.306382, 42.346053 ], [ -72.30473, 42.345821 ], [ -72.3053, 42.345306 ], [ -72.304652, 42.345307 ], [ -72.301737, 42.347469 ], [ -72.301127, 42.348435 ], [ -72.298744, 42.349322 ], [ -72.296709, 42.349369 ], [ -72.295389, 42.350569 ], [ -72.292677, 42.351287 ], [ -72.291981, 42.351827 ], [ -72.291333, 42.351736 ], [ -72.291264, 42.351119 ], [ -72.291001, 42.351033 ], [ -72.290384, 42.351319 ], [ -72.290516, 42.352012 ], [ -72.290288, 42.352109 ], [ -72.284231, 42.35201 ], [ -72.281382, 42.336127 ], [ -72.278491, 42.336465 ], [ -72.277079, 42.329405 ], [ -72.280003, 42.329091 ], [ -72.274639, 42.301963 ], [ -72.261922, 42.305258 ], [ -72.261545, 42.303331 ], [ -72.210795, 42.31138 ], [ -72.212144, 42.310218 ], [ -72.212854, 42.307737 ], [ -72.212611, 42.306635 ], [ -72.213067, 42.303809 ], [ -72.212297, 42.302816 ], [ -72.212421, 42.301982 ], [ -72.213401, 42.301068 ], [ -72.21556, 42.300097 ], [ -72.216305, 42.299135 ], [ -72.216778, 42.296195 ], [ -72.216499, 42.295326 ], [ -72.216745, 42.294056 ], [ -72.213973, 42.294257 ], [ -72.20499, 42.306237 ], [ -72.207183, 42.311522 ], [ -72.205328, 42.31136 ], [ -72.203669, 42.310792 ], [ -72.202672, 42.311204 ], [ -72.199716, 42.311375 ], [ -72.194626, 42.309488 ], [ -72.193366, 42.308527 ], [ -72.194185, 42.306853 ], [ -72.194226, 42.306121 ], [ -72.19305, 42.305111 ], [ -72.192231, 42.304875 ], [ -72.190678, 42.304599 ], [ -72.187294, 42.304711 ], [ -72.18396, 42.30642 ], [ -72.183785, 42.306747 ], [ -72.184147, 42.307159 ], [ -72.185829, 42.308001 ], [ -72.184758, 42.30859 ], [ -72.185423, 42.309711 ], [ -72.185221, 42.310352 ], [ -72.183032, 42.312766 ], [ -72.179878, 42.313934 ], [ -72.178891, 42.31603 ], [ -72.176979, 42.316564 ], [ -72.176904, 42.319194 ], [ -72.175676, 42.320363 ], [ -72.172109, 42.322744 ], [ -72.172677, 42.32416 ], [ -72.172434, 42.325806 ], [ -72.171281, 42.326363 ], [ -72.17057, 42.327815 ], [ -72.168327, 42.329367 ], [ -72.167533, 42.331093 ], [ -72.163933, 42.332444 ], [ -72.163649, 42.333302 ], [ -72.162393, 42.333892 ], [ -72.162696, 42.334369 ], [ -72.163738, 42.334892 ], [ -72.163627, 42.336361 ], [ -72.163193, 42.336787 ], [ -72.160673, 42.337684 ], [ -72.159608, 42.338576 ], [ -72.159293, 42.339518 ], [ -72.159621, 42.340823 ], [ -72.159488, 42.341624 ], [ -72.158655, 42.34232 ], [ -72.158512, 42.343125 ], [ -72.157487, 42.343553 ], [ -72.154622, 42.34373 ], [ -72.153522, 42.345085 ], [ -72.152294, 42.345505 ], [ -72.149556, 42.345287 ], [ -72.146849, 42.345672 ], [ -72.144138, 42.34409 ], [ -72.142658, 42.344453 ], [ -72.141425, 42.344255 ], [ -72.140395, 42.344687 ], [ -72.139817, 42.34546 ], [ -72.140315, 42.348233 ], [ -72.139216, 42.348524 ], [ -72.137178, 42.348002 ], [ -72.136388, 42.348709 ], [ -72.136282, 42.350047 ], [ -72.136964, 42.351358 ], [ -72.136986, 42.353118 ], [ -72.136692, 42.353829 ], [ -72.13558, 42.354788 ], [ -72.13467, 42.357396 ], [ -72.133476, 42.358411 ], [ -72.132074, 42.358932 ], [ -72.130422, 42.358783 ], [ -72.126627, 42.35975 ], [ -72.123994, 42.36164 ], [ -72.124407, 42.363347 ], [ -72.123667, 42.36393 ], [ -72.041168, 42.308697 ], [ -71.967291, 42.310682 ], [ -71.939356, 42.189238 ], [ -71.895135, 42.192425 ], [ -71.875802, 42.17012 ], [ -71.858096, 42.160706 ], [ -71.834924, 42.159829 ], [ -71.831504, 42.164253 ], [ -71.825959, 42.16582 ], [ -71.825488, 42.15992 ], [ -71.834485, 42.157257 ], [ -71.834105, 42.15499 ], [ -71.83048, 42.156082 ], [ -71.824853, 42.155332 ], [ -71.829591, 42.14486 ], [ -71.831942, 42.143775 ], [ -71.82953, 42.129391 ], [ -71.817956, 42.133264 ], [ -71.797177, 42.099172 ], [ -71.809217, 42.095363 ], [ -71.811328, 42.098871 ], [ -71.881509, 42.075893 ], [ -71.879083, 42.068176 ], [ -71.878827, 42.066158 ], [ -71.879609, 42.063895 ], [ -71.881771, 42.06289 ], [ -71.882104, 42.06242 ], [ -71.88158, 42.060269 ], [ -71.882325, 42.058768 ], [ -71.880766, 42.058383 ], [ -71.879928, 42.057834 ], [ -71.880387, 42.055507 ], [ -71.878408, 42.05525 ], [ -71.878334, 42.056202 ], [ -71.877523, 42.056347 ], [ -71.876719, 42.05483 ], [ -71.874371, 42.055693 ], [ -71.873105, 42.050975 ], [ -71.868863, 42.051593 ], [ -71.868945, 42.050178 ], [ -71.86616, 42.050357 ], [ -71.866173, 42.049808 ], [ -71.867143, 42.0498 ], [ -71.867192, 42.048356 ], [ -71.867865, 42.047392 ], [ -71.863985, 42.045819 ], [ -71.86146, 42.045992 ], [ -71.859499, 42.041309 ], [ -71.859158, 42.038963 ], [ -71.857163, 42.03675 ], [ -71.855877, 42.033926 ], [ -71.853289, 42.031491 ], [ -71.851912, 42.02969 ], [ -71.846917, 42.025424 ], [ -71.845712, 42.023994 ], [ -71.903251, 42.024584 ], [ -71.98768, 42.026884 ], [ -72.071826, 42.027637 ], [ -72.143151, 42.030522 ], [ -72.338809, 42.03216 ], [ -72.460119, 42.034357 ], [ -72.492236, 42.034214 ], [ -72.531549, 42.034578 ], [ -72.572778, 42.030219 ], [ -72.582163, 42.024741 ], [ -72.607169, 42.025148 ], [ -72.607978, 42.031083 ], [ -72.640191, 42.032048 ], [ -72.673032, 42.035195 ], [ -72.69933, 42.036957 ], [ -72.714561, 42.036911 ], [ -72.714558, 42.036553 ], [ -72.755894, 42.036349 ], [ -72.756046, 42.034943 ], [ -72.756802, 42.034386 ], [ -72.757301, 42.033381 ], [ -72.754641, 42.032595 ], [ -72.752553, 42.031249 ], [ -72.751944, 42.03013 ], [ -72.752062, 42.029025 ], [ -72.752967, 42.027815 ], [ -72.753842, 42.027258 ], [ -72.754536, 42.02576 ], [ -72.75578, 42.024732 ], [ -72.756652, 42.022926 ], [ -72.756591, 42.021878 ], [ -72.757341, 42.020979 ], [ -72.75836, 42.020829 ], [ -72.759232, 42.021078 ], [ -72.759434, 42.022163 ], [ -72.760567, 42.02265 ], [ -72.761411, 42.022713 ], [ -72.763487, 42.021184 ], [ -72.763812, 42.021245 ], [ -72.763952, 42.021918 ], [ -72.765252, 42.022366 ], [ -72.765303, 42.021892 ], [ -72.764587, 42.021514 ], [ -72.764477, 42.020873 ], [ -72.765369, 42.020345 ], [ -72.765806, 42.019568 ], [ -72.764629, 42.019953 ], [ -72.762947, 42.019683 ], [ -72.762018, 42.017696 ], [ -72.760735, 42.0171 ], [ -72.760068, 42.017315 ], [ -72.759826, 42.016944 ], [ -72.759999, 42.016356 ], [ -72.759402, 42.016242 ], [ -72.75895, 42.015469 ], [ -72.759696, 42.01511 ], [ -72.760624, 42.01569 ], [ -72.761004, 42.014704 ], [ -72.762977, 42.013466 ], [ -72.763066, 42.011983 ], [ -72.761918, 42.010151 ], [ -72.761392, 42.009876 ], [ -72.761501, 42.009302 ], [ -72.762976, 42.008545 ], [ -72.764874, 42.008371 ], [ -72.766253, 42.007871 ], [ -72.766733, 42.003266 ], [ -72.817053, 41.997685 ], [ -72.813784, 42.036744 ], [ -72.873327, 42.037676 ], [ -72.979038, 42.038237 ], [ -73.036802, 42.039294 ], [ -73.340723, 42.048365 ], [ -73.428515, 42.050476 ], [ -73.487319, 42.049525 ], [ -73.497018, 42.049624 ], [ -73.50821, 42.086134 ] ] ] } },
{ "type": "Feature", "properties": { "district": "2", "name": "Congressional District 2" }, "geometry": { "type": "Polygon", "coordinates": [ [ [ -72.90458, 42.430385 ], [ -72.847905, 42.43649 ], [ -72.855633, 42.48092 ], [ -72.871136, 42.484041 ], [ -72.875155, 42.507249 ], [ -72.87032, 42.52515 ], [ -72.875461, 42.525897 ], [ -72.876658, 42.531733 ], [ -72.877026, 42.555425 ], [ -72.848454, 42.559069 ], [ -72.831748, 42.616627 ], [ -72.82248, 42.618798 ], [ -72.820266, 42.618424 ], [ -72.81565, 42.616807 ], [ -72.809896, 42.616974 ], [ -72.80311, 42.616625 ], [ -72.797902, 42.617608 ], [ -72.790831, 42.619677 ], [ -72.783541, 42.621296 ], [ -72.778354, 42.621057 ], [ -72.772842, 42.620135 ], [ -72.764282, 42.619428 ], [ -72.759229, 42.619874 ], [ -72.754099, 42.620979 ], [ -72.75218, 42.620059 ], [ -72.750142, 42.618232 ], [ -72.748384, 42.618038 ], [ -72.74528, 42.619671 ], [ -72.745582, 42.621504 ], [ -72.746995, 42.622939 ], [ -72.746721, 42.624171 ], [ -72.744536, 42.6264 ], [ -72.743095, 42.627115 ], [ -72.738969, 42.627272 ], [ -72.736889, 42.627021 ], [ -72.737015, 42.629044 ], [ -72.736186, 42.631745 ], [ -72.735114, 42.633108 ], [ -72.766092, 42.62926 ], [ -72.772647, 42.658334 ], [ -72.821506, 42.636877 ], [ -72.835707, 42.63507 ], [ -72.836201, 42.637789 ], [ -72.842793, 42.638098 ], [ -72.842273, 42.646614 ], [ -72.851206, 42.647145 ], [ -72.854215, 42.664652 ], [ -72.855425, 42.664615 ], [ -72.857687, 42.67409 ], [ -72.859584, 42.683087 ], [ -72.854034, 42.683207 ], [ -72.864319, 42.737838 ], [ -72.624535, 42.731634 ], [ -72.250963, 42.720685 ], [ -72.111059, 42.717206 ], [ -72.116631, 42.626607 ], [ -72.075749, 42.625235 ], [ -72.035983, 42.593857 ], [ -72.041811, 42.591978 ], [ -72.042209, 42.589364 ], [ -72.040869, 42.588225 ], [ -72.039717, 42.587697 ], [ -72.039444, 42.586849 ], [ -72.038802, 42.586481 ], [ -72.039315, 42.585564 ], [ -72.041609, 42.584776 ], [ -72.042293, 42.583909 ], [ -72.041514, 42.582894 ], [ -72.042038, 42.582137 ], [ -72.041546, 42.580868 ], [ -72.042183, 42.580302 ], [ -72.042024, 42.579794 ], [ -72.040386, 42.578614 ], [ -72.037849, 42.578408 ], [ -72.03751, 42.577865 ], [ -72.038217, 42.57733 ], [ -72.037997, 42.57707 ], [ -72.037054, 42.577409 ], [ -72.036323, 42.578197 ], [ -72.035723, 42.579038 ], [ -72.035494, 42.580104 ], [ -72.034599, 42.579992 ], [ -72.031729, 42.578336 ], [ -72.032926, 42.576324 ], [ -72.032431, 42.575883 ], [ -72.031114, 42.575948 ], [ -72.031218, 42.574211 ], [ -72.027441, 42.57393 ], [ -72.026699, 42.573266 ], [ -72.023419, 42.573673 ], [ -72.023074, 42.57441 ], [ -72.020021, 42.5755 ], [ -72.019366, 42.576706 ], [ -72.017889, 42.576465 ], [ -72.017029, 42.575535 ], [ -72.01687, 42.5744 ], [ -72.016328, 42.574213 ], [ -72.015999, 42.573655 ], [ -72.017049, 42.572263 ], [ -72.019242, 42.571222 ], [ -72.019454, 42.570778 ], [ -72.018782, 42.570338 ], [ -72.016577, 42.569883 ], [ -72.014999, 42.567943 ], [ -72.02701, 42.563241 ], [ -71.979686, 42.53231 ], [ -71.949793, 42.511886 ], [ -71.949603, 42.513122 ], [ -71.950128, 42.515948 ], [ -71.950913, 42.516807 ], [ -71.951318, 42.517904 ], [ -71.95017, 42.519144 ], [ -71.949875, 42.520557 ], [ -71.950129, 42.521885 ], [ -71.949314, 42.524045 ], [ -71.94847, 42.524485 ], [ -71.942943, 42.525342 ], [ -71.940649, 42.526179 ], [ -71.937774, 42.526555 ], [ -71.932808, 42.526364 ], [ -71.929694, 42.528948 ], [ -71.929081, 42.525052 ], [ -71.927179, 42.523488 ], [ -71.926256, 42.523206 ], [ -71.921756, 42.52802 ], [ -71.920466, 42.529876 ], [ -71.92053, 42.52835 ], [ -71.918559, 42.525772 ], [ -71.91431, 42.523282 ], [ -71.911638, 42.524343 ], [ -71.908493, 42.526557 ], [ -71.907369, 42.528539 ], [ -71.906503, 42.529231 ], [ -71.905082, 42.531265 ], [ -71.904618, 42.533796 ], [ -71.902439, 42.535679 ], [ -71.902143, 42.534922 ], [ -71.900833, 42.533688 ], [ -71.898665, 42.532959 ], [ -71.897248, 42.53193 ], [ -71.896422, 42.531752 ], [ -71.895599, 42.530162 ], [ -71.893621, 42.527642 ], [ -71.892932, 42.526251 ], [ -71.892049, 42.522786 ], [ -71.891834, 42.519978 ], [ -71.890795, 42.517976 ], [ -71.886937, 42.517309 ], [ -71.883236, 42.515357 ], [ -71.88015, 42.514582 ], [ -71.87762, 42.512841 ], [ -71.876761, 42.511082 ], [ -71.874865, 42.50952 ], [ -71.864531, 42.516933 ], [ -71.86104, 42.516374 ], [ -71.856837, 42.519083 ], [ -71.849404, 42.517903 ], [ -71.84737, 42.514705 ], [ -71.844954, 42.514439 ], [ -71.842004, 42.514679 ], [ -71.837123, 42.548551 ], [ -71.83088, 42.549018 ], [ -71.821281, 42.546539 ], [ -71.814214, 42.547253 ], [ -71.8079, 42.547164 ], [ -71.804663, 42.548262 ], [ -71.800126, 42.55211 ], [ -71.798699, 42.552594 ], [ -71.797118, 42.552551 ], [ -71.78937, 42.550931 ], [ -71.786023, 42.551047 ], [ -71.771342, 42.559248 ], [ -71.764287, 42.555056 ], [ -71.761588, 42.551904 ], [ -71.761951, 42.549808 ], [ -71.760362, 42.547622 ], [ -71.757766, 42.548568 ], [ -71.754166, 42.546052 ], [ -71.749679, 42.545202 ], [ -71.749149, 42.54905 ], [ -71.749869, 42.549759 ], [ -71.747769, 42.549935 ], [ -71.75045, 42.553462 ], [ -71.754096, 42.559456 ], [ -71.757247, 42.562068 ], [ -71.76295, 42.563924 ], [ -71.745072, 42.57386 ], [ -71.720417, 42.552329 ], [ -71.711231, 42.535354 ], [ -71.702236, 42.533895 ], [ -71.712384, 42.521329 ], [ -71.71674, 42.518971 ], [ -71.728385, 42.475128 ], [ -71.718699, 42.473374 ], [ -71.718362, 42.41022 ], [ -71.721578, 42.409239 ], [ -71.725979, 42.390289 ], [ -71.701017, 42.395808 ], [ -71.670551, 42.386665 ], [ -71.677794, 42.365154 ], [ -71.633942, 42.358398 ], [ -71.624702, 42.350465 ], [ -71.625825, 42.349724 ], [ -71.620658, 42.345249 ], [ -71.61755, 42.341968 ], [ -71.616047, 42.341464 ], [ -71.611529, 42.338993 ], [ -71.604099, 42.336769 ], [ -71.603591, 42.331676 ], [ -71.605266, 42.33016 ], [ -71.601885, 42.326971 ], [ -71.597363, 42.321016 ], [ -71.592502, 42.317901 ], [ -71.58521, 42.310952 ], [ -71.569085, 42.320373 ], [ -71.551126, 42.326395 ], [ -71.516527, 42.330336 ], [ -71.508216, 42.327928 ], [ -71.486797, 42.330189 ], [ -71.485109, 42.323164 ], [ -71.485948, 42.311228 ], [ -71.497046, 42.289829 ], [ -71.460756, 42.279063 ], [ -71.419298, 42.257281 ], [ -71.418303, 42.246504 ], [ -71.420075, 42.238123 ], [ -71.417259, 42.237888 ], [ -71.416491, 42.236678 ], [ -71.413362, 42.234557 ], [ -71.41339, 42.232565 ], [ -71.412664, 42.231014 ], [ -71.413045, 42.229639 ], [ -71.412538, 42.228171 ], [ -71.411305, 42.227065 ], [ -71.410074, 42.226558 ], [ -71.409049, 42.224575 ], [ -71.40968, 42.224014 ], [ -71.408953, 42.222959 ], [ -71.408615, 42.221114 ], [ -71.410091, 42.219816 ], [ -71.410022, 42.218749 ], [ -71.408256, 42.218445 ], [ -71.407961, 42.217656 ], [ -71.407331, 42.218164 ], [ -71.401953, 42.21542 ], [ -71.403709, 42.214861 ], [ -71.403582, 42.214287 ], [ -71.402227, 42.213131 ], [ -71.40118, 42.212927 ], [ -71.400191, 42.211791 ], [ -71.398603, 42.211207 ], [ -71.397529, 42.210302 ], [ -71.397311, 42.208743 ], [ -71.397027, 42.208568 ], [ -71.397341, 42.207889 ], [ -71.393923, 42.207089 ], [ -71.391706, 42.209742 ], [ -71.388489, 42.208005 ], [ -71.388206, 42.204303 ], [ -71.380182, 42.201759 ], [ -71.384765, 42.192014 ], [ -71.404427, 42.188433 ], [ -71.402295, 42.178794 ], [ -71.375618, 42.135454 ], [ -71.378109, 42.135392 ], [ -71.378944, 42.135834 ], [ -71.379584, 42.13576 ], [ -71.380044, 42.134592 ], [ -71.379218, 42.133441 ], [ -71.379911, 42.132972 ], [ -71.380591, 42.133143 ], [ -71.381101, 42.132866 ], [ -71.38194, 42.133458 ], [ -71.382716, 42.133145 ], [ -71.383345, 42.133572 ], [ -71.383132, 42.133817 ], [ -71.382074, 42.133782 ], [ -71.382926, 42.134213 ], [ -71.382803, 42.135031 ], [ -71.382096, 42.135547 ], [ -71.383092, 42.135515 ], [ -71.383494, 42.135193 ], [ -71.384991, 42.135275 ], [ -71.397103, 42.137323 ], [ -71.39909, 42.138769 ], [ -71.402456, 42.139539 ], [ -71.403259, 42.139134 ], [ -71.404177, 42.13756 ], [ -71.405, 42.136793 ], [ -71.406237, 42.136309 ], [ -71.408816, 42.134213 ], [ -71.410049, 42.133985 ], [ -71.411328, 42.134415 ], [ -71.412957, 42.133587 ], [ -71.414559, 42.134273 ], [ -71.415833, 42.135634 ], [ -71.414707, 42.137339 ], [ -71.414703, 42.137917 ], [ -71.415098, 42.138259 ], [ -71.418845, 42.136402 ], [ -71.419323, 42.137446 ], [ -71.419674, 42.137602 ], [ -71.41999, 42.137202 ], [ -71.420535, 42.137541 ], [ -71.419036, 42.138321 ], [ -71.418942, 42.138789 ], [ -71.419221, 42.138968 ], [ -71.421829, 42.138728 ], [ -71.423191, 42.139115 ], [ -71.424382, 42.139045 ], [ -71.427085, 42.138566 ], [ -71.427852, 42.138108 ], [ -71.428801, 42.138289 ], [ -71.429514, 42.138972 ], [ -71.430229, 42.139012 ], [ -71.432788, 42.13714 ], [ -71.433089, 42.136495 ], [ -71.433865, 42.135971 ], [ -71.433496, 42.135646 ], [ -71.433797, 42.135161 ], [ -71.434226, 42.135095 ], [ -71.434299, 42.135613 ], [ -71.434745, 42.13559 ], [ -71.434926, 42.135314 ], [ -71.434572, 42.134327 ], [ -71.436193, 42.134319 ], [ -71.438625, 42.135185 ], [ -71.440248, 42.135267 ], [ -71.441426, 42.134829 ], [ -71.442693, 42.135784 ], [ -71.478522, 42.131378 ], [ -71.478027, 42.165871 ], [ -71.493136, 42.16621 ], [ -71.497378, 42.166643 ], [ -71.502626, 42.191416 ], [ -71.506894, 42.188927 ], [ -71.539498, 42.189734 ], [ -71.555738, 42.182503 ], [ -71.555497, 42.182342 ], [ -71.555806, 42.182079 ], [ -71.55382, 42.181825 ], [ -71.553646, 42.181406 ], [ -71.552866, 42.181098 ], [ -71.55259, 42.179984 ], [ -71.552008, 42.179775 ], [ -71.551666, 42.178571 ], [ -71.552525, 42.177408 ], [ -71.553711, 42.178243 ], [ -71.554898, 42.178113 ], [ -71.555382, 42.177329 ], [ -71.555944, 42.177252 ], [ -71.557187, 42.178342 ], [ -71.557946, 42.178312 ], [ -71.558832, 42.178842 ], [ -71.560888, 42.178977 ], [ -71.562017, 42.178614 ], [ -71.561626, 42.176738 ], [ -71.562029, 42.175937 ], [ -71.561736, 42.174715 ], [ -71.561874, 42.174305 ], [ -71.562516, 42.174098 ], [ -71.562578, 42.172696 ], [ -71.563197, 42.172367 ], [ -71.563269, 42.17197 ], [ -71.562327, 42.171449 ], [ -71.560552, 42.168738 ], [ -71.561227, 42.167786 ], [ -71.560765, 42.167646 ], [ -71.560155, 42.168027 ], [ -71.559783, 42.167623 ], [ -71.559809, 42.167108 ], [ -71.562839, 42.167839 ], [ -71.564288, 42.165958 ], [ -71.564441, 42.164204 ], [ -71.563466, 42.163285 ], [ -71.563522, 42.162384 ], [ -71.56385, 42.162174 ], [ -71.563504, 42.160684 ], [ -71.562372, 42.159995 ], [ -71.561914, 42.158963 ], [ -71.560954, 42.158315 ], [ -71.571402, 42.151845 ], [ -71.571591, 42.142367 ], [ -71.570005, 42.139184 ], [ -71.573414, 42.13579 ], [ -71.592748, 42.121648 ], [ -71.5911, 42.013646 ], [ -71.771427, 42.009481 ], [ -71.799188, 42.008053 ], [ -71.799709, 42.015629 ], [ -71.800671, 42.023514 ], [ -71.845712, 42.023994 ], [ -71.846917, 42.025424 ], [ -71.851912, 42.02969 ], [ -71.853289, 42.031491 ], [ -71.855877, 42.033926 ], [ -71.857163, 42.03675 ], [ -71.859158, 42.038963 ], [ -71.859499, 42.041309 ], [ -71.86146, 42.045992 ], [ -71.863985, 42.045819 ], [ -71.867865, 42.047392 ], [ -71.867192, 42.048356 ], [ -71.867143, 42.0498 ], [ -71.866173, 42.049808 ], [ -71.86616, 42.050357 ], [ -71.868945, 42.050178 ], [ -71.868863, 42.051593 ], [ -71.873105, 42.050975 ], [ -71.874371, 42.055693 ], [ -71.876719, 42.05483 ], [ -71.877582, 42.056354 ], [ -71.878334, 42.056202 ], [ -71.878408, 42.05525 ], [ -71.880131, 42.055401 ], [ -71.880387, 42.055507 ], [ -71.879928, 42.057834 ], [ -71.880766, 42.058383 ], [ -71.882325, 42.058768 ], [ -71.88158, 42.060269 ], [ -71.882132, 42.061836 ], [ -71.882043, 42.06262 ], [ -71.879609, 42.063895 ], [ -71.878827, 42.066158 ], [ -71.879083, 42.068176 ], [ -71.881509, 42.075893 ], [ -71.811328, 42.098871 ], [ -71.809217, 42.095363 ], [ -71.797177, 42.099172 ], [ -71.817956, 42.133264 ], [ -71.82953, 42.129391 ], [ -71.831942, 42.143775 ], [ -71.829591, 42.14486 ], [ -71.824853, 42.155332 ], [ -71.83048, 42.156082 ], [ -71.834105, 42.15499 ], [ -71.834485, 42.157257 ], [ -71.825488, 42.15992 ], [ -71.825959, 42.16582 ], [ -71.831504, 42.164253 ], [ -71.834924, 42.159829 ], [ -71.858096, 42.160706 ], [ -71.875802, 42.17012 ], [ -71.895135, 42.192425 ], [ -71.939356, 42.189238 ], [ -71.967291, 42.310682 ], [ -72.041168, 42.308697 ], [ -72.123667, 42.36393 ], [ -72.124407, 42.363347 ], [ -72.123994, 42.36164 ], [ -72.126627, 42.35975 ], [ -72.130422, 42.358783 ], [ -72.132074, 42.358932 ], [ -72.133476, 42.358411 ], [ -72.13467, 42.357396 ], [ -72.13558, 42.354788 ], [ -72.136692, 42.353829 ], [ -72.136986, 42.353118 ], [ -72.136964, 42.351358 ], [ -72.136282, 42.350047 ], [ -72.136388, 42.348709 ], [ -72.137178, 42.348002 ], [ -72.139216, 42.348524 ], [ -72.140315, 42.348233 ], [ -72.139817, 42.34546 ], [ -72.140395, 42.344687 ], [ -72.141425, 42.344255 ], [ -72.142658, 42.344453 ], [ -72.144138, 42.34409 ], [ -72.146849, 42.345672 ], [ -72.149556, 42.345287 ], [ -72.152294, 42.345505 ], [ -72.153522, 42.345085 ], [ -72.154622, 42.34373 ], [ -72.157487, 42.343553 ], [ -72.158512, 42.343125 ], [ -72.158655, 42.34232 ], [ -72.159488, 42.341624 ], [ -72.159621, 42.340823 ], [ -72.159293, 42.339518 ], [ -72.159608, 42.338576 ], [ -72.160673, 42.337684 ], [ -72.163193, 42.336787 ], [ -72.163627, 42.336361 ], [ -72.163738, 42.334892 ], [ -72.162696, 42.334369 ], [ -72.162393, 42.333892 ], [ -72.163649, 42.333302 ], [ -72.163933, 42.332444 ], [ -72.167533, 42.331093 ], [ -72.168327, 42.329367 ], [ -72.17057, 42.327815 ], [ -72.171281, 42.326363 ], [ -72.172434, 42.325806 ], [ -72.172677, 42.32416 ], [ -72.172109, 42.322744 ], [ -72.175676, 42.320363 ], [ -72.176904, 42.319194 ], [ -72.176979, 42.316564 ], [ -72.178891, 42.31603 ], [ -72.179878, 42.313934 ], [ -72.183032, 42.312766 ], [ -72.185221, 42.310352 ], [ -72.185423, 42.309711 ], [ -72.184758, 42.30859 ], [ -72.185829, 42.308001 ], [ -72.184147, 42.307159 ], [ -72.183785, 42.306747 ], [ -72.18396, 42.30642 ], [ -72.187294, 42.304711 ], [ -72.190678, 42.304599 ], [ -72.192231, 42.304875 ], [ -72.19305, 42.305111 ], [ -72.194226, 42.306121 ], [ -72.194185, 42.306853 ], [ -72.193366, 42.308527 ], [ -72.194626, 42.309488 ], [ -72.199716, 42.311375 ], [ -72.202672, 42.311204 ], [ -72.203669, 42.310792 ], [ -72.205328, 42.31136 ], [ -72.207183, 42.311522 ], [ -72.20499, 42.306237 ], [ -72.213973, 42.294257 ], [ -72.216745, 42.294056 ], [ -72.216499, 42.295326 ], [ -72.216778, 42.296195 ], [ -72.216305, 42.299135 ], [ -72.21556, 42.300097 ], [ -72.213401, 42.301068 ], [ -72.212421, 42.301982 ], [ -72.212297, 42.302816 ], [ -72.213067, 42.303809 ], [ -72.212611, 42.306635 ], [ -72.212854, 42.307737 ], [ -72.212144, 42.310218 ], [ -72.210795, 42.31138 ], [ -72.261545, 42.303331 ], [ -72.261922, 42.305258 ], [ -72.274639, 42.301963 ], [ -72.280003, 42.329091 ], [ -72.277079, 42.329405 ], [ -72.278491, 42.336465 ], [ -72.281382, 42.336127 ], [ -72.284231, 42.35201 ], [ -72.290288, 42.352109 ], [ -72.290516, 42.352012 ], [ -72.290384, 42.351319 ], [ -72.291001, 42.351033 ], [ -72.291264, 42.351119 ], [ -72.291333, 42.351736 ], [ -72.291981, 42.351827 ], [ -72.292677, 42.351287 ], [ -72.295389, 42.350569 ], [ -72.296709, 42.349369 ], [ -72.298744, 42.349322 ], [ -72.301127, 42.348435 ], [ -72.301737, 42.347469 ], [ -72.304652, 42.345307 ], [ -72.3053, 42.345306 ], [ -72.30473, 42.345821 ], [ -72.306382, 42.346053 ], [ -72.306241, 42.345574 ], [ -72.307112, 42.345035 ], [ -72.306411, 42.344619 ], [ -72.306804, 42.344282 ], [ -72.308803, 42.344102 ], [ -72.308859, 42.344361 ], [ -72.308354, 42.344634 ], [ -72.308788, 42.344891 ], [ -72.309331, 42.344549 ], [ -72.309409, 42.343761 ], [ -72.310151, 42.343729 ], [ -72.310797, 42.343117 ], [ -72.311493, 42.343168 ], [ -72.312176, 42.342802 ], [ -72.313382, 42.343012 ], [ -72.31396, 42.343702 ], [ -72.314778, 42.343496 ], [ -72.314893, 42.342164 ], [ -72.314606, 42.340934 ], [ -72.314933, 42.339543 ], [ -72.317631, 42.339626 ], [ -72.320336, 42.33646 ], [ -72.322861, 42.33416 ], [ -72.32318, 42.333278 ], [ -72.322386, 42.332284 ], [ -72.322584, 42.331169 ], [ -72.324559, 42.330953 ], [ -72.325334, 42.330066 ], [ -72.326085, 42.328244 ], [ -72.324535, 42.326297 ], [ -72.3252, 42.325558 ], [ -72.326214, 42.325158 ], [ -72.326762, 42.326814 ], [ -72.32761, 42.326757 ], [ -72.32818, 42.326059 ], [ -72.328219, 42.325248 ], [ -72.3274, 42.323477 ], [ -72.327211, 42.320917 ], [ -72.327546, 42.31954 ], [ -72.328117, 42.318746 ], [ -72.328863, 42.318645 ], [ -72.328834, 42.31942 ], [ -72.329489, 42.319755 ], [ -72.333073, 42.319122 ], [ -72.334715, 42.317618 ], [ -72.334914, 42.315542 ], [ -72.335246, 42.315142 ], [ -72.338244, 42.314446 ], [ -72.342287, 42.314242 ], [ -72.343597, 42.311887 ], [ -72.346259, 42.309774 ], [ -72.348656, 42.309176 ], [ -72.350159, 42.310312 ], [ -72.351169, 42.31034 ], [ -72.351459, 42.309993 ], [ -72.350937, 42.309071 ], [ -72.349794, 42.308793 ], [ -72.349596, 42.308443 ], [ -72.349889, 42.308043 ], [ -72.352278, 42.307938 ], [ -72.352778, 42.307451 ], [ -72.351992, 42.307166 ], [ -72.350959, 42.307476 ], [ -72.349965, 42.306768 ], [ -72.349517, 42.305552 ], [ -72.349894, 42.304516 ], [ -72.350996, 42.30391 ], [ -72.351558, 42.304041 ], [ -72.3516, 42.305915 ], [ -72.3522, 42.306423 ], [ -72.35421, 42.305684 ], [ -72.356018, 42.303283 ], [ -72.356675, 42.303429 ], [ -72.357864, 42.305793 ], [ -72.358797, 42.305747 ], [ -72.359098, 42.306661 ], [ -72.360632, 42.307654 ], [ -72.360101, 42.307837 ], [ -72.360594, 42.308414 ], [ -72.360478, 42.3087 ], [ -72.358895, 42.308698 ], [ -72.358655, 42.309023 ], [ -72.359013, 42.309849 ], [ -72.35638, 42.311009 ], [ -72.356326, 42.311238 ], [ -72.356946, 42.311347 ], [ -72.35645, 42.312164 ], [ -72.356928, 42.313033 ], [ -72.356096, 42.313514 ], [ -72.356157, 42.314374 ], [ -72.35494, 42.314893 ], [ -72.354527, 42.315837 ], [ -72.35521, 42.316528 ], [ -72.354695, 42.317484 ], [ -72.355227, 42.318198 ], [ -72.35458, 42.319056 ], [ -72.355097, 42.318998 ], [ -72.355204, 42.319331 ], [ -72.354419, 42.319639 ], [ -72.353002, 42.321252 ], [ -72.353997, 42.322152 ], [ -72.353527, 42.322347 ], [ -72.353586, 42.323195 ], [ -72.354273, 42.323856 ], [ -72.353598, 42.324306 ], [ -72.352827, 42.32426 ], [ -72.351178, 42.324884 ], [ -72.35188, 42.325341 ], [ -72.351842, 42.325694 ], [ -72.352435, 42.325757 ], [ -72.352945, 42.326298 ], [ -72.352329, 42.32654 ], [ -72.352669, 42.327425 ], [ -72.353594, 42.327692 ], [ -72.352233, 42.328725 ], [ -72.352901, 42.329093 ], [ -72.352487, 42.329655 ], [ -72.352128, 42.329425 ], [ -72.351899, 42.329785 ], [ -72.351128, 42.329563 ], [ -72.351961, 42.330803 ], [ -72.352532, 42.331135 ], [ -72.352763, 42.331815 ], [ -72.35204, 42.332948 ], [ -72.352201, 42.333325 ], [ -72.351699, 42.3332 ], [ -72.351491, 42.333628 ], [ -72.35099, 42.333641 ], [ -72.351568, 42.334194 ], [ -72.350975, 42.334715 ], [ -72.351045, 42.335166 ], [ -72.351638, 42.335417 ], [ -72.351555, 42.335749 ], [ -72.352087, 42.336284 ], [ -72.352332, 42.335834 ], [ -72.352927, 42.336277 ], [ -72.353183, 42.336973 ], [ -72.352666, 42.337157 ], [ -72.3535, 42.337585 ], [ -72.352884, 42.338174 ], [ -72.353663, 42.338516 ], [ -72.353455, 42.339139 ], [ -72.354157, 42.339224 ], [ -72.353988, 42.340068 ], [ -72.354767, 42.339808 ], [ -72.355396, 42.340678 ], [ -72.380368, 42.340614 ], [ -72.393708, 42.339296 ], [ -72.39347, 42.338169 ], [ -72.405455, 42.336437 ], [ -72.409417, 42.358762 ], [ -72.472287, 42.351458 ], [ -72.464195, 42.308053 ], [ -72.479694, 42.306902 ], [ -72.4831, 42.305319 ], [ -72.487764, 42.304708 ], [ -72.493586, 42.302268 ], [ -72.498034, 42.305119 ], [ -72.499117, 42.306263 ], [ -72.500745, 42.305166 ], [ -72.504151, 42.305471 ], [ -72.506665, 42.306388 ], [ -72.521421, 42.302182 ], [ -72.524673, 42.303155 ], [ -72.527961, 42.301458 ], [ -72.531212, 42.303624 ], [ -72.535151, 42.304252 ], [ -72.539903, 42.304127 ], [ -72.544658, 42.305683 ], [ -72.564951, 42.303833 ], [ -72.569306, 42.304489 ], [ -72.577285, 42.302981 ], [ -72.587961, 42.300358 ], [ -72.595326, 42.294431 ], [ -72.602124, 42.288045 ], [ -72.609948, 42.285224 ], [ -72.612007, 42.285573 ], [ -72.613641, 42.286628 ], [ -72.614449, 42.287507 ], [ -72.614921, 42.288658 ], [ -72.614701, 42.290199 ], [ -72.619303, 42.290067 ], [ -72.621085, 42.28962 ], [ -72.624521, 42.288148 ], [ -72.629022, 42.285267 ], [ -72.630232, 42.284929 ], [ -72.634849, 42.285388 ], [ -72.636196, 42.286113 ], [ -72.637441, 42.287406 ], [ -72.640677, 42.284137 ], [ -72.64208, 42.288174 ], [ -72.643832, 42.288519 ], [ -72.646138, 42.290468 ], [ -72.648766, 42.291824 ], [ -72.660468, 42.288696 ], [ -72.660216, 42.289254 ], [ -72.672035, 42.290193 ], [ -72.672091, 42.291887 ], [ -72.736726, 42.284241 ], [ -72.735758, 42.266518 ], [ -72.814405, 42.256819 ], [ -72.821122, 42.33863 ], [ -72.822012, 42.339362 ], [ -72.823175, 42.339103 ], [ -72.823956, 42.339428 ], [ -72.824724, 42.340447 ], [ -72.826184, 42.341149 ], [ -72.825838, 42.34194 ], [ -72.826388, 42.342363 ], [ -72.830911, 42.342278 ], [ -72.833483, 42.341748 ], [ -72.835737, 42.343254 ], [ -72.837686, 42.342754 ], [ -72.839222, 42.342945 ], [ -72.839842, 42.343363 ], [ -72.840376, 42.345077 ], [ -72.843723, 42.344653 ], [ -72.844985, 42.343408 ], [ -72.846437, 42.340467 ], [ -72.847496, 42.342311 ], [ -72.848846, 42.342518 ], [ -72.852001, 42.342176 ], [ -72.85364, 42.342535 ], [ -72.854244, 42.343405 ], [ -72.885635, 42.340036 ], [ -72.90458, 42.430385 ] ] ] } },
{ "type": "Feature", "properties": { "district": "3", "name": "Congressional District 3" }, "geometry": { "type": "Polygon", "coordinates": [ [ [ -72.116458, 42.626582 ], [ -72.111059, 42.717206 ], [ -71.981578, 42.713232 ], [ -71.749224, 42.707471 ], [ -71.696505, 42.705722 ], [ -71.518947, 42.702196 ], [ -71.351635, 42.697901 ], [ -71.294637, 42.697042 ], [ -71.289324, 42.70217 ], [ -71.278949, 42.71135 ], [ -71.267873, 42.726026 ], [ -71.2551, 42.736592 ], [ -71.245426, 42.742546 ], [ -71.237432, 42.744895 ], [ -71.22383, 42.746484 ], [ -71.181786, 42.737341 ], [ -71.18614, 42.790935 ], [ -71.166647, 42.808881 ], [ -71.147939, 42.816176 ], [ -71.132805, 42.821476 ], [ -71.064416, 42.806275 ], [ -71.054005, 42.833282 ], [ -70.999611, 42.810545 ], [ -70.998685, 42.808627 ], [ -70.99875, 42.806965 ], [ -70.999834, 42.80504 ], [ -71.003435, 42.801101 ], [ -71.013256, 42.796008 ], [ -71.01703, 42.793288 ], [ -71.018708, 42.791605 ], [ -71.019757, 42.789526 ], [ -71.020381, 42.784296 ], [ -71.021904, 42.779633 ], [ -71.024235, 42.77576 ], [ -71.030065, 42.769217 ], [ -71.037965, 42.758945 ], [ -71.040017, 42.757721 ], [ -71.042567, 42.757041 ], [ -71.041774, 42.754654 ], [ -71.04275, 42.754338 ], [ -71.044096, 42.753214 ], [ -71.044524, 42.749034 ], [ -71.048341, 42.746145 ], [ -71.052849, 42.739887 ], [ -71.058116, 42.734209 ], [ -71.058883, 42.732463 ], [ -71.072111, 42.732668 ], [ -71.07406, 42.734486 ], [ -71.08191, 42.736685 ], [ -71.088064, 42.736144 ], [ -71.090078, 42.736969 ], [ -71.092467, 42.737 ], [ -71.097834, 42.73522 ], [ -71.108632, 42.735281 ], [ -71.115579, 42.741104 ], [ -71.116448, 42.739086 ], [ -71.118606, 42.736623 ], [ -71.124461, 42.731654 ], [ -71.12681, 42.728357 ], [ -71.134458, 42.721162 ], [ -71.134909, 42.719891 ], [ -71.134966, 42.718222 ], [ -71.133498, 42.713549 ], [ -71.133956, 42.710414 ], [ -71.136292, 42.707214 ], [ -71.137559, 42.706525 ], [ -71.137525, 42.704806 ], [ -71.137116, 42.704387 ], [ -71.139323, 42.703404 ], [ -71.14089, 42.703345 ], [ -71.142778, 42.698923 ], [ -71.144381, 42.699263 ], [ -71.145857, 42.698481 ], [ -71.143395, 42.697028 ], [ -71.143149, 42.6942 ], [ -71.141703, 42.694317 ], [ -71.139219, 42.693209 ], [ -71.139296, 42.692743 ], [ -71.137936, 42.692507 ], [ -71.137897, 42.691538 ], [ -71.137599, 42.691649 ], [ -71.137637, 42.691287 ], [ -71.13732, 42.691136 ], [ -71.137678, 42.690609 ], [ -71.137296, 42.690413 ], [ -71.137452, 42.690073 ], [ -71.137173, 42.689817 ], [ -71.137532, 42.689595 ], [ -71.137319, 42.689343 ], [ -71.138508, 42.688837 ], [ -71.138499, 42.687594 ], [ -71.138868, 42.687451 ], [ -71.139193, 42.687738 ], [ -71.139809, 42.687186 ], [ -71.139202, 42.686735 ], [ -71.137981, 42.686901 ], [ -71.137679, 42.686438 ], [ -71.139297, 42.685694 ], [ -71.139465, 42.685344 ], [ -71.137998, 42.685323 ], [ -71.137787, 42.685046 ], [ -71.139402, 42.684477 ], [ -71.133584, 42.679428 ], [ -71.134452, 42.676778 ], [ -71.151213, 42.681707 ], [ -71.185503, 42.675868 ], [ -71.188862, 42.696268 ], [ -71.190985, 42.697429 ], [ -71.194549, 42.698383 ], [ -71.20249, 42.69891 ], [ -71.212079, 42.701085 ], [ -71.215536, 42.701198 ], [ -71.218173, 42.70063 ], [ -71.220122, 42.699577 ], [ -71.224251, 42.694506 ], [ -71.224807, 42.69343 ], [ -71.225649, 42.685783 ], [ -71.228171, 42.680036 ], [ -71.234094, 42.672518 ], [ -71.238103, 42.669491 ], [ -71.239285, 42.668195 ], [ -71.240397, 42.66673 ], [ -71.241409, 42.663685 ], [ -71.24249, 42.662346 ], [ -71.245454, 42.661195 ], [ -71.249479, 42.661101 ], [ -71.250763, 42.660782 ], [ -71.252879, 42.659544 ], [ -71.254966, 42.657775 ], [ -71.256733, 42.657001 ], [ -71.258482, 42.656923 ], [ -71.264347, 42.657667 ], [ -71.275154, 42.656216 ], [ -71.272018, 42.649216 ], [ -71.271188, 42.644242 ], [ -71.274709, 42.628859 ], [ -71.277791, 42.620847 ], [ -71.283427, 42.615299 ], [ -71.296319, 42.612667 ], [ -71.225669, 42.580036 ], [ -71.229066, 42.578374 ], [ -71.231615, 42.577549 ], [ -71.233839, 42.576177 ], [ -71.238587, 42.575036 ], [ -71.241733, 42.573737 ], [ -71.247719, 42.568085 ], [ -71.250402, 42.566527 ], [ -71.249581, 42.563942 ], [ -71.2513, 42.563267 ], [ -71.254273, 42.562899 ], [ -71.254051, 42.562388 ], [ -71.25201, 42.560833 ], [ -71.251295, 42.559763 ], [ -71.257974, 42.557566 ], [ -71.26023, 42.554261 ], [ -71.264154, 42.552873 ], [ -71.265806, 42.55507 ], [ -71.267835, 42.554594 ], [ -71.267634, 42.549965 ], [ -71.266861, 42.550154 ], [ -71.266676, 42.549946 ], [ -71.266684, 42.548694 ], [ -71.267365, 42.54751 ], [ -71.267189, 42.545501 ], [ -71.266556, 42.544627 ], [ -71.268921, 42.544215 ], [ -71.271719, 42.544506 ], [ -71.272398, 42.545215 ], [ -71.274364, 42.545073 ], [ -71.276395, 42.544383 ], [ -71.273781, 42.542088 ], [ -71.275981, 42.541065 ], [ -71.276085, 42.539312 ], [ -71.274166, 42.539856 ], [ -71.273627, 42.538768 ], [ -71.274445, 42.538358 ], [ -71.273587, 42.53748 ], [ -71.272687, 42.537915 ], [ -71.272102, 42.537481 ], [ -71.269464, 42.538272 ], [ -71.266941, 42.538469 ], [ -71.265006, 42.539365 ], [ -71.263627, 42.539623 ], [ -71.263916, 42.539178 ], [ -71.262965, 42.539164 ], [ -71.262687, 42.538823 ], [ -71.262733, 42.53834 ], [ -71.263314, 42.537793 ], [ -71.263007, 42.536753 ], [ -71.261387, 42.537332 ], [ -71.26103, 42.537162 ], [ -71.258693, 42.537567 ], [ -71.257798, 42.532086 ], [ -71.260424, 42.530936 ], [ -71.25249, 42.524078 ], [ -71.254572, 42.522593 ], [ -71.256396, 42.523992 ], [ -71.264098, 42.524081 ], [ -71.278107, 42.526713 ], [ -71.281051, 42.526348 ], [ -71.303739, 42.519926 ], [ -71.306699, 42.520593 ], [ -71.306561, 42.518917 ], [ -71.306918, 42.517081 ], [ -71.306195, 42.515079 ], [ -71.30633, 42.514393 ], [ -71.308658, 42.513254 ], [ -71.311253, 42.511014 ], [ -71.313421, 42.509717 ], [ -71.316422, 42.507335 ], [ -71.316968, 42.506463 ], [ -71.317809, 42.504217 ], [ -71.317551, 42.501414 ], [ -71.318305, 42.498194 ], [ -71.318585, 42.491157 ], [ -71.319138, 42.488065 ], [ -71.319644, 42.486933 ], [ -71.319303, 42.486289 ], [ -71.31739, 42.484906 ], [ -71.316987, 42.484181 ], [ -71.317214, 42.483561 ], [ -71.318038, 42.482877 ], [ -71.32077, 42.482256 ], [ -71.321268, 42.480515 ], [ -71.320124, 42.480332 ], [ -71.316891, 42.476624 ], [ -71.31704, 42.476479 ], [ -71.313768, 42.474182 ], [ -71.309465, 42.476404 ], [ -71.306552, 42.474427 ], [ -71.304246, 42.474718 ], [ -71.301824, 42.473241 ], [ -71.300818, 42.473652 ], [ -71.29872, 42.472909 ], [ -71.289676, 42.466182 ], [ -71.289302, 42.464557 ], [ -71.302282, 42.46201 ], [ -71.302155, 42.461116 ], [ -71.303191, 42.461254 ], [ -71.304804, 42.45276 ], [ -71.309929, 42.453248 ], [ -71.313618, 42.455023 ], [ -71.335379, 42.437776 ], [ -71.35256, 42.426923 ], [ -71.354626, 42.421783 ], [ -71.355868, 42.420926 ], [ -71.356578, 42.419923 ], [ -71.357084, 42.419826 ], [ -71.359152, 42.420666 ], [ -71.361458, 42.421122 ], [ -71.364416, 42.420441 ], [ -71.364581, 42.418138 ], [ -71.363928, 42.416022 ], [ -71.365141, 42.414183 ], [ -71.365212, 42.413353 ], [ -71.36634, 42.41272 ], [ -71.430389, 42.436937 ], [ -71.464349, 42.4503 ], [ -71.478382, 42.437104 ], [ -71.469443, 42.402593 ], [ -71.472689, 42.389985 ], [ -71.483298, 42.35313 ], [ -71.486797, 42.330189 ], [ -71.508216, 42.327928 ], [ -71.516527, 42.330336 ], [ -71.551126, 42.326395 ], [ -71.569085, 42.320373 ], [ -71.58521, 42.310952 ], [ -71.592502, 42.317901 ], [ -71.597363, 42.321016 ], [ -71.601885, 42.326971 ], [ -71.605266, 42.33016 ], [ -71.603591, 42.331676 ], [ -71.604099, 42.336769 ], [ -71.611529, 42.338993 ], [ -71.616047, 42.341464 ], [ -71.61755, 42.341968 ], [ -71.620658, 42.345249 ], [ -71.625825, 42.349724 ], [ -71.624702, 42.350465 ], [ -71.633942, 42.358398 ], [ -71.677794, 42.365154 ], [ -71.670551, 42.386665 ], [ -71.701017, 42.395808 ], [ -71.725979, 42.390289 ], [ -71.721578, 42.409239 ], [ -71.718362, 42.41022 ], [ -71.718699, 42.473374 ], [ -71.728385, 42.475128 ], [ -71.71674, 42.518971 ], [ -71.712384, 42.521329 ], [ -71.702236, 42.533895 ], [ -71.711231, 42.535354 ], [ -71.720417, 42.552329 ], [ -71.745072, 42.57386 ], [ -71.76295, 42.563924 ], [ -71.757247, 42.562068 ], [ -71.754096, 42.559456 ], [ -71.75045, 42.553462 ], [ -71.747769, 42.549935 ], [ -71.749869, 42.549759 ], [ -71.749149, 42.54905 ], [ -71.749679, 42.545202 ], [ -71.754166, 42.546052 ], [ -71.757766, 42.548568 ], [ -71.760362, 42.547622 ], [ -71.761951, 42.549808 ], [ -71.761588, 42.551904 ], [ -71.764287, 42.555056 ], [ -71.771342, 42.559248 ], [ -71.786023, 42.551047 ], [ -71.78937, 42.550931 ], [ -71.797118, 42.552551 ], [ -71.798699, 42.552594 ], [ -71.800126, 42.55211 ], [ -71.804663, 42.548262 ], [ -71.8079, 42.547164 ], [ -71.814214, 42.547253 ], [ -71.821281, 42.546539 ], [ -71.83088, 42.549018 ], [ -71.837123, 42.548551 ], [ -71.842004, 42.514679 ], [ -71.844954, 42.514439 ], [ -71.84737, 42.514705 ], [ -71.849404, 42.517903 ], [ -71.856837, 42.519083 ], [ -71.86104, 42.516374 ], [ -71.864531, 42.516933 ], [ -71.874865, 42.50952 ], [ -71.876761, 42.511082 ], [ -71.87762, 42.512841 ], [ -71.88015, 42.514582 ], [ -71.883236, 42.515357 ], [ -71.886937, 42.517309 ], [ -71.890795, 42.517976 ], [ -71.891834, 42.519978 ], [ -71.892049, 42.522786 ], [ -71.892932, 42.526251 ], [ -71.893621, 42.527642 ], [ -71.895599, 42.530162 ], [ -71.896422, 42.531752 ], [ -71.897248, 42.53193 ], [ -71.898665, 42.532959 ], [ -71.900833, 42.533688 ], [ -71.902143, 42.534922 ], [ -71.902439, 42.535679 ], [ -71.904618, 42.533796 ], [ -71.905082, 42.531265 ], [ -71.906503, 42.529231 ], [ -71.907369, 42.528539 ], [ -71.908493, 42.526557 ], [ -71.911638, 42.524343 ], [ -71.91431, 42.523282 ], [ -71.918559, 42.525772 ], [ -71.92053, 42.52835 ], [ -71.920466, 42.529876 ], [ -71.921756, 42.52802 ], [ -71.926256, 42.523206 ], [ -71.927179, 42.523488 ], [ -71.929081, 42.525052 ], [ -71.929694, 42.528948 ], [ -71.932808, 42.526364 ], [ -71.937774, 42.526555 ], [ -71.940649, 42.526179 ], [ -71.942943, 42.525342 ], [ -71.94847, 42.524485 ], [ -71.949314, 42.524045 ], [ -71.950129, 42.521885 ], [ -71.949875, 42.520557 ], [ -71.95017, 42.519144 ], [ -71.951318, 42.517904 ], [ -71.950913, 42.516807 ], [ -71.950128, 42.515948 ], [ -71.949603, 42.513122 ], [ -71.949793, 42.511886 ], [ -71.979686, 42.53231 ], [ -72.02701, 42.563241 ], [ -72.014999, 42.567943 ], [ -72.016577, 42.569883 ], [ -72.018782, 42.570338 ], [ -72.019454, 42.570778 ], [ -72.019242, 42.571222 ], [ -72.017049, 42.572263 ], [ -72.015999, 42.573655 ], [ -72.016328, 42.574213 ], [ -72.01687, 42.5744 ], [ -72.017029, 42.575535 ], [ -72.017889, 42.576465 ], [ -72.019366, 42.576706 ], [ -72.020021, 42.5755 ], [ -72.023074, 42.57441 ], [ -72.023419, 42.573673 ], [ -72.026699, 42.573266 ], [ -72.027441, 42.57393 ], [ -72.031218, 42.574211 ], [ -72.031114, 42.575948 ], [ -72.032431, 42.575883 ], [ -72.032926, 42.576324 ], [ -72.031729, 42.578336 ], [ -72.034599, 42.579992 ], [ -72.035494, 42.580104 ], [ -72.035723, 42.579038 ], [ -72.036323, 42.578197 ], [ -72.037054, 42.577409 ], [ -72.037997, 42.57707 ], [ -72.038217, 42.57733 ], [ -72.03751, 42.577865 ], [ -72.037849, 42.578408 ], [ -72.040386, 42.578614 ], [ -72.042024, 42.579794 ], [ -72.042183, 42.580302 ], [ -72.041546, 42.580868 ], [ -72.042038, 42.582137 ], [ -72.041514, 42.582894 ], [ -72.042293, 42.583909 ], [ -72.041609, 42.584776 ], [ -72.039315, 42.585564 ], [ -72.038802, 42.586481 ], [ -72.039444, 42.586849 ], [ -72.039717, 42.587697 ], [ -72.040869, 42.588225 ], [ -72.042209, 42.589364 ], [ -72.041811, 42.591978 ], [ -72.035983, 42.593857 ], [ -72.075749, 42.625235 ], [ -72.116458, 42.626582 ] ] ] } },
{ "type": "Feature", "properties": { "district": "4", "name": "Congressional District 4" }, "geometry": { "type": "Polygon", "coordinates": [ [ [ -71.592748, 42.121648 ], [ -71.573414, 42.13579 ], [ -71.570005, 42.139184 ], [ -71.571591, 42.142367 ], [ -71.571402, 42.151845 ], [ -71.560954, 42.158315 ], [ -71.561914, 42.158963 ], [ -71.562372, 42.159995 ], [ -71.563504, 42.160684 ], [ -71.56385, 42.162174 ], [ -71.563522, 42.162384 ], [ -71.563466, 42.163285 ], [ -71.564441, 42.164204 ], [ -71.564288, 42.165958 ], [ -71.562839, 42.167839 ], [ -71.559809, 42.167108 ], [ -71.559783, 42.167623 ], [ -71.560155, 42.168027 ], [ -71.560765, 42.167646 ], [ -71.561227, 42.167786 ], [ -71.560552, 42.168738 ], [ -71.562327, 42.171449 ], [ -71.563269, 42.17197 ], [ -71.563197, 42.172367 ], [ -71.562578, 42.172696 ], [ -71.562516, 42.174098 ], [ -71.561874, 42.174305 ], [ -71.561736, 42.174715 ], [ -71.562029, 42.175937 ], [ -71.561626, 42.176738 ], [ -71.562017, 42.178614 ], [ -71.560888, 42.178977 ], [ -71.558832, 42.178842 ], [ -71.557946, 42.178312 ], [ -71.557187, 42.178342 ], [ -71.555944, 42.177252 ], [ -71.555382, 42.177329 ], [ -71.554898, 42.178113 ], [ -71.553711, 42.178243 ], [ -71.552525, 42.177408 ], [ -71.551666, 42.178571 ], [ -71.552008, 42.179775 ], [ -71.55259, 42.179984 ], [ -71.552866, 42.181098 ], [ -71.553646, 42.181406 ], [ -71.55382, 42.181825 ], [ -71.555806, 42.182079 ], [ -71.555497, 42.182342 ], [ -71.555738, 42.182503 ], [ -71.539498, 42.189734 ], [ -71.506894, 42.188927 ], [ -71.502626, 42.191416 ], [ -71.497378, 42.166643 ], [ -71.493136, 42.16621 ], [ -71.478027, 42.165871 ], [ -71.478522, 42.131378 ], [ -71.442693, 42.135784 ], [ -71.441426, 42.134829 ], [ -71.440248, 42.135267 ], [ -71.438625, 42.135185 ], [ -71.436193, 42.134319 ], [ -71.434572, 42.134327 ], [ -71.434926, 42.135314 ], [ -71.434745, 42.13559 ], [ -71.434299, 42.135613 ], [ -71.434226, 42.135095 ], [ -71.433797, 42.135161 ], [ -71.433496, 42.135646 ], [ -71.433865, 42.135971 ], [ -71.433089, 42.136495 ], [ -71.432788, 42.13714 ], [ -71.430229, 42.139012 ], [ -71.429514, 42.138972 ], [ -71.428801, 42.138289 ], [ -71.427852, 42.138108 ], [ -71.427085, 42.138566 ], [ -71.424382, 42.139045 ], [ -71.423191, 42.139115 ], [ -71.421829, 42.138728 ], [ -71.419221, 42.138968 ], [ -71.418942, 42.138789 ], [ -71.419036, 42.138321 ], [ -71.420535, 42.137541 ], [ -71.41999, 42.137202 ], [ -71.419674, 42.137602 ], [ -71.419323, 42.137446 ], [ -71.418845, 42.136402 ], [ -71.415098, 42.138259 ], [ -71.414703, 42.137917 ], [ -71.414707, 42.137339 ], [ -71.415833, 42.135634 ], [ -71.414368, 42.134147 ], [ -71.412691, 42.133604 ], [ -71.411328, 42.134415 ], [ -71.410049, 42.133985 ], [ -71.408627, 42.134321 ], [ -71.406237, 42.136309 ], [ -71.405, 42.136793 ], [ -71.404177, 42.13756 ], [ -71.403259, 42.139134 ], [ -71.402343, 42.139543 ], [ -71.39909, 42.138769 ], [ -71.397103, 42.137323 ], [ -71.384991, 42.135275 ], [ -71.383494, 42.135193 ], [ -71.383092, 42.135515 ], [ -71.382096, 42.135547 ], [ -71.382803, 42.135031 ], [ -71.382926, 42.134213 ], [ -71.382074, 42.133782 ], [ -71.383132, 42.133817 ], [ -71.38328, 42.133491 ], [ -71.382716, 42.133145 ], [ -71.38194, 42.133458 ], [ -71.381101, 42.132866 ], [ -71.379534, 42.133138 ], [ -71.379242, 42.133615 ], [ -71.380044, 42.134592 ], [ -71.379584, 42.13576 ], [ -71.378944, 42.135834 ], [ -71.378109, 42.135392 ], [ -71.375618, 42.135454 ], [ -71.402295, 42.178794 ], [ -71.404427, 42.188433 ], [ -71.384765, 42.192014 ], [ -71.380182, 42.201759 ], [ -71.388206, 42.204303 ], [ -71.388489, 42.208005 ], [ -71.391706, 42.209742 ], [ -71.393923, 42.207089 ], [ -71.397341, 42.207889 ], [ -71.397027, 42.208568 ], [ -71.397311, 42.208743 ], [ -71.397529, 42.210302 ], [ -71.398603, 42.211207 ], [ -71.400191, 42.211791 ], [ -71.40118, 42.212927 ], [ -71.402227, 42.213131 ], [ -71.403582, 42.214287 ], [ -71.403709, 42.214861 ], [ -71.401953, 42.21542 ], [ -71.407331, 42.218164 ], [ -71.407961, 42.217656 ], [ -71.408256, 42.218445 ], [ -71.410022, 42.218749 ], [ -71.410091, 42.219816 ], [ -71.408615, 42.221114 ], [ -71.408953, 42.222959 ], [ -71.40968, 42.224014 ], [ -71.409049, 42.224575 ], [ -71.410074, 42.226558 ], [ -71.411305, 42.227065 ], [ -71.412538, 42.228171 ], [ -71.413045, 42.229639 ], [ -71.412664, 42.231014 ], [ -71.41339, 42.232565 ], [ -71.413362, 42.234557 ], [ -71.416491, 42.236678 ], [ -71.417259, 42.237888 ], [ -71.420075, 42.238123 ], [ -71.418303, 42.246504 ], [ -71.419298, 42.257281 ], [ -71.397769, 42.261528 ], [ -71.390365, 42.271916 ], [ -71.376833, 42.269489 ], [ -71.356907, 42.263495 ], [ -71.35645, 42.262489 ], [ -71.357141, 42.261882 ], [ -71.357098, 42.261435 ], [ -71.356487, 42.261016 ], [ -71.356686, 42.259984 ], [ -71.356232, 42.259225 ], [ -71.354443, 42.258627 ], [ -71.354399, 42.257686 ], [ -71.353681, 42.256793 ], [ -71.353372, 42.256874 ], [ -71.351776, 42.255816 ], [ -71.350829, 42.255896 ], [ -71.348409, 42.254704 ], [ -71.344932, 42.25384 ], [ -71.341777, 42.253537 ], [ -71.342459, 42.250455 ], [ -71.332908, 42.247838 ], [ -71.332434, 42.247729 ], [ -71.332676, 42.24845 ], [ -71.332496, 42.249075 ], [ -71.302922, 42.248274 ], [ -71.30846, 42.270709 ], [ -71.308029, 42.271811 ], [ -71.309013, 42.273342 ], [ -71.309025, 42.274808 ], [ -71.309496, 42.275704 ], [ -71.309302, 42.276379 ], [ -71.304636, 42.278358 ], [ -71.302477, 42.28016 ], [ -71.300997, 42.282361 ], [ -71.300315, 42.282897 ], [ -71.29822, 42.281762 ], [ -71.297109, 42.281979 ], [ -71.297016, 42.282434 ], [ -71.297465, 42.282792 ], [ -71.297548, 42.283543 ], [ -71.294222, 42.285532 ], [ -71.292847, 42.288469 ], [ -71.291693, 42.289401 ], [ -71.291722, 42.291148 ], [ -71.291202, 42.291883 ], [ -71.291174, 42.293203 ], [ -71.288317, 42.295827 ], [ -71.28797, 42.295978 ], [ -71.2869, 42.2947 ], [ -71.28411, 42.2938 ], [ -71.28127, 42.29228 ], [ -71.27917, 42.29205 ], [ -71.27526, 42.29473 ], [ -71.276059, 42.296708 ], [ -71.279256, 42.29884 ], [ -71.277786, 42.299042 ], [ -71.27663, 42.30001 ], [ -71.27579, 42.30022 ], [ -71.26437, 42.30018 ], [ -71.26835, 42.30238 ], [ -71.27055, 42.30278 ], [ -71.27282, 42.30383 ], [ -71.272, 42.30469 ], [ -71.27274, 42.30508 ], [ -71.273, 42.30579 ], [ -71.27407, 42.30567 ], [ -71.27512, 42.30502 ], [ -71.27803, 42.30676 ], [ -71.278588, 42.308308 ], [ -71.27615, 42.31064 ], [ -71.27712, 42.31198 ], [ -71.275603, 42.312565 ], [ -71.273806, 42.313912 ], [ -71.271917, 42.314311 ], [ -71.266215, 42.314781 ], [ -71.260518, 42.31411 ], [ -71.24663, 42.31573 ], [ -71.246917, 42.316891 ], [ -71.247444, 42.317498 ], [ -71.246777, 42.317645 ], [ -71.247023, 42.318271 ], [ -71.24636, 42.319072 ], [ -71.245942, 42.32026 ], [ -71.246146, 42.321013 ], [ -71.247352, 42.321378 ], [ -71.248756, 42.323447 ], [ -71.249938, 42.323863 ], [ -71.250229, 42.324551 ], [ -71.251245, 42.325271 ], [ -71.251746, 42.326123 ], [ -71.252937, 42.326756 ], [ -71.253575, 42.326732 ], [ -71.254888, 42.325126 ], [ -71.257818, 42.324506 ], [ -71.258398, 42.324938 ], [ -71.258999, 42.326341 ], [ -71.259565, 42.326674 ], [ -71.261952, 42.326649 ], [ -71.263536, 42.326017 ], [ -71.266097, 42.327391 ], [ -71.269559, 42.327779 ], [ -71.270255, 42.328555 ], [ -71.269763, 42.329764 ], [ -71.270292, 42.330864 ], [ -71.269767, 42.331181 ], [ -71.267819, 42.330575 ], [ -71.265666, 42.331273 ], [ -71.26513, 42.33183 ], [ -71.264415, 42.334473 ], [ -71.263138, 42.334903 ], [ -71.26122, 42.334605 ], [ -71.259933, 42.334825 ], [ -71.259204, 42.335419 ], [ -71.258964, 42.336579 ], [ -71.256746, 42.33804 ], [ -71.255689, 42.339291 ], [ -71.255885, 42.340111 ], [ -71.256864, 42.340648 ], [ -71.258248, 42.34119 ], [ -71.261042, 42.341002 ], [ -71.261884, 42.341869 ], [ -71.261236, 42.344282 ], [ -71.259759, 42.346111 ], [ -71.260432, 42.347612 ], [ -71.260306, 42.348194 ], [ -71.258624, 42.349361 ], [ -71.259145, 42.351724 ], [ -71.260358, 42.353658 ], [ -71.256465, 42.354905 ], [ -71.256356, 42.354012 ], [ -71.255731, 42.353754 ], [ -71.254034, 42.35477 ], [ -71.253146, 42.355897 ], [ -71.23468, 42.361377 ], [ -71.217061, 42.366569 ], [ -71.216341, 42.365848 ], [ -71.21451, 42.365682 ], [ -71.21373, 42.365124 ], [ -71.211259, 42.364285 ], [ -71.209942, 42.364132 ], [ -71.208812, 42.364578 ], [ -71.207458, 42.3641 ], [ -71.206321, 42.364613 ], [ -71.205098, 42.365749 ], [ -71.202029, 42.36582 ], [ -71.198323, 42.367402 ], [ -71.19708, 42.366939 ], [ -71.196485, 42.367024 ], [ -71.195422, 42.367825 ], [ -71.194765, 42.366871 ], [ -71.192215, 42.365424 ], [ -71.196298, 42.361802 ], [ -71.18368, 42.358829 ], [ -71.182126, 42.360681 ], [ -71.17824, 42.359566 ], [ -71.175272, 42.359272 ], [ -71.172754, 42.359331 ], [ -71.169381, 42.360136 ], [ -71.167625, 42.360073 ], [ -71.173916, 42.353465 ], [ -71.17485, 42.350337 ], [ -71.166683, 42.340104 ], [ -71.166808, 42.33929 ], [ -71.168633, 42.338629 ], [ -71.169217, 42.338068 ], [ -71.168886, 42.335826 ], [ -71.167565, 42.333441 ], [ -71.162732, 42.333961 ], [ -71.161295, 42.333783 ], [ -71.159325, 42.332768 ], [ -71.157036, 42.33039 ], [ -71.149853, 42.334635 ], [ -71.150461, 42.334968 ], [ -71.150059, 42.335393 ], [ -71.148295, 42.335807 ], [ -71.148742, 42.336866 ], [ -71.146156, 42.337442 ], [ -71.146606, 42.338537 ], [ -71.144212, 42.340022 ], [ -71.141939, 42.340008 ], [ -71.141326, 42.341048 ], [ -71.135278, 42.345941 ], [ -71.129281, 42.349067 ], [ -71.128583, 42.349833 ], [ -71.126854, 42.350088 ], [ -71.124067, 42.351552 ], [ -71.122942, 42.351416 ], [ -71.122855, 42.351861 ], [ -71.10657, 42.349912 ], [ -71.107213, 42.347049 ], [ -71.105516, 42.343812 ], [ -71.108027, 42.342478 ], [ -71.10849, 42.341837 ], [ -71.109553, 42.341494 ], [ -71.110579, 42.340443 ], [ -71.111559, 42.337381 ], [ -71.110708, 42.336308 ], [ -71.11099, 42.335757 ], [ -71.110533, 42.33533 ], [ -71.113212, 42.332458 ], [ -71.113575, 42.330467 ], [ -71.11504, 42.327308 ], [ -71.115965, 42.326379 ], [ -71.116537, 42.323939 ], [ -71.118398, 42.323455 ], [ -71.11887, 42.322858 ], [ -71.119436, 42.322735 ], [ -71.120112, 42.322835 ], [ -71.121528, 42.323882 ], [ -71.123367, 42.322571 ], [ -71.123711, 42.322716 ], [ -71.131863, 42.313178 ], [ -71.136502, 42.306204 ], [ -71.140096, 42.302173 ], [ -71.146883, 42.29728 ], [ -71.152113, 42.294588 ], [ -71.164702, 42.30383 ], [ -71.178636, 42.294595 ], [ -71.191247, 42.282992 ], [ -71.190753, 42.28184 ], [ -71.188212, 42.280438 ], [ -71.197125, 42.268953 ], [ -71.198791, 42.268431 ], [ -71.199786, 42.267702 ], [ -71.205024, 42.267059 ], [ -71.205727, 42.26757 ], [ -71.208049, 42.267851 ], [ -71.21093, 42.267302 ], [ -71.214565, 42.267702 ], [ -71.217973, 42.268678 ], [ -71.218311, 42.268458 ], [ -71.218123, 42.267665 ], [ -71.218675, 42.265387 ], [ -71.219875, 42.263532 ], [ -71.221567, 42.263427 ], [ -71.223188, 42.262697 ], [ -71.225656, 42.264133 ], [ -71.227284, 42.263909 ], [ -71.228685, 42.264309 ], [ -71.229455, 42.263907 ], [ -71.230347, 42.261362 ], [ -71.232285, 42.258425 ], [ -71.232237, 42.256898 ], [ -71.251416, 42.202613 ], [ -71.254124, 42.2028 ], [ -71.258194, 42.204071 ], [ -71.261055, 42.204096 ], [ -71.263711, 42.203328 ], [ -71.267523, 42.200939 ], [ -71.269569, 42.200499 ], [ -71.275671, 42.181667 ], [ -71.275025, 42.148623 ], [ -71.303751, 42.1495 ], [ -71.303225, 42.148438 ], [ -71.30234, 42.149026 ], [ -71.301965, 42.148166 ], [ -71.300817, 42.148091 ], [ -71.300873, 42.147503 ], [ -71.300118, 42.147176 ], [ -71.300678, 42.146251 ], [ -71.300118, 42.145731 ], [ -71.300696, 42.145068 ], [ -71.29985, 42.143762 ], [ -71.300506, 42.142874 ], [ -71.300005, 42.141987 ], [ -71.299406, 42.141771 ], [ -71.299721, 42.140854 ], [ -71.298947, 42.14042 ], [ -71.29921, 42.13986 ], [ -71.299093, 42.138863 ], [ -71.299597, 42.138817 ], [ -71.299748, 42.138501 ], [ -71.300323, 42.138658 ], [ -71.300584, 42.138083 ], [ -71.301348, 42.137773 ], [ -71.301379, 42.137194 ], [ -71.302186, 42.136871 ], [ -71.30176, 42.136634 ], [ -71.29894, 42.1265 ], [ -71.300223, 42.12591 ], [ -71.297154, 42.120509 ], [ -71.295901, 42.116614 ], [ -71.280268, 42.088492 ], [ -71.271736, 42.098445 ], [ -71.255347, 42.104131 ], [ -71.253302, 42.105344 ], [ -71.238804, 42.106401 ], [ -71.238917, 42.11222 ], [ -71.237993, 42.112896 ], [ -71.238432, 42.114277 ], [ -71.239417, 42.115506 ], [ -71.238449, 42.117751 ], [ -71.23913, 42.118826 ], [ -71.238862, 42.119335 ], [ -71.239116, 42.120001 ], [ -71.239898, 42.12083 ], [ -71.233293, 42.123412 ], [ -71.233168, 42.123001 ], [ -71.231098, 42.123298 ], [ -71.233307, 42.125959 ], [ -71.233475, 42.128569 ], [ -71.231873, 42.131633 ], [ -71.230666, 42.132059 ], [ -71.230398, 42.132574 ], [ -71.229082, 42.132605 ], [ -71.227832, 42.13308 ], [ -71.22599, 42.13541 ], [ -71.186885, 42.153264 ], [ -71.188691, 42.161127 ], [ -71.188146, 42.161489 ], [ -71.186607, 42.161486 ], [ -71.185833, 42.162161 ], [ -71.184323, 42.162492 ], [ -71.183387, 42.163238 ], [ -71.182803, 42.163287 ], [ -71.181313, 42.165523 ], [ -71.180182, 42.165496 ], [ -71.179796, 42.164978 ], [ -71.17902, 42.165283 ], [ -71.179188, 42.165903 ], [ -71.177974, 42.165655 ], [ -71.178013, 42.163961 ], [ -71.175763, 42.155599 ], [ -71.176368, 42.15536 ], [ -71.171993, 42.151524 ], [ -71.162198, 42.145279 ], [ -71.163542, 42.141457 ], [ -71.149166, 42.138612 ], [ -71.150165, 42.135853 ], [ -71.149757, 42.133631 ], [ -71.148542, 42.131161 ], [ -71.148205, 42.128117 ], [ -71.146017, 42.125369 ], [ -71.139102, 42.120235 ], [ -71.135774, 42.11349 ], [ -71.133582, 42.11118 ], [ -71.131657, 42.105969 ], [ -71.13168, 42.10419 ], [ -71.13114, 42.10198 ], [ -71.13129, 42.10074 ], [ -71.1324, 42.09893 ], [ -71.13586, 42.09072 ], [ -71.13766, 42.08865 ], [ -71.139428, 42.08487 ], [ -71.138728, 42.083686 ], [ -71.139592, 42.081278 ], [ -71.139469, 42.078294 ], [ -71.138462, 42.07656 ], [ -71.13902, 42.074831 ], [ -71.138607, 42.072775 ], [ -71.168681, 42.061161 ], [ -71.15645, 42.001042 ], [ -71.10203, 41.993348 ], [ -71.070345, 41.987841 ], [ -71.070689, 41.98565 ], [ -71.069742, 41.981111 ], [ -71.069272, 41.981078 ], [ -71.066308, 41.978037 ], [ -71.061028, 41.978883 ], [ -71.060407, 41.973718 ], [ -71.063727, 41.973254 ], [ -71.063253, 41.972199 ], [ -71.061703, 41.970424 ], [ -71.061668, 41.968228 ], [ -71.063656, 41.968154 ], [ -71.063596, 41.967105 ], [ -71.061598, 41.967012 ], [ -71.061447, 41.964403 ], [ -71.064474, 41.964091 ], [ -71.067907, 41.963195 ], [ -71.070324, 41.954069 ], [ -71.073508, 41.954854 ], [ -71.073854, 41.948777 ], [ -71.074523, 41.947474 ], [ -71.08549, 41.941743 ], [ -71.080252, 41.938457 ], [ -71.07981, 41.938455 ], [ -71.072894, 41.948995 ], [ -71.060327, 41.945123 ], [ -71.056722, 41.943102 ], [ -71.053409, 41.940489 ], [ -71.051243, 41.935101 ], [ -71.051081, 41.933829 ], [ -71.04718, 41.933929 ], [ -71.046191, 41.936162 ], [ -71.040948, 41.935081 ], [ -71.037883, 41.93356 ], [ -71.037153, 41.932258 ], [ -71.036036, 41.933089 ], [ -71.034721, 41.932361 ], [ -71.038087, 41.92679 ], [ -71.035062, 41.92447 ], [ -71.035648, 41.923657 ], [ -71.033381, 41.923059 ], [ -71.028278, 41.922537 ], [ -71.02517, 41.923226 ], [ -71.021672, 41.923474 ], [ -71.018837, 41.92426 ], [ -71.016369, 41.920366 ], [ -71.015685, 41.917723 ], [ -71.01334, 41.913238 ], [ -71.013459, 41.910821 ], [ -71.012449, 41.908567 ], [ -71.011188, 41.907001 ], [ -71.005709, 41.90938 ], [ -71.00478, 41.910262 ], [ -71.004625, 41.911311 ], [ -71.005437, 41.913693 ], [ -71.005368, 41.914753 ], [ -71.003484, 41.917363 ], [ -71.001003, 41.917673 ], [ -71.001089, 41.918806 ], [ -70.997494, 41.91844 ], [ -70.997132, 41.916682 ], [ -70.995822, 41.91524 ], [ -70.994517, 41.91494 ], [ -70.99431, 41.916002 ], [ -70.993666, 41.916459 ], [ -70.992849, 41.916329 ], [ -70.992033, 41.915751 ], [ -70.990984, 41.910059 ], [ -70.991584, 41.908073 ], [ -70.993152, 41.906445 ], [ -70.992933, 41.906228 ], [ -70.992289, 41.906364 ], [ -70.991849, 41.906081 ], [ -70.99134, 41.906553 ], [ -70.990591, 41.906689 ], [ -70.989679, 41.906493 ], [ -70.988902, 41.905804 ], [ -70.987837, 41.905677 ], [ -70.984874, 41.907451 ], [ -70.983494, 41.906015 ], [ -70.982452, 41.905791 ], [ -70.981114, 41.90497 ], [ -70.980102, 41.903608 ], [ -70.978737, 41.903892 ], [ -70.977862, 41.902534 ], [ -70.976282, 41.901151 ], [ -70.972505, 41.901334 ], [ -70.971963, 41.901729 ], [ -70.970408, 41.90132 ], [ -70.967133, 41.901254 ], [ -70.964761, 41.899394 ], [ -70.963344, 41.896386 ], [ -70.919205, 41.879023 ], [ -70.916411, 41.876917 ], [ -70.916611, 41.876529 ], [ -70.916096, 41.874833 ], [ -70.916327, 41.87257 ], [ -70.914616, 41.872081 ], [ -70.912968, 41.870244 ], [ -70.914624, 41.869045 ], [ -70.91492, 41.868431 ], [ -70.916472, 41.867683 ], [ -70.916738, 41.867167 ], [ -70.915041, 41.866311 ], [ -70.915093, 41.866056 ], [ -70.915988, 41.865806 ], [ -70.914689, 41.865275 ], [ -70.915349, 41.864414 ], [ -70.913508, 41.863859 ], [ -70.914595, 41.86352 ], [ -70.914447, 41.862132 ], [ -70.912876, 41.861727 ], [ -70.913448, 41.860685 ], [ -70.914321, 41.860587 ], [ -70.914116, 41.860294 ], [ -70.914541, 41.859591 ], [ -70.916262, 41.85993 ], [ -70.917748, 41.858716 ], [ -70.916815, 41.8572 ], [ -70.917189, 41.856527 ], [ -70.917131, 41.855777 ], [ -70.918897, 41.852728 ], [ -70.918705, 41.851943 ], [ -70.893973, 41.828881 ], [ -70.893454, 41.827901 ], [ -70.898644, 41.814877 ], [ -70.8964, 41.79432 ], [ -70.921792, 41.791264 ], [ -70.907184, 41.763543 ], [ -70.926316, 41.758845 ], [ -70.926424, 41.757617 ], [ -70.926146, 41.757017 ], [ -70.924913, 41.75659 ], [ -70.924052, 41.755655 ], [ -70.92322, 41.755652 ], [ -70.922222, 41.754841 ], [ -71.06663, 41.685619 ], [ -71.105693, 41.692804 ], [ -71.114407, 41.692804 ], [ -71.118971, 41.680629 ], [ -71.132757, 41.636435 ], [ -71.13419, 41.633997 ], [ -71.134052, 41.632019 ], [ -71.133062, 41.630717 ], [ -71.133312, 41.629658 ], [ -71.135399, 41.625648 ], [ -71.138346, 41.603676 ], [ -71.140308, 41.60485 ], [ -71.141958, 41.612533 ], [ -71.140185, 41.623869 ], [ -71.135307, 41.628488 ], [ -71.134354, 41.644047 ], [ -71.132557, 41.660363 ], [ -71.17612, 41.668248 ], [ -71.175784, 41.671493 ], [ -71.195479, 41.67509 ], [ -71.226254, 41.712553 ], [ -71.261067, 41.752082 ], [ -71.328472, 41.780694 ], [ -71.329096, 41.782719 ], [ -71.329418, 41.781884 ], [ -71.329803, 41.782038 ], [ -71.329869, 41.784315 ], [ -71.330391, 41.785381 ], [ -71.329627, 41.787018 ], [ -71.329457, 41.788327 ], [ -71.330415, 41.788654 ], [ -71.330235, 41.788883 ], [ -71.330514, 41.789115 ], [ -71.331059, 41.7891 ], [ -71.331035, 41.789565 ], [ -71.331534, 41.789319 ], [ -71.331603, 41.789624 ], [ -71.332743, 41.79016 ], [ -71.332811, 41.790581 ], [ -71.332196, 41.790977 ], [ -71.333155, 41.792572 ], [ -71.333112, 41.793044 ], [ -71.333917, 41.793569 ], [ -71.333678, 41.793783 ], [ -71.334154, 41.793938 ], [ -71.334112, 41.794388 ], [ -71.334645, 41.794835 ], [ -71.336463, 41.795731 ], [ -71.337887, 41.795572 ], [ -71.340097, 41.796633 ], [ -71.340103, 41.797095 ], [ -71.340481, 41.797033 ], [ -71.34036, 41.797558 ], [ -71.339842, 41.797748 ], [ -71.340043, 41.798216 ], [ -71.340777, 41.798401 ], [ -71.341201, 41.799774 ], [ -71.340635, 41.800526 ], [ -71.340745, 41.801674 ], [ -71.340339, 41.802384 ], [ -71.340597, 41.802606 ], [ -71.340511, 41.803226 ], [ -71.339088, 41.805783 ], [ -71.339675, 41.80634 ], [ -71.33922, 41.807669 ], [ -71.339332, 41.808527 ], [ -71.347545, 41.823246 ], [ -71.345198, 41.827676 ], [ -71.335417, 41.835645 ], [ -71.34255, 41.844656 ], [ -71.33404, 41.862604 ], [ -71.34089, 41.881804 ], [ -71.338787, 41.898593 ], [ -71.381463, 41.893546 ], [ -71.381401, 42.018798 ], [ -71.498259, 42.017272 ], [ -71.527576, 42.015099 ], [ -71.5911, 42.013646 ], [ -71.592748, 42.121648 ] ] ] } },
{ "type": "Feature", "properties": { "district": "5", "name": "Congressional District 5" }, "geometry": { "type": "Polygon", "coordinates": [ [ [ -71.497011, 42.289895 ], [ -71.485948, 42.311228 ], [ -71.485109, 42.323164 ], [ -71.486804, 42.330217 ], [ -71.483298, 42.35313 ], [ -71.472689, 42.389985 ], [ -71.469443, 42.402593 ], [ -71.478382, 42.437104 ], [ -71.464349, 42.4503 ], [ -71.430389, 42.436937 ], [ -71.36634, 42.41272 ], [ -71.365212, 42.413353 ], [ -71.365141, 42.414183 ], [ -71.363928, 42.416022 ], [ -71.364581, 42.418138 ], [ -71.364416, 42.420441 ], [ -71.361458, 42.421122 ], [ -71.359152, 42.420666 ], [ -71.357084, 42.419826 ], [ -71.356578, 42.419923 ], [ -71.355868, 42.420926 ], [ -71.354626, 42.421783 ], [ -71.35256, 42.426923 ], [ -71.335379, 42.437776 ], [ -71.313618, 42.455023 ], [ -71.309929, 42.453248 ], [ -71.304804, 42.45276 ], [ -71.303191, 42.461254 ], [ -71.302155, 42.461116 ], [ -71.302282, 42.46201 ], [ -71.289302, 42.464557 ], [ -71.289676, 42.466182 ], [ -71.28294, 42.461171 ], [ -71.28184, 42.45964 ], [ -71.280851, 42.460168 ], [ -71.279501, 42.459676 ], [ -71.277982, 42.460235 ], [ -71.277889, 42.46071 ], [ -71.272695, 42.459704 ], [ -71.261515, 42.476246 ], [ -71.256693, 42.478456 ], [ -71.256935, 42.478721 ], [ -71.259171, 42.477681 ], [ -71.259727, 42.477744 ], [ -71.260262, 42.479767 ], [ -71.25927, 42.480527 ], [ -71.260174, 42.481596 ], [ -71.259605, 42.484041 ], [ -71.261849, 42.486261 ], [ -71.261082, 42.488169 ], [ -71.258193, 42.489358 ], [ -71.257061, 42.490442 ], [ -71.256391, 42.491606 ], [ -71.256662, 42.492925 ], [ -71.253198, 42.493238 ], [ -71.249483, 42.490615 ], [ -71.246031, 42.488996 ], [ -71.244177, 42.488539 ], [ -71.240906, 42.490013 ], [ -71.212116, 42.466244 ], [ -71.210594, 42.467599 ], [ -71.210223, 42.470727 ], [ -71.204317, 42.465845 ], [ -71.188279, 42.479696 ], [ -71.187396, 42.479364 ], [ -71.18548, 42.479967 ], [ -71.186506, 42.48098 ], [ -71.182944, 42.482122 ], [ -71.181375, 42.483386 ], [ -71.181501, 42.483622 ], [ -71.168924, 42.487087 ], [ -71.170719, 42.489755 ], [ -71.168914, 42.490547 ], [ -71.168444, 42.498299 ], [ -71.169199, 42.506508 ], [ -71.169923, 42.506731 ], [ -71.169324, 42.507872 ], [ -71.169473, 42.509487 ], [ -71.169876, 42.509721 ], [ -71.16954, 42.510242 ], [ -71.170258, 42.510452 ], [ -71.169635, 42.511462 ], [ -71.170033, 42.515537 ], [ -71.135454, 42.530001 ], [ -71.123988, 42.508014 ], [ -71.123798, 42.507634 ], [ -71.124176, 42.507526 ], [ -71.123463, 42.506174 ], [ -71.122395, 42.504153 ], [ -71.121959, 42.504278 ], [ -71.11976, 42.500292 ], [ -71.100727, 42.502242 ], [ -71.090115, 42.501261 ], [ -71.085502, 42.492258 ], [ -71.07524, 42.488008 ], [ -71.076599, 42.477492 ], [ -71.077707, 42.477391 ], [ -71.078152, 42.47402 ], [ -71.069305, 42.471637 ], [ -71.061269, 42.472651 ], [ -71.061323, 42.474196 ], [ -71.053365, 42.475925 ], [ -71.025836, 42.444709 ], [ -71.018757, 42.450118 ], [ -71.011924, 42.442164 ], [ -71.009503, 42.440964 ], [ -71.012365, 42.439741 ], [ -71.011802, 42.438997 ], [ -71.011141, 42.439064 ], [ -71.01093, 42.438597 ], [ -71.01067, 42.438739 ], [ -71.010099, 42.438301 ], [ -71.010625, 42.438102 ], [ -71.010736, 42.437764 ], [ -71.010425, 42.437584 ], [ -71.010639, 42.437196 ], [ -71.011442, 42.436693 ], [ -71.010994, 42.436542 ], [ -71.011416, 42.435991 ], [ -71.010802, 42.435398 ], [ -71.010777, 42.434568 ], [ -71.00858, 42.434346 ], [ -71.006974, 42.433838 ], [ -71.005691, 42.432981 ], [ -71.00215, 42.432608 ], [ -70.999857, 42.431296 ], [ -70.995714, 42.430855 ], [ -70.994779, 42.431196 ], [ -70.992023, 42.434135 ], [ -70.99012, 42.434877 ], [ -70.987805, 42.433998 ], [ -70.985754, 42.432557 ], [ -70.982294, 42.431296 ], [ -70.979454, 42.432815 ], [ -70.975194, 42.436896 ], [ -70.971594, 42.442696 ], [ -70.968594, 42.444396 ], [ -70.966293, 42.443497 ], [ -70.950793, 42.444296 ], [ -70.951393, 42.436996 ], [ -70.952993, 42.429396 ], [ -70.959093, 42.418597 ], [ -70.962093, 42.412397 ], [ -70.959494, 42.407498 ], [ -70.924593, 42.386798 ], [ -70.917892, 42.385997 ], [ -70.972893, 42.353597 ], [ -70.985593, 42.356797 ], [ -70.986597, 42.364572 ], [ -71.000695, 42.36464 ], [ -71.010363, 42.365031 ], [ -71.006123, 42.376052 ], [ -71.000206, 42.377754 ], [ -70.999326, 42.377738 ], [ -70.996694, 42.378741 ], [ -70.994648, 42.38115 ], [ -70.994239, 42.384647 ], [ -70.988281, 42.387107 ], [ -70.986731, 42.387007 ], [ -70.986053, 42.388116 ], [ -70.987289, 42.388734 ], [ -70.987511, 42.389229 ], [ -70.987571, 42.390582 ], [ -70.987133, 42.392123 ], [ -70.987442, 42.392742 ], [ -70.989771, 42.39324 ], [ -70.993818, 42.392924 ], [ -70.995361, 42.393813 ], [ -70.996475, 42.396308 ], [ -70.998306, 42.396929 ], [ -71.001407, 42.39674 ], [ -71.005861, 42.393892 ], [ -71.008945, 42.395192 ], [ -71.01193, 42.395752 ], [ -71.011272, 42.396589 ], [ -71.013395, 42.397398 ], [ -71.009629, 42.400167 ], [ -71.009396, 42.401183 ], [ -71.013007, 42.402864 ], [ -71.017035, 42.402715 ], [ -71.017826, 42.402883 ], [ -71.018715, 42.403709 ], [ -71.020828, 42.403513 ], [ -71.021191, 42.404233 ], [ -71.020305, 42.404829 ], [ -71.020442, 42.405114 ], [ -71.022442, 42.405474 ], [ -71.022855, 42.405125 ], [ -71.023278, 42.405544 ], [ -71.023847, 42.405324 ], [ -71.024901, 42.4059 ], [ -71.026237, 42.405925 ], [ -71.026888, 42.40655 ], [ -71.027115, 42.407782 ], [ -71.029036, 42.410354 ], [ -71.033181, 42.414206 ], [ -71.028227, 42.424202 ], [ -71.050472, 42.422887 ], [ -71.060441, 42.416007 ], [ -71.064507, 42.415241 ], [ -71.073296, 42.414796 ], [ -71.073196, 42.412996 ], [ -71.072111, 42.412081 ], [ -71.071873, 42.411099 ], [ -71.072161, 42.410363 ], [ -71.073624, 42.409303 ], [ -71.073744, 42.408679 ], [ -71.072692, 42.408237 ], [ -71.071297, 42.406922 ], [ -71.073448, 42.402665 ], [ -71.075988, 42.399706 ], [ -71.076419, 42.397773 ], [ -71.075996, 42.396396 ], [ -71.083423, 42.400013 ], [ -71.085687, 42.400651 ], [ -71.091993, 42.3989 ], [ -71.096689, 42.400455 ], [ -71.100394, 42.396224 ], [ -71.112374, 42.400226 ], [ -71.113868, 42.400985 ], [ -71.115489, 42.402905 ], [ -71.115541, 42.405145 ], [ -71.121752, 42.407116 ], [ -71.121556, 42.407434 ], [ -71.123996, 42.408268 ], [ -71.12336, 42.409191 ], [ -71.125687, 42.409984 ], [ -71.12615, 42.409269 ], [ -71.128101, 42.41072 ], [ -71.12704, 42.412328 ], [ -71.129922, 42.413327 ], [ -71.125809, 42.417999 ], [ -71.127435, 42.418135 ], [ -71.130405, 42.417424 ], [ -71.131558, 42.416839 ], [ -71.131614, 42.415511 ], [ -71.132435, 42.415216 ], [ -71.132887, 42.411973 ], [ -71.132223, 42.409523 ], [ -71.134286, 42.406404 ], [ -71.134635, 42.404259 ], [ -71.1313, 42.40158 ], [ -71.127361, 42.397096 ], [ -71.128824, 42.396204 ], [ -71.128744, 42.39601 ], [ -71.129463, 42.396627 ], [ -71.130854, 42.395785 ], [ -71.132153, 42.395762 ], [ -71.132213, 42.397276 ], [ -71.136932, 42.397572 ], [ -71.13713, 42.396983 ], [ -71.13835, 42.3968 ], [ -71.138359, 42.395645 ], [ -71.139396, 42.39597 ], [ -71.140745, 42.395886 ], [ -71.140607, 42.39468 ], [ -71.144297, 42.394676 ], [ -71.143241, 42.396564 ], [ -71.143557, 42.397428 ], [ -71.152057, 42.40104 ], [ -71.156362, 42.395852 ], [ -71.153169, 42.395643 ], [ -71.150115, 42.394933 ], [ -71.145248, 42.392878 ], [ -71.141121, 42.392092 ], [ -71.141699, 42.390658 ], [ -71.143097, 42.38903 ], [ -71.144134, 42.38868 ], [ -71.143724, 42.388284 ], [ -71.141017, 42.386907 ], [ -71.138372, 42.38744 ], [ -71.136535, 42.386182 ], [ -71.134758, 42.385572 ], [ -71.135794, 42.3846 ], [ -71.132855, 42.383276 ], [ -71.132419, 42.383821 ], [ -71.13041, 42.382918 ], [ -71.129777, 42.383461 ], [ -71.131146, 42.384001 ], [ -71.130792, 42.384484 ], [ -71.13173, 42.385185 ], [ -71.129067, 42.386171 ], [ -71.129619, 42.386658 ], [ -71.127558, 42.387402 ], [ -71.129006, 42.390072 ], [ -71.127685, 42.389851 ], [ -71.127643, 42.390378 ], [ -71.126849, 42.390342 ], [ -71.125266, 42.392586 ], [ -71.124874, 42.392696 ], [ -71.125284, 42.393062 ], [ -71.124368, 42.393653 ], [ -71.122838, 42.392242 ], [ -71.120974, 42.393706 ], [ -71.117085, 42.389581 ], [ -71.118007, 42.389104 ], [ -71.117452, 42.388386 ], [ -71.118193, 42.388009 ], [ -71.115584, 42.385158 ], [ -71.111656, 42.381749 ], [ -71.113059, 42.380932 ], [ -71.112683, 42.380561 ], [ -71.112147, 42.380898 ], [ -71.111861, 42.380576 ], [ -71.111664, 42.380721 ], [ -71.111327, 42.37978 ], [ -71.110504, 42.380019 ], [ -71.110397, 42.379672 ], [ -71.109204, 42.379371 ], [ -71.108614, 42.379552 ], [ -71.108952, 42.379164 ], [ -71.108457, 42.379112 ], [ -71.107272, 42.378087 ], [ -71.10305, 42.374018 ], [ -71.102062, 42.373897 ], [ -71.105859, 42.36975 ], [ -71.10175, 42.368302 ], [ -71.103146, 42.366344 ], [ -71.105104, 42.364521 ], [ -71.106159, 42.36515 ], [ -71.109016, 42.364908 ], [ -71.109214, 42.366169 ], [ -71.110411, 42.366816 ], [ -71.109984, 42.367274 ], [ -71.113512, 42.368564 ], [ -71.113901, 42.364478 ], [ -71.116921, 42.364246 ], [ -71.116968, 42.366651 ], [ -71.117934, 42.368385 ], [ -71.11955, 42.368838 ], [ -71.122044, 42.368703 ], [ -71.123827, 42.369157 ], [ -71.124582, 42.369636 ], [ -71.126024, 42.371948 ], [ -71.12701, 42.372839 ], [ -71.128628, 42.373741 ], [ -71.130685, 42.373922 ], [ -71.132457, 42.373382 ], [ -71.13315, 42.372563 ], [ -71.133091, 42.371976 ], [ -71.131788, 42.370065 ], [ -71.132117, 42.369146 ], [ -71.133803, 42.367942 ], [ -71.136658, 42.366752 ], [ -71.139147, 42.364703 ], [ -71.140408, 42.364401 ], [ -71.142909, 42.365026 ], [ -71.144065, 42.365004 ], [ -71.14524, 42.36415 ], [ -71.146336, 42.362475 ], [ -71.148084, 42.361205 ], [ -71.152476, 42.360678 ], [ -71.155246, 42.359895 ], [ -71.159278, 42.359902 ], [ -71.162601, 42.358509 ], [ -71.164218, 42.358631 ], [ -71.165691, 42.359707 ], [ -71.166824, 42.360036 ], [ -71.168921, 42.360183 ], [ -71.172754, 42.359331 ], [ -71.175272, 42.359272 ], [ -71.17824, 42.359566 ], [ -71.182126, 42.360681 ], [ -71.18368, 42.358829 ], [ -71.196298, 42.361802 ], [ -71.192215, 42.365424 ], [ -71.194765, 42.366871 ], [ -71.195422, 42.367825 ], [ -71.196485, 42.367024 ], [ -71.19708, 42.366939 ], [ -71.198323, 42.367402 ], [ -71.202029, 42.36582 ], [ -71.205098, 42.365749 ], [ -71.206321, 42.364613 ], [ -71.207458, 42.3641 ], [ -71.208812, 42.364578 ], [ -71.209942, 42.364132 ], [ -71.211259, 42.364285 ], [ -71.21373, 42.365124 ], [ -71.21451, 42.365682 ], [ -71.216341, 42.365848 ], [ -71.217061, 42.366569 ], [ -71.253146, 42.355897 ], [ -71.254034, 42.35477 ], [ -71.255731, 42.353754 ], [ -71.256356, 42.354012 ], [ -71.256465, 42.354905 ], [ -71.260358, 42.353658 ], [ -71.259145, 42.351724 ], [ -71.258624, 42.349361 ], [ -71.260306, 42.348194 ], [ -71.260432, 42.347612 ], [ -71.259759, 42.346111 ], [ -71.261236, 42.344282 ], [ -71.261884, 42.341869 ], [ -71.261042, 42.341002 ], [ -71.258248, 42.34119 ], [ -71.256864, 42.340648 ], [ -71.255885, 42.340111 ], [ -71.255689, 42.339291 ], [ -71.256746, 42.33804 ], [ -71.258964, 42.336579 ], [ -71.259204, 42.335419 ], [ -71.259933, 42.334825 ], [ -71.26122, 42.334605 ], [ -71.263138, 42.334903 ], [ -71.264415, 42.334473 ], [ -71.26513, 42.33183 ], [ -71.265666, 42.331273 ], [ -71.26801, 42.33056 ], [ -71.269767, 42.331181 ], [ -71.270246, 42.33098 ], [ -71.269763, 42.329764 ], [ -71.270255, 42.328555 ], [ -71.269559, 42.327779 ], [ -71.266097, 42.327391 ], [ -71.263536, 42.326017 ], [ -71.261952, 42.326649 ], [ -71.259565, 42.326674 ], [ -71.258999, 42.326341 ], [ -71.258398, 42.324938 ], [ -71.257818, 42.324506 ], [ -71.254888, 42.325126 ], [ -71.253838, 42.32662 ], [ -71.252808, 42.32671 ], [ -71.251746, 42.326123 ], [ -71.251245, 42.325271 ], [ -71.250229, 42.324551 ], [ -71.249938, 42.323863 ], [ -71.248756, 42.323447 ], [ -71.247352, 42.321378 ], [ -71.246146, 42.321013 ], [ -71.245942, 42.32026 ], [ -71.24636, 42.319072 ], [ -71.247023, 42.318271 ], [ -71.246777, 42.317645 ], [ -71.247444, 42.317498 ], [ -71.246917, 42.316891 ], [ -71.24663, 42.31573 ], [ -71.260518, 42.31411 ], [ -71.266215, 42.314781 ], [ -71.271917, 42.314311 ], [ -71.273806, 42.313912 ], [ -71.275603, 42.312565 ], [ -71.27712, 42.31198 ], [ -71.27615, 42.31064 ], [ -71.278588, 42.308308 ], [ -71.27803, 42.30676 ], [ -71.27512, 42.30502 ], [ -71.27407, 42.30567 ], [ -71.273, 42.30579 ], [ -71.27274, 42.30508 ], [ -71.272, 42.30469 ], [ -71.27282, 42.30383 ], [ -71.27055, 42.30278 ], [ -71.26835, 42.30238 ], [ -71.26437, 42.30018 ], [ -71.27579, 42.30022 ], [ -71.27663, 42.30001 ], [ -71.277786, 42.299042 ], [ -71.279256, 42.29884 ], [ -71.276059, 42.296708 ], [ -71.27526, 42.29473 ], [ -71.27917, 42.29205 ], [ -71.28127, 42.29228 ], [ -71.28411, 42.2938 ], [ -71.2869, 42.2947 ], [ -71.28797, 42.295978 ], [ -71.288317, 42.295827 ], [ -71.291174, 42.293203 ], [ -71.291202, 42.291883 ], [ -71.291722, 42.291148 ], [ -71.291693, 42.289401 ], [ -71.292847, 42.288469 ], [ -71.294222, 42.285532 ], [ -71.297548, 42.283543 ], [ -71.297465, 42.282792 ], [ -71.297016, 42.282434 ], [ -71.297109, 42.281979 ], [ -71.29822, 42.281762 ], [ -71.300315, 42.282897 ], [ -71.300997, 42.282361 ], [ -71.302477, 42.28016 ], [ -71.304636, 42.278358 ], [ -71.309302, 42.276379 ], [ -71.309496, 42.275704 ], [ -71.309025, 42.274808 ], [ -71.309013, 42.273342 ], [ -71.308029, 42.271811 ], [ -71.30846, 42.270709 ], [ -71.302922, 42.248274 ], [ -71.332496, 42.249075 ], [ -71.332676, 42.24845 ], [ -71.332434, 42.247729 ], [ -71.332908, 42.247838 ], [ -71.342459, 42.250455 ], [ -71.341777, 42.253537 ], [ -71.344932, 42.25384 ], [ -71.348409, 42.254704 ], [ -71.350829, 42.255896 ], [ -71.351776, 42.255816 ], [ -71.353372, 42.256874 ], [ -71.353681, 42.256793 ], [ -71.354399, 42.257686 ], [ -71.354443, 42.258627 ], [ -71.356232, 42.259225 ], [ -71.356686, 42.259984 ], [ -71.356487, 42.261016 ], [ -71.357098, 42.261435 ], [ -71.357141, 42.261882 ], [ -71.35645, 42.262489 ], [ -71.356907, 42.263495 ], [ -71.376833, 42.269489 ], [ -71.390365, 42.271916 ], [ -71.397769, 42.261528 ], [ -71.419298, 42.257281 ], [ -71.460756, 42.279063 ], [ -71.497011, 42.289895 ] ] ] } },
{ "type": "Feature", "properties": { "district": "6", "name": "Congressional District 6" }, "geometry": { "type": "Polygon", "coordinates": [ [ [ -71.321235, 42.480637 ], [ -71.32077, 42.482256 ], [ -71.318038, 42.482877 ], [ -71.317214, 42.483561 ], [ -71.316987, 42.484181 ], [ -71.31739, 42.484906 ], [ -71.319303, 42.486289 ], [ -71.319644, 42.486933 ], [ -71.319138, 42.488065 ], [ -71.318585, 42.491157 ], [ -71.318305, 42.498194 ], [ -71.317551, 42.501414 ], [ -71.317708, 42.504796 ], [ -71.316093, 42.50763 ], [ -71.31107, 42.511151 ], [ -71.308658, 42.513254 ], [ -71.30633, 42.514393 ], [ -71.306195, 42.515079 ], [ -71.306918, 42.517081 ], [ -71.306561, 42.518917 ], [ -71.306699, 42.520593 ], [ -71.303739, 42.519926 ], [ -71.281051, 42.526348 ], [ -71.278107, 42.526713 ], [ -71.264098, 42.524081 ], [ -71.256396, 42.523992 ], [ -71.254572, 42.522593 ], [ -71.25249, 42.524078 ], [ -71.260424, 42.530936 ], [ -71.257798, 42.532086 ], [ -71.258693, 42.537567 ], [ -71.26103, 42.537162 ], [ -71.261387, 42.537332 ], [ -71.263007, 42.536753 ], [ -71.263314, 42.537793 ], [ -71.262733, 42.53834 ], [ -71.262687, 42.538823 ], [ -71.262965, 42.539164 ], [ -71.263916, 42.539178 ], [ -71.263627, 42.539623 ], [ -71.265006, 42.539365 ], [ -71.266941, 42.538469 ], [ -71.269464, 42.538272 ], [ -71.272102, 42.537481 ], [ -71.272687, 42.537915 ], [ -71.273587, 42.53748 ], [ -71.274445, 42.538358 ], [ -71.273627, 42.538768 ], [ -71.274166, 42.539856 ], [ -71.276085, 42.539312 ], [ -71.275981, 42.541065 ], [ -71.273781, 42.542088 ], [ -71.276395, 42.544383 ], [ -71.274364, 42.545073 ], [ -71.272398, 42.545215 ], [ -71.271719, 42.544506 ], [ -71.268921, 42.544215 ], [ -71.266556, 42.544627 ], [ -71.267189, 42.545501 ], [ -71.267365, 42.54751 ], [ -71.266684, 42.548694 ], [ -71.266676, 42.549946 ], [ -71.266861, 42.550154 ], [ -71.267634, 42.549965 ], [ -71.267835, 42.554594 ], [ -71.265806, 42.55507 ], [ -71.264154, 42.552873 ], [ -71.26023, 42.554261 ], [ -71.257974, 42.557566 ], [ -71.251295, 42.559763 ], [ -71.25201, 42.560833 ], [ -71.254051, 42.562388 ], [ -71.254273, 42.562899 ], [ -71.2513, 42.563267 ], [ -71.249581, 42.563942 ], [ -71.250402, 42.566527 ], [ -71.247719, 42.568085 ], [ -71.241733, 42.573737 ], [ -71.238587, 42.575036 ], [ -71.233839, 42.576177 ], [ -71.231615, 42.577549 ], [ -71.229066, 42.578374 ], [ -71.225669, 42.580036 ], [ -71.296319, 42.612667 ], [ -71.283427, 42.615299 ], [ -71.277791, 42.620847 ], [ -71.274709, 42.628859 ], [ -71.271188, 42.644242 ], [ -71.272018, 42.649216 ], [ -71.275154, 42.656216 ], [ -71.264347, 42.657667 ], [ -71.258482, 42.656923 ], [ -71.256733, 42.657001 ], [ -71.254966, 42.657775 ], [ -71.252879, 42.659544 ], [ -71.250763, 42.660782 ], [ -71.249479, 42.661101 ], [ -71.245454, 42.661195 ], [ -71.24249, 42.662346 ], [ -71.241409, 42.663685 ], [ -71.240397, 42.66673 ], [ -71.239285, 42.668195 ], [ -71.238103, 42.669491 ], [ -71.234094, 42.672518 ], [ -71.228171, 42.680036 ], [ -71.225649, 42.685783 ], [ -71.224807, 42.69343 ], [ -71.224251, 42.694506 ], [ -71.220122, 42.699577 ], [ -71.218173, 42.70063 ], [ -71.215536, 42.701198 ], [ -71.212079, 42.701085 ], [ -71.20249, 42.69891 ], [ -71.194549, 42.698383 ], [ -71.190985, 42.697429 ], [ -71.188862, 42.696268 ], [ -71.185503, 42.675868 ], [ -71.151213, 42.681707 ], [ -71.134452, 42.676778 ], [ -71.133584, 42.679428 ], [ -71.139402, 42.684477 ], [ -71.137787, 42.685046 ], [ -71.137998, 42.685323 ], [ -71.139465, 42.685344 ], [ -71.139297, 42.685694 ], [ -71.137679, 42.686438 ], [ -71.137981, 42.686901 ], [ -71.139202, 42.686735 ], [ -71.139809, 42.687186 ], [ -71.139193, 42.687738 ], [ -71.138868, 42.687451 ], [ -71.138499, 42.687594 ], [ -71.138508, 42.688837 ], [ -71.137319, 42.689343 ], [ -71.137532, 42.689595 ], [ -71.137173, 42.689817 ], [ -71.137452, 42.690073 ], [ -71.137296, 42.690413 ], [ -71.137678, 42.690609 ], [ -71.13732, 42.691136 ], [ -71.137637, 42.691287 ], [ -71.137599, 42.691649 ], [ -71.137897, 42.691538 ], [ -71.137936, 42.692507 ], [ -71.139296, 42.692743 ], [ -71.139219, 42.693209 ], [ -71.141703, 42.694317 ], [ -71.143149, 42.6942 ], [ -71.143395, 42.697028 ], [ -71.145857, 42.698481 ], [ -71.144381, 42.699263 ], [ -71.142778, 42.698923 ], [ -71.14089, 42.703345 ], [ -71.139323, 42.703404 ], [ -71.137116, 42.704387 ], [ -71.137525, 42.704806 ], [ -71.137559, 42.706525 ], [ -71.136292, 42.707214 ], [ -71.133956, 42.710414 ], [ -71.133498, 42.713549 ], [ -71.134966, 42.718222 ], [ -71.134909, 42.719891 ], [ -71.134458, 42.721162 ], [ -71.12681, 42.728357 ], [ -71.124461, 42.731654 ], [ -71.118606, 42.736623 ], [ -71.116448, 42.739086 ], [ -71.115579, 42.741104 ], [ -71.108632, 42.735281 ], [ -71.097834, 42.73522 ], [ -71.092467, 42.737 ], [ -71.090078, 42.736969 ], [ -71.088064, 42.736144 ], [ -71.08191, 42.736685 ], [ -71.07406, 42.734486 ], [ -71.072111, 42.732668 ], [ -71.058883, 42.732463 ], [ -71.058116, 42.734209 ], [ -71.052849, 42.739887 ], [ -71.048341, 42.746145 ], [ -71.044524, 42.749034 ], [ -71.044096, 42.753214 ], [ -71.04275, 42.754338 ], [ -71.041774, 42.754654 ], [ -71.042567, 42.757041 ], [ -71.040017, 42.757721 ], [ -71.037965, 42.758945 ], [ -71.030065, 42.769217 ], [ -71.024235, 42.77576 ], [ -71.021904, 42.779633 ], [ -71.020381, 42.784296 ], [ -71.019757, 42.789526 ], [ -71.018708, 42.791605 ], [ -71.01703, 42.793288 ], [ -71.013256, 42.796008 ], [ -71.003435, 42.801101 ], [ -71.001109, 42.803477 ], [ -70.999086, 42.806293 ], [ -70.998602, 42.807531 ], [ -70.998685, 42.808627 ], [ -70.999611, 42.810545 ], [ -71.054005, 42.833282 ], [ -71.04492, 42.848667 ], [ -71.031201, 42.859087 ], [ -71.016339, 42.861682 ], [ -70.967018, 42.8688 ], [ -70.948984, 42.876191 ], [ -70.929594, 42.885032 ], [ -70.914631, 42.886648 ], [ -70.903533, 42.886778 ], [ -70.885602, 42.882834 ], [ -70.847718, 42.860867 ], [ -70.836725, 42.86468 ], [ -70.829693, 42.868725 ], [ -70.820238, 42.871787 ], [ -70.812519, 42.872443 ], [ -70.792495, 42.873291 ], [ -70.749494, 42.874694 ], [ -70.735005, 42.874685 ], [ -70.738642, 42.869255 ], [ -70.746282, 42.860843 ], [ -70.74883, 42.858831 ], [ -70.746262, 42.850166 ], [ -70.746166, 42.847555 ], [ -70.745522, 42.844443 ], [ -70.743971, 42.843174 ], [ -70.739038, 42.835818 ], [ -70.737393, 42.832607 ], [ -70.734874, 42.824477 ], [ -70.734409, 42.818553 ], [ -70.734488, 42.811758 ], [ -70.733892, 42.808814 ], [ -70.733655, 42.803659 ], [ -70.734148, 42.798605 ], [ -70.73478, 42.795591 ], [ -70.737225, 42.787956 ], [ -70.731839, 42.778357 ], [ -70.730647, 42.773338 ], [ -70.728045, 42.767887 ], [ -70.726856, 42.764039 ], [ -70.725848, 42.75902 ], [ -70.721974, 42.754271 ], [ -70.71927, 42.750095 ], [ -70.71696, 42.743517 ], [ -70.714324, 42.731911 ], [ -70.70258, 42.724162 ], [ -70.68293, 42.72883 ], [ -70.661314, 42.73661 ], [ -70.641664, 42.739723 ], [ -70.625943, 42.739724 ], [ -70.590572, 42.7335 ], [ -70.549306, 42.724164 ], [ -70.529655, 42.707048 ], [ -70.513934, 42.680594 ], [ -70.502143, 42.635471 ], [ -70.502143, 42.624579 ], [ -70.511968, 42.605907 ], [ -70.521793, 42.593459 ], [ -70.531618, 42.584123 ], [ -70.545374, 42.570119 ], [ -70.566989, 42.560783 ], [ -70.582709, 42.553004 ], [ -70.60629, 42.53122 ], [ -70.617339, 42.500099 ], [ -70.640006, 42.43166 ], [ -70.648072, 42.405628 ], [ -70.749487, 42.40082 ], [ -70.851436, 42.393209 ], [ -70.901292, 42.384098 ], [ -70.924593, 42.386798 ], [ -70.959494, 42.407498 ], [ -70.962093, 42.412397 ], [ -70.959093, 42.418597 ], [ -70.952993, 42.429396 ], [ -70.951393, 42.436996 ], [ -70.950793, 42.444296 ], [ -70.966293, 42.443497 ], [ -70.968594, 42.444396 ], [ -70.971594, 42.442696 ], [ -70.975194, 42.436896 ], [ -70.979454, 42.432815 ], [ -70.982294, 42.431296 ], [ -70.985754, 42.432557 ], [ -70.987805, 42.433998 ], [ -70.99012, 42.434877 ], [ -70.992023, 42.434135 ], [ -70.994779, 42.431196 ], [ -70.995714, 42.430855 ], [ -70.999857, 42.431296 ], [ -71.00215, 42.432608 ], [ -71.005691, 42.432981 ], [ -71.006974, 42.433838 ], [ -71.00858, 42.434346 ], [ -71.010777, 42.434568 ], [ -71.010802, 42.435398 ], [ -71.011416, 42.435991 ], [ -71.010994, 42.436542 ], [ -71.011442, 42.436693 ], [ -71.010639, 42.437196 ], [ -71.010425, 42.437584 ], [ -71.010736, 42.437764 ], [ -71.010625, 42.438102 ], [ -71.010099, 42.438301 ], [ -71.01067, 42.438739 ], [ -71.01093, 42.438597 ], [ -71.011141, 42.439064 ], [ -71.011802, 42.438997 ], [ -71.012365, 42.439741 ], [ -71.009503, 42.440964 ], [ -71.011924, 42.442164 ], [ -71.018757, 42.450118 ], [ -71.025836, 42.444709 ], [ -71.053365, 42.475925 ], [ -71.061323, 42.474196 ], [ -71.061269, 42.472651 ], [ -71.069305, 42.471637 ], [ -71.078152, 42.47402 ], [ -71.077707, 42.477391 ], [ -71.076599, 42.477492 ], [ -71.07524, 42.488008 ], [ -71.085502, 42.492258 ], [ -71.090115, 42.501261 ], [ -71.100727, 42.502242 ], [ -71.11976, 42.500292 ], [ -71.121959, 42.504278 ], [ -71.122395, 42.504153 ], [ -71.123463, 42.506174 ], [ -71.124176, 42.507526 ], [ -71.123798, 42.507634 ], [ -71.123988, 42.508014 ], [ -71.135454, 42.530001 ], [ -71.170033, 42.515537 ], [ -71.169635, 42.511462 ], [ -71.170258, 42.510452 ], [ -71.16954, 42.510242 ], [ -71.169876, 42.509721 ], [ -71.169473, 42.509487 ], [ -71.169324, 42.507872 ], [ -71.169923, 42.506731 ], [ -71.169199, 42.506508 ], [ -71.168444, 42.498299 ], [ -71.168914, 42.490547 ], [ -71.170719, 42.489755 ], [ -71.168924, 42.487087 ], [ -71.181501, 42.483622 ], [ -71.181375, 42.483386 ], [ -71.182944, 42.482122 ], [ -71.186506, 42.48098 ], [ -71.18548, 42.479967 ], [ -71.187396, 42.479364 ], [ -71.188279, 42.479696 ], [ -71.204317, 42.465845 ], [ -71.210223, 42.470727 ], [ -71.210594, 42.467599 ], [ -71.212116, 42.466244 ], [ -71.240906, 42.490013 ], [ -71.244177, 42.488539 ], [ -71.245668, 42.488895 ], [ -71.249483, 42.490615 ], [ -71.252021, 42.492638 ], [ -71.253447, 42.493292 ], [ -71.256662, 42.492925 ], [ -71.256391, 42.491606 ], [ -71.257061, 42.490442 ], [ -71.258193, 42.489358 ], [ -71.261082, 42.488169 ], [ -71.261849, 42.486261 ], [ -71.259605, 42.484041 ], [ -71.260174, 42.481596 ], [ -71.25927, 42.480527 ], [ -71.260262, 42.479767 ], [ -71.259727, 42.477744 ], [ -71.259171, 42.477681 ], [ -71.256935, 42.478721 ], [ -71.256693, 42.478456 ], [ -71.261515, 42.476246 ], [ -71.272695, 42.459704 ], [ -71.277889, 42.46071 ], [ -71.277982, 42.460235 ], [ -71.279501, 42.459676 ], [ -71.280851, 42.460168 ], [ -71.28184, 42.45964 ], [ -71.28294, 42.461171 ], [ -71.29872, 42.472909 ], [ -71.300818, 42.473652 ], [ -71.301824, 42.473241 ], [ -71.304246, 42.474718 ], [ -71.306552, 42.474427 ], [ -71.309465, 42.476404 ], [ -71.313768, 42.474182 ], [ -71.31704, 42.476479 ], [ -71.316891, 42.476624 ], [ -71.320124, 42.480332 ], [ -71.321235, 42.480637 ] ] ] } },
{ "type": "Feature", "properties": { "district": "7", "name": "Congressional District 7" }, "geometry": { "type": "Polygon", "coordinates": [ [ [ -71.17485, 42.350337 ], [ -71.173916, 42.353465 ], [ -71.167608, 42.360095 ], [ -71.166158, 42.359907 ], [ -71.164218, 42.358631 ], [ -71.163008, 42.358469 ], [ -71.159278, 42.359902 ], [ -71.155246, 42.359895 ], [ -71.152476, 42.360678 ], [ -71.147808, 42.361306 ], [ -71.146336, 42.362475 ], [ -71.144492, 42.364822 ], [ -71.143294, 42.365084 ], [ -71.140642, 42.364422 ], [ -71.139692, 42.364475 ], [ -71.136437, 42.366889 ], [ -71.134168, 42.367759 ], [ -71.132373, 42.368891 ], [ -71.131788, 42.370065 ], [ -71.133091, 42.371976 ], [ -71.13315, 42.372563 ], [ -71.132719, 42.373199 ], [ -71.131525, 42.373802 ], [ -71.129625, 42.373944 ], [ -71.127634, 42.373259 ], [ -71.126024, 42.371948 ], [ -71.124582, 42.369636 ], [ -71.123827, 42.369157 ], [ -71.122044, 42.368703 ], [ -71.11955, 42.368838 ], [ -71.117934, 42.368385 ], [ -71.116968, 42.366651 ], [ -71.116921, 42.364246 ], [ -71.113901, 42.364478 ], [ -71.113512, 42.368564 ], [ -71.109984, 42.367274 ], [ -71.110411, 42.366816 ], [ -71.109214, 42.366169 ], [ -71.109016, 42.364908 ], [ -71.106159, 42.36515 ], [ -71.105104, 42.364521 ], [ -71.102387, 42.367367 ], [ -71.10175, 42.368302 ], [ -71.105859, 42.36975 ], [ -71.102062, 42.373897 ], [ -71.10305, 42.374018 ], [ -71.107272, 42.378087 ], [ -71.108457, 42.379112 ], [ -71.108952, 42.379164 ], [ -71.108614, 42.379552 ], [ -71.109204, 42.379371 ], [ -71.110397, 42.379672 ], [ -71.110504, 42.380019 ], [ -71.111327, 42.37978 ], [ -71.111664, 42.380721 ], [ -71.111861, 42.380576 ], [ -71.112147, 42.380898 ], [ -71.112683, 42.380561 ], [ -71.113059, 42.380932 ], [ -71.111656, 42.381749 ], [ -71.115584, 42.385158 ], [ -71.118193, 42.388009 ], [ -71.117452, 42.388386 ], [ -71.118007, 42.389104 ], [ -71.117085, 42.389581 ], [ -71.120974, 42.393706 ], [ -71.122838, 42.392242 ], [ -71.124368, 42.393653 ], [ -71.125284, 42.393062 ], [ -71.124874, 42.392696 ], [ -71.125266, 42.392586 ], [ -71.126849, 42.390342 ], [ -71.127643, 42.390378 ], [ -71.127685, 42.389851 ], [ -71.129006, 42.390072 ], [ -71.127558, 42.387402 ], [ -71.129619, 42.386658 ], [ -71.129067, 42.386171 ], [ -71.13173, 42.385185 ], [ -71.130792, 42.384484 ], [ -71.131146, 42.384001 ], [ -71.129777, 42.383461 ], [ -71.13041, 42.382918 ], [ -71.132419, 42.383821 ], [ -71.132855, 42.383276 ], [ -71.135794, 42.3846 ], [ -71.134758, 42.385572 ], [ -71.136535, 42.386182 ], [ -71.138372, 42.38744 ], [ -71.141017, 42.386907 ], [ -71.143724, 42.388284 ], [ -71.144134, 42.38868 ], [ -71.143097, 42.38903 ], [ -71.141699, 42.390658 ], [ -71.141121, 42.392092 ], [ -71.145248, 42.392878 ], [ -71.150115, 42.394933 ], [ -71.153169, 42.395643 ], [ -71.156362, 42.395852 ], [ -71.152057, 42.40104 ], [ -71.143557, 42.397428 ], [ -71.143241, 42.396564 ], [ -71.144297, 42.394676 ], [ -71.140607, 42.39468 ], [ -71.140745, 42.395886 ], [ -71.139396, 42.39597 ], [ -71.138359, 42.395645 ], [ -71.13835, 42.3968 ], [ -71.13713, 42.396983 ], [ -71.136932, 42.397572 ], [ -71.132213, 42.397276 ], [ -71.132153, 42.395762 ], [ -71.130854, 42.395785 ], [ -71.129463, 42.396627 ], [ -71.128654, 42.396057 ], [ -71.128824, 42.396204 ], [ -71.127361, 42.397096 ], [ -71.1313, 42.40158 ], [ -71.134635, 42.404259 ], [ -71.134286, 42.406404 ], [ -71.132223, 42.409523 ], [ -71.132887, 42.411973 ], [ -71.132435, 42.415216 ], [ -71.131614, 42.415511 ], [ -71.131414, 42.416976 ], [ -71.128256, 42.417989 ], [ -71.125809, 42.417999 ], [ -71.129922, 42.413327 ], [ -71.12704, 42.412328 ], [ -71.128101, 42.41072 ], [ -71.12615, 42.409269 ], [ -71.125687, 42.409984 ], [ -71.12336, 42.409191 ], [ -71.123996, 42.408268 ], [ -71.121556, 42.407434 ], [ -71.121752, 42.407116 ], [ -71.115541, 42.405145 ], [ -71.115489, 42.402905 ], [ -71.113868, 42.400985 ], [ -71.112374, 42.400226 ], [ -71.100394, 42.396224 ], [ -71.096689, 42.400455 ], [ -71.091993, 42.3989 ], [ -71.085687, 42.400651 ], [ -71.083423, 42.400013 ], [ -71.075996, 42.396396 ], [ -71.076419, 42.397773 ], [ -71.075988, 42.399706 ], [ -71.073448, 42.402665 ], [ -71.071297, 42.406922 ], [ -71.072692, 42.408237 ], [ -71.073744, 42.408679 ], [ -71.073624, 42.409303 ], [ -71.072161, 42.410363 ], [ -71.071873, 42.411099 ], [ -71.072111, 42.412081 ], [ -71.073196, 42.412996 ], [ -71.073296, 42.414796 ], [ -71.064507, 42.415241 ], [ -71.060441, 42.416007 ], [ -71.050472, 42.422887 ], [ -71.028227, 42.424202 ], [ -71.033181, 42.414206 ], [ -71.029036, 42.410354 ], [ -71.027115, 42.407782 ], [ -71.026888, 42.40655 ], [ -71.026237, 42.405925 ], [ -71.024901, 42.4059 ], [ -71.023847, 42.405324 ], [ -71.023278, 42.405544 ], [ -71.022855, 42.405125 ], [ -71.022442, 42.405474 ], [ -71.020442, 42.405114 ], [ -71.020305, 42.404829 ], [ -71.021191, 42.404233 ], [ -71.020828, 42.403513 ], [ -71.018715, 42.403709 ], [ -71.017826, 42.402883 ], [ -71.017035, 42.402715 ], [ -71.013007, 42.402864 ], [ -71.009396, 42.401183 ], [ -71.009629, 42.400167 ], [ -71.013395, 42.397398 ], [ -71.011272, 42.396589 ], [ -71.01193, 42.395752 ], [ -71.008945, 42.395192 ], [ -71.005861, 42.393892 ], [ -71.001407, 42.39674 ], [ -70.998306, 42.396929 ], [ -70.996475, 42.396308 ], [ -70.995361, 42.393813 ], [ -70.993818, 42.392924 ], [ -70.989771, 42.39324 ], [ -70.987442, 42.392742 ], [ -70.987113, 42.391985 ], [ -70.987571, 42.390582 ], [ -70.987511, 42.389229 ], [ -70.987289, 42.388734 ], [ -70.986053, 42.388116 ], [ -70.986667, 42.387072 ], [ -70.988281, 42.387107 ], [ -70.994239, 42.384647 ], [ -70.994648, 42.38115 ], [ -70.996694, 42.378741 ], [ -70.999326, 42.377738 ], [ -71.000206, 42.377754 ], [ -71.006123, 42.376052 ], [ -71.010363, 42.365031 ], [ -71.000695, 42.36464 ], [ -70.986597, 42.364572 ], [ -70.985593, 42.356797 ], [ -70.972893, 42.353597 ], [ -70.975094, 42.343499 ], [ -70.988173, 42.343447 ], [ -71.010994, 42.342698 ], [ -71.028363, 42.354099 ], [ -71.029795, 42.351789 ], [ -71.032422, 42.353091 ], [ -71.045828, 42.357227 ], [ -71.045566, 42.359733 ], [ -71.042596, 42.363798 ], [ -71.049095, 42.371197 ], [ -71.050895, 42.370697 ], [ -71.054995, 42.370697 ], [ -71.059795, 42.368767 ], [ -71.062994, 42.368391 ], [ -71.063921, 42.369016 ], [ -71.069478, 42.369046 ], [ -71.074792, 42.363773 ], [ -71.076092, 42.36038 ], [ -71.077334, 42.359084 ], [ -71.087511, 42.355557 ], [ -71.083749, 42.34838 ], [ -71.071057, 42.351803 ], [ -71.067533, 42.352513 ], [ -71.064562, 42.352383 ], [ -71.064235, 42.353394 ], [ -71.062516, 42.35328 ], [ -71.062575, 42.352399 ], [ -71.058009, 42.35235 ], [ -71.056246, 42.352903 ], [ -71.055324, 42.352595 ], [ -71.05106, 42.355131 ], [ -71.049595, 42.354497 ], [ -71.054771, 42.347253 ], [ -71.054788, 42.346871 ], [ -71.054469, 42.346778 ], [ -71.058143, 42.345647 ], [ -71.059952, 42.34232 ], [ -71.060264, 42.342399 ], [ -71.060497, 42.34022 ], [ -71.061586, 42.338576 ], [ -71.061009, 42.334782 ], [ -71.066655, 42.325845 ], [ -71.068747, 42.318594 ], [ -71.062718, 42.316006 ], [ -71.061674, 42.31838 ], [ -71.059881, 42.317972 ], [ -71.059596, 42.318869 ], [ -71.058834, 42.3186 ], [ -71.060018, 42.314738 ], [ -71.060885, 42.315126 ], [ -71.062372, 42.313332 ], [ -71.063259, 42.313688 ], [ -71.063482, 42.313174 ], [ -71.062113, 42.312597 ], [ -71.062327, 42.312132 ], [ -71.061182, 42.311521 ], [ -71.059379, 42.311039 ], [ -71.058881, 42.312771 ], [ -71.056021, 42.312864 ], [ -71.054983, 42.312331 ], [ -71.055603, 42.310973 ], [ -71.053506, 42.310493 ], [ -71.054471, 42.308 ], [ -71.055954, 42.301374 ], [ -71.057042, 42.300582 ], [ -71.059042, 42.300333 ], [ -71.056819, 42.297917 ], [ -71.056457, 42.29637 ], [ -71.058875, 42.295683 ], [ -71.058323, 42.29464 ], [ -71.059172, 42.294401 ], [ -71.058817, 42.29353 ], [ -71.056917, 42.29398 ], [ -71.057296, 42.293125 ], [ -71.057295, 42.291647 ], [ -71.055347, 42.288242 ], [ -71.064303, 42.285699 ], [ -71.066503, 42.277904 ], [ -71.067517, 42.277701 ], [ -71.067892, 42.276434 ], [ -71.069436, 42.276289 ], [ -71.069601, 42.275753 ], [ -71.072077, 42.275666 ], [ -71.072199, 42.275001 ], [ -71.070088, 42.273703 ], [ -71.069526, 42.272573 ], [ -71.068018, 42.272216 ], [ -71.06814, 42.271 ], [ -71.069784, 42.270605 ], [ -71.072044, 42.270817 ], [ -71.073264, 42.270317 ], [ -71.073296, 42.269239 ], [ -71.076195, 42.267161 ], [ -71.07894, 42.26357 ], [ -71.08057, 42.26068 ], [ -71.0812, 42.25837 ], [ -71.08434, 42.25925 ], [ -71.08698, 42.25796 ], [ -71.08747, 42.25838 ], [ -71.09351, 42.25692 ], [ -71.093532, 42.245571 ], [ -71.09291, 42.24405 ], [ -71.09359, 42.24128 ], [ -71.093312, 42.23867 ], [ -71.09189, 42.23702 ], [ -71.08958, 42.23616 ], [ -71.08482, 42.22962 ], [ -71.07906, 42.2249 ], [ -71.08024, 42.22403 ], [ -71.07664, 42.22112 ], [ -71.07867, 42.22023 ], [ -71.080163, 42.218859 ], [ -71.093189, 42.213936 ], [ -71.082727, 42.20429 ], [ -71.082244, 42.204749 ], [ -71.080747, 42.204948 ], [ -71.076997, 42.20452 ], [ -71.075143, 42.204739 ], [ -71.074471, 42.204224 ], [ -71.073314, 42.20422 ], [ -71.069679, 42.204508 ], [ -71.060388, 42.206314 ], [ -71.059422, 42.205956 ], [ -71.058126, 42.206194 ], [ -71.057306, 42.205904 ], [ -71.053056, 42.205692 ], [ -71.04949, 42.206669 ], [ -71.047271, 42.194592 ], [ -71.029591, 42.19153 ], [ -71.01913, 42.186851 ], [ -71.019517, 42.185948 ], [ -71.01909, 42.185354 ], [ -71.019468, 42.184651 ], [ -71.019411, 42.18426 ], [ -71.018988, 42.184057 ], [ -71.019459, 42.183789 ], [ -71.019229, 42.183511 ], [ -71.019941, 42.181896 ], [ -71.019691, 42.181259 ], [ -71.020164, 42.180971 ], [ -71.019898, 42.180294 ], [ -71.020167, 42.179622 ], [ -71.019549, 42.178794 ], [ -71.019994, 42.178514 ], [ -71.019878, 42.177938 ], [ -71.020628, 42.17757 ], [ -71.020574, 42.176565 ], [ -71.021134, 42.175898 ], [ -71.020816, 42.175015 ], [ -71.021614, 42.174099 ], [ -71.021298, 42.17341 ], [ -71.022428, 42.170546 ], [ -71.02162, 42.170166 ], [ -71.027565, 42.156321 ], [ -71.035093, 42.135634 ], [ -71.04012, 42.137194 ], [ -71.114799, 42.212653 ], [ -71.130771, 42.227926 ], [ -71.142681, 42.235998 ], [ -71.146642, 42.255755 ], [ -71.152118, 42.258247 ], [ -71.150015, 42.259454 ], [ -71.151956, 42.260807 ], [ -71.152506, 42.260475 ], [ -71.151082, 42.259332 ], [ -71.151623, 42.259059 ], [ -71.155042, 42.261847 ], [ -71.156027, 42.260799 ], [ -71.156937, 42.260825 ], [ -71.157609, 42.263433 ], [ -71.158461, 42.265308 ], [ -71.160424, 42.266823 ], [ -71.160005, 42.267023 ], [ -71.158643, 42.269566 ], [ -71.154676, 42.269297 ], [ -71.151124, 42.266666 ], [ -71.140308, 42.275429 ], [ -71.127373, 42.2871 ], [ -71.125965, 42.288482 ], [ -71.127139, 42.289161 ], [ -71.122172, 42.294556 ], [ -71.121294, 42.295199 ], [ -71.118415, 42.293409 ], [ -71.10661, 42.31174 ], [ -71.104475, 42.317022 ], [ -71.102944, 42.319298 ], [ -71.103985, 42.319977 ], [ -71.105289, 42.319365 ], [ -71.106788, 42.321156 ], [ -71.108452, 42.322389 ], [ -71.116321, 42.321012 ], [ -71.119257, 42.321478 ], [ -71.119607, 42.322614 ], [ -71.11887, 42.322858 ], [ -71.118398, 42.323455 ], [ -71.116537, 42.323939 ], [ -71.115965, 42.326379 ], [ -71.11504, 42.327308 ], [ -71.113575, 42.330467 ], [ -71.113212, 42.332458 ], [ -71.110533, 42.33533 ], [ -71.11099, 42.335757 ], [ -71.110708, 42.336308 ], [ -71.111559, 42.337381 ], [ -71.110579, 42.340443 ], [ -71.109553, 42.341494 ], [ -71.10849, 42.341837 ], [ -71.108027, 42.342478 ], [ -71.105516, 42.343812 ], [ -71.107213, 42.347049 ], [ -71.10657, 42.349912 ], [ -71.122855, 42.351861 ], [ -71.122942, 42.351416 ], [ -71.124067, 42.351552 ], [ -71.126854, 42.350088 ], [ -71.128583, 42.349833 ], [ -71.129281, 42.349067 ], [ -71.135278, 42.345941 ], [ -71.141326, 42.341048 ], [ -71.141939, 42.340008 ], [ -71.144212, 42.340022 ], [ -71.146606, 42.338537 ], [ -71.146156, 42.337442 ], [ -71.148742, 42.336866 ], [ -71.148295, 42.335807 ], [ -71.150059, 42.335393 ], [ -71.150461, 42.334968 ], [ -71.149853, 42.334635 ], [ -71.157036, 42.33039 ], [ -71.159325, 42.332768 ], [ -71.161295, 42.333783 ], [ -71.162732, 42.333961 ], [ -71.167565, 42.333441 ], [ -71.168886, 42.335826 ], [ -71.169217, 42.338068 ], [ -71.168633, 42.338629 ], [ -71.166808, 42.33929 ], [ -71.166683, 42.340104 ], [ -71.17485, 42.350337 ] ] ] } },
{ "type": "Feature", "properties": { "district": "8", "name": "Congressional District 8" }, "geometry": { "type": "Polygon", "coordinates": [ [ [ -71.303139, 42.148424 ], [ -71.303751, 42.1495 ], [ -71.275025, 42.148623 ], [ -71.275671, 42.181667 ], [ -71.269569, 42.200499 ], [ -71.267523, 42.200939 ], [ -71.263711, 42.203328 ], [ -71.261055, 42.204096 ], [ -71.258194, 42.204071 ], [ -71.254124, 42.2028 ], [ -71.251416, 42.202613 ], [ -71.232237, 42.256898 ], [ -71.232285, 42.258425 ], [ -71.230347, 42.261362 ], [ -71.229333, 42.26404 ], [ -71.228685, 42.264309 ], [ -71.227284, 42.263909 ], [ -71.225656, 42.264133 ], [ -71.223188, 42.262697 ], [ -71.221567, 42.263427 ], [ -71.219875, 42.263532 ], [ -71.218675, 42.265387 ], [ -71.218123, 42.267665 ], [ -71.218311, 42.268458 ], [ -71.217973, 42.268678 ], [ -71.214565, 42.267702 ], [ -71.21093, 42.267302 ], [ -71.208049, 42.267851 ], [ -71.205727, 42.26757 ], [ -71.205024, 42.267059 ], [ -71.199786, 42.267702 ], [ -71.198791, 42.268431 ], [ -71.197125, 42.268953 ], [ -71.188212, 42.280438 ], [ -71.190753, 42.28184 ], [ -71.191247, 42.282992 ], [ -71.178636, 42.294595 ], [ -71.164702, 42.30383 ], [ -71.152113, 42.294588 ], [ -71.146883, 42.29728 ], [ -71.140096, 42.302173 ], [ -71.136502, 42.306204 ], [ -71.131863, 42.313178 ], [ -71.123711, 42.322716 ], [ -71.123367, 42.322571 ], [ -71.121528, 42.323882 ], [ -71.120112, 42.322835 ], [ -71.119539, 42.322745 ], [ -71.119438, 42.321605 ], [ -71.118506, 42.321257 ], [ -71.115599, 42.321066 ], [ -71.108452, 42.322389 ], [ -71.106788, 42.321156 ], [ -71.105289, 42.319365 ], [ -71.103985, 42.319977 ], [ -71.102944, 42.319298 ], [ -71.104475, 42.317022 ], [ -71.10661, 42.31174 ], [ -71.118415, 42.293409 ], [ -71.121294, 42.295199 ], [ -71.122172, 42.294556 ], [ -71.127139, 42.289161 ], [ -71.125965, 42.288482 ], [ -71.127373, 42.2871 ], [ -71.140308, 42.275429 ], [ -71.151124, 42.266666 ], [ -71.154676, 42.269297 ], [ -71.158643, 42.269566 ], [ -71.160005, 42.267023 ], [ -71.160424, 42.266823 ], [ -71.158461, 42.265308 ], [ -71.157609, 42.263433 ], [ -71.156937, 42.260825 ], [ -71.156027, 42.260799 ], [ -71.155042, 42.261847 ], [ -71.151623, 42.259059 ], [ -71.151082, 42.259332 ], [ -71.152506, 42.260475 ], [ -71.151956, 42.260807 ], [ -71.150015, 42.259454 ], [ -71.152118, 42.258247 ], [ -71.146642, 42.255755 ], [ -71.142681, 42.235998 ], [ -71.130771, 42.227926 ], [ -71.114799, 42.212653 ], [ -71.04012, 42.137194 ], [ -71.035093, 42.135634 ], [ -71.027565, 42.156321 ], [ -71.02162, 42.170166 ], [ -71.022428, 42.170546 ], [ -71.021298, 42.17341 ], [ -71.021614, 42.174099 ], [ -71.020816, 42.175015 ], [ -71.021134, 42.175898 ], [ -71.020574, 42.176565 ], [ -71.020628, 42.17757 ], [ -71.019878, 42.177938 ], [ -71.019994, 42.178514 ], [ -71.019549, 42.178794 ], [ -71.020167, 42.179622 ], [ -71.019898, 42.180294 ], [ -71.020164, 42.180971 ], [ -71.019691, 42.181259 ], [ -71.019941, 42.181896 ], [ -71.019229, 42.183511 ], [ -71.019459, 42.183789 ], [ -71.018988, 42.184057 ], [ -71.019411, 42.18426 ], [ -71.019468, 42.184651 ], [ -71.01909, 42.185354 ], [ -71.019517, 42.185948 ], [ -71.01913, 42.186851 ], [ -71.029591, 42.19153 ], [ -71.047271, 42.194592 ], [ -71.04949, 42.206669 ], [ -71.053056, 42.205692 ], [ -71.057306, 42.205904 ], [ -71.058126, 42.206194 ], [ -71.059422, 42.205956 ], [ -71.060388, 42.206314 ], [ -71.069679, 42.204508 ], [ -71.073314, 42.20422 ], [ -71.074471, 42.204224 ], [ -71.075143, 42.204739 ], [ -71.076997, 42.20452 ], [ -71.080747, 42.204948 ], [ -71.082244, 42.204749 ], [ -71.082727, 42.20429 ], [ -71.093189, 42.213936 ], [ -71.080163, 42.218859 ], [ -71.07867, 42.22023 ], [ -71.07664, 42.22112 ], [ -71.08024, 42.22403 ], [ -71.07906, 42.2249 ], [ -71.08482, 42.22962 ], [ -71.08958, 42.23616 ], [ -71.09189, 42.23702 ], [ -71.093312, 42.23867 ], [ -71.09359, 42.24128 ], [ -71.09291, 42.24405 ], [ -71.093532, 42.245571 ], [ -71.09351, 42.25692 ], [ -71.08747, 42.25838 ], [ -71.08698, 42.25796 ], [ -71.08434, 42.25925 ], [ -71.0812, 42.25837 ], [ -71.08057, 42.26068 ], [ -71.07894, 42.26357 ], [ -71.076195, 42.267161 ], [ -71.073296, 42.269239 ], [ -71.073264, 42.270317 ], [ -71.072044, 42.270817 ], [ -71.069784, 42.270605 ], [ -71.06814, 42.271 ], [ -71.068018, 42.272216 ], [ -71.069526, 42.272573 ], [ -71.070088, 42.273703 ], [ -71.072199, 42.275001 ], [ -71.072077, 42.275666 ], [ -71.069601, 42.275753 ], [ -71.069436, 42.276289 ], [ -71.067892, 42.276434 ], [ -71.067517, 42.277701 ], [ -71.066503, 42.277904 ], [ -71.064303, 42.285699 ], [ -71.055347, 42.288242 ], [ -71.057295, 42.291647 ], [ -71.057296, 42.293125 ], [ -71.056917, 42.29398 ], [ -71.058817, 42.29353 ], [ -71.059172, 42.294401 ], [ -71.058323, 42.29464 ], [ -71.058875, 42.295683 ], [ -71.056457, 42.29637 ], [ -71.056819, 42.297917 ], [ -71.059042, 42.300333 ], [ -71.057042, 42.300582 ], [ -71.055954, 42.301374 ], [ -71.054471, 42.308 ], [ -71.053506, 42.310493 ], [ -71.055603, 42.310973 ], [ -71.054983, 42.312331 ], [ -71.056021, 42.312864 ], [ -71.058881, 42.312771 ], [ -71.059379, 42.311039 ], [ -71.061182, 42.311521 ], [ -71.062327, 42.312132 ], [ -71.062113, 42.312597 ], [ -71.063482, 42.313174 ], [ -71.063259, 42.313688 ], [ -71.062372, 42.313332 ], [ -71.060885, 42.315126 ], [ -71.060018, 42.314738 ], [ -71.058834, 42.3186 ], [ -71.059596, 42.318869 ], [ -71.059881, 42.317972 ], [ -71.061674, 42.31838 ], [ -71.062718, 42.316006 ], [ -71.068747, 42.318594 ], [ -71.066655, 42.325845 ], [ -71.061009, 42.334782 ], [ -71.061586, 42.338576 ], [ -71.060497, 42.34022 ], [ -71.060264, 42.342399 ], [ -71.059952, 42.34232 ], [ -71.058143, 42.345647 ], [ -71.054469, 42.346778 ], [ -71.054788, 42.346871 ], [ -71.054771, 42.347253 ], [ -71.049595, 42.354497 ], [ -71.05106, 42.355131 ], [ -71.055324, 42.352595 ], [ -71.056246, 42.352903 ], [ -71.058009, 42.35235 ], [ -71.062575, 42.352399 ], [ -71.062516, 42.35328 ], [ -71.064235, 42.353394 ], [ -71.064562, 42.352383 ], [ -71.067533, 42.352513 ], [ -71.071057, 42.351803 ], [ -71.083749, 42.34838 ], [ -71.087511, 42.355557 ], [ -71.077334, 42.359084 ], [ -71.076092, 42.36038 ], [ -71.074792, 42.363773 ], [ -71.069478, 42.369046 ], [ -71.063921, 42.369016 ], [ -71.062994, 42.368391 ], [ -71.059795, 42.368767 ], [ -71.054995, 42.370697 ], [ -71.050895, 42.370697 ], [ -71.049095, 42.371197 ], [ -71.042596, 42.363798 ], [ -71.045566, 42.359733 ], [ -71.045828, 42.357227 ], [ -71.032422, 42.353091 ], [ -71.029795, 42.351789 ], [ -71.028363, 42.354099 ], [ -71.010994, 42.342698 ], [ -70.988173, 42.343447 ], [ -70.975094, 42.343499 ], [ -70.972893, 42.353597 ], [ -70.917892, 42.385997 ], [ -70.901292, 42.384098 ], [ -70.851436, 42.393209 ], [ -70.749487, 42.40082 ], [ -70.648072, 42.405628 ], [ -70.652005, 42.392939 ], [ -70.658723, 42.375098 ], [ -70.690393, 42.278999 ], [ -70.689025, 42.27239 ], [ -70.688704, 42.263468 ], [ -70.684061, 42.253836 ], [ -70.676029, 42.250102 ], [ -70.66281, 42.244851 ], [ -70.648622, 42.23736 ], [ -70.640113, 42.228372 ], [ -70.63633, 42.216386 ], [ -70.63633, 42.202903 ], [ -70.639165, 42.190919 ], [ -70.642946, 42.178185 ], [ -70.624482, 42.157225 ], [ -70.624483, 42.125107 ], [ -70.665784, 42.1251 ], [ -70.675077, 42.136199 ], [ -70.678461, 42.140748 ], [ -70.684741, 42.151 ], [ -70.691099, 42.163671 ], [ -70.694278, 42.171057 ], [ -70.699515, 42.191178 ], [ -70.702351, 42.199456 ], [ -70.732356, 42.250101 ], [ -70.749486, 42.291165 ], [ -70.751049, 42.293114 ], [ -70.749487, 42.295356 ], [ -70.67569, 42.375098 ], [ -70.729212, 42.373848 ], [ -70.749488, 42.351778 ], [ -70.800346, 42.293113 ], [ -70.825638, 42.264633 ], [ -70.826986, 42.264368 ], [ -70.83574, 42.264792 ], [ -70.838644, 42.263498 ], [ -70.839611, 42.261886 ], [ -70.840627, 42.260989 ], [ -70.844627, 42.260426 ], [ -70.84729, 42.254101 ], [ -70.848886, 42.252304 ], [ -70.84892, 42.251769 ], [ -70.848269, 42.250536 ], [ -70.84822, 42.248671 ], [ -70.849277, 42.247331 ], [ -70.841241, 42.244546 ], [ -70.841152, 42.243346 ], [ -70.85338, 42.239607 ], [ -70.8408, 42.213118 ], [ -70.827015, 42.200786 ], [ -70.838864, 42.194806 ], [ -70.852165, 42.190462 ], [ -70.870248, 42.182471 ], [ -70.887603, 42.173335 ], [ -70.893516, 42.169814 ], [ -70.940768, 42.151365 ], [ -70.931487, 42.116549 ], [ -70.902412, 42.085897 ], [ -70.912962, 42.084417 ], [ -70.907549, 42.058795 ], [ -70.899729, 42.025299 ], [ -70.897418, 42.024941 ], [ -70.897649, 42.024224 ], [ -70.896618, 42.023285 ], [ -70.896893, 42.019419 ], [ -70.897744, 42.016449 ], [ -70.899571, 42.002975 ], [ -70.899187, 41.996371 ], [ -70.903366, 41.996627 ], [ -70.908439, 41.996164 ], [ -70.910681, 41.996928 ], [ -70.911126, 41.996728 ], [ -70.912833, 41.997005 ], [ -70.913485, 41.997486 ], [ -70.914498, 41.999332 ], [ -70.917343, 42.002263 ], [ -70.91739, 42.004636 ], [ -70.918555, 42.005928 ], [ -70.920672, 42.007259 ], [ -70.925364, 42.008909 ], [ -70.926923, 42.008873 ], [ -70.930446, 42.007809 ], [ -70.935392, 42.007829 ], [ -70.942994, 42.006541 ], [ -70.953664, 42.00585 ], [ -70.979585, 42.010999 ], [ -70.978786, 42.007395 ], [ -70.990607, 42.003908 ], [ -71.002717, 41.998053 ], [ -71.054184, 41.982716 ], [ -71.054718, 41.985057 ], [ -71.055392, 41.985178 ], [ -71.10203, 41.993348 ], [ -71.15645, 42.001042 ], [ -71.168681, 42.061161 ], [ -71.138607, 42.072775 ], [ -71.13902, 42.074831 ], [ -71.138462, 42.07656 ], [ -71.139469, 42.078294 ], [ -71.139592, 42.081278 ], [ -71.138728, 42.083686 ], [ -71.139428, 42.08487 ], [ -71.13766, 42.08865 ], [ -71.13581, 42.09082 ], [ -71.1324, 42.09893 ], [ -71.131392, 42.100478 ], [ -71.13113, 42.10179 ], [ -71.13168, 42.10419 ], [ -71.131739, 42.106548 ], [ -71.133491, 42.110989 ], [ -71.135774, 42.11349 ], [ -71.138604, 42.119546 ], [ -71.140611, 42.121552 ], [ -71.146017, 42.125369 ], [ -71.148205, 42.128117 ], [ -71.148542, 42.131161 ], [ -71.149757, 42.133631 ], [ -71.150165, 42.135853 ], [ -71.149166, 42.138612 ], [ -71.163542, 42.141457 ], [ -71.162198, 42.145279 ], [ -71.171993, 42.151524 ], [ -71.176368, 42.15536 ], [ -71.175763, 42.155599 ], [ -71.178013, 42.163961 ], [ -71.177899, 42.165567 ], [ -71.179188, 42.165903 ], [ -71.17902, 42.165283 ], [ -71.179796, 42.164978 ], [ -71.180182, 42.165496 ], [ -71.181313, 42.165523 ], [ -71.182803, 42.163287 ], [ -71.183387, 42.163238 ], [ -71.184323, 42.162492 ], [ -71.185833, 42.162161 ], [ -71.186607, 42.161486 ], [ -71.188146, 42.161489 ], [ -71.188691, 42.161127 ], [ -71.186885, 42.153264 ], [ -71.22599, 42.13541 ], [ -71.227832, 42.13308 ], [ -71.229082, 42.132605 ], [ -71.230398, 42.132574 ], [ -71.230666, 42.132059 ], [ -71.231945, 42.131559 ], [ -71.232201, 42.130594 ], [ -71.233475, 42.128569 ], [ -71.233307, 42.125959 ], [ -71.231098, 42.123298 ], [ -71.233168, 42.123001 ], [ -71.233293, 42.123412 ], [ -71.239898, 42.12083 ], [ -71.239116, 42.120001 ], [ -71.238862, 42.119335 ], [ -71.23913, 42.118826 ], [ -71.238449, 42.117751 ], [ -71.239417, 42.115506 ], [ -71.238432, 42.114277 ], [ -71.237993, 42.112896 ], [ -71.238917, 42.11222 ], [ -71.238804, 42.106401 ], [ -71.253302, 42.105344 ], [ -71.255347, 42.104131 ], [ -71.271736, 42.098445 ], [ -71.280268, 42.088492 ], [ -71.295901, 42.116614 ], [ -71.297154, 42.120509 ], [ -71.300223, 42.12591 ], [ -71.29894, 42.1265 ], [ -71.30176, 42.136634 ], [ -71.302186, 42.136871 ], [ -71.301379, 42.137194 ], [ -71.301348, 42.137773 ], [ -71.300584, 42.138083 ], [ -71.300323, 42.138658 ], [ -71.299748, 42.138501 ], [ -71.299597, 42.138817 ], [ -71.299093, 42.138863 ], [ -71.29921, 42.13986 ], [ -71.298947, 42.14042 ], [ -71.299721, 42.140854 ], [ -71.299406, 42.141771 ], [ -71.300005, 42.141987 ], [ -71.300506, 42.142874 ], [ -71.29985, 42.143762 ], [ -71.300696, 42.145068 ], [ -71.300118, 42.145731 ], [ -71.300678, 42.146251 ], [ -71.300118, 42.147176 ], [ -71.300873, 42.147503 ], [ -71.300817, 42.148091 ], [ -71.301965, 42.148166 ], [ -71.30234, 42.149026 ], [ -71.303139, 42.148424 ] ] ] } },
{ "type": "Feature", "properties": { "district": "9", "name": "Congressional District 9" }, "geometry": { "type": "Polygon", "coordinates": [ [ [ -71.138353, 41.603692 ], [ -71.135399, 41.625648 ], [ -71.133312, 41.629658 ], [ -71.133062, 41.630717 ], [ -71.134052, 41.632019 ], [ -71.13419, 41.633997 ], [ -71.132757, 41.636435 ], [ -71.118971, 41.680629 ], [ -71.114407, 41.692804 ], [ -71.105693, 41.692804 ], [ -71.06663, 41.685619 ], [ -70.922222, 41.754841 ], [ -70.92322, 41.755652 ], [ -70.924052, 41.755655 ], [ -70.924913, 41.75659 ], [ -70.926146, 41.757017 ], [ -70.926424, 41.757617 ], [ -70.926316, 41.758845 ], [ -70.907184, 41.763543 ], [ -70.921792, 41.791264 ], [ -70.8964, 41.79432 ], [ -70.898644, 41.814877 ], [ -70.893454, 41.827901 ], [ -70.893973, 41.828881 ], [ -70.918705, 41.851943 ], [ -70.918897, 41.852728 ], [ -70.917131, 41.855777 ], [ -70.917189, 41.856527 ], [ -70.916815, 41.8572 ], [ -70.917748, 41.858716 ], [ -70.916262, 41.85993 ], [ -70.914541, 41.859591 ], [ -70.914116, 41.860294 ], [ -70.914321, 41.860587 ], [ -70.913448, 41.860685 ], [ -70.912876, 41.861727 ], [ -70.914447, 41.862132 ], [ -70.914595, 41.86352 ], [ -70.913508, 41.863859 ], [ -70.915349, 41.864414 ], [ -70.914689, 41.865275 ], [ -70.915988, 41.865806 ], [ -70.915093, 41.866056 ], [ -70.915041, 41.866311 ], [ -70.916738, 41.867167 ], [ -70.916472, 41.867683 ], [ -70.91492, 41.868431 ], [ -70.914624, 41.869045 ], [ -70.912968, 41.870244 ], [ -70.914616, 41.872081 ], [ -70.916327, 41.87257 ], [ -70.916096, 41.874833 ], [ -70.916611, 41.876529 ], [ -70.916411, 41.876917 ], [ -70.919205, 41.879023 ], [ -70.963344, 41.896386 ], [ -70.964761, 41.899394 ], [ -70.967133, 41.901254 ], [ -70.970408, 41.90132 ], [ -70.971963, 41.901729 ], [ -70.972505, 41.901334 ], [ -70.976282, 41.901151 ], [ -70.977862, 41.902534 ], [ -70.978737, 41.903892 ], [ -70.980102, 41.903608 ], [ -70.981114, 41.90497 ], [ -70.982452, 41.905791 ], [ -70.983494, 41.906015 ], [ -70.984874, 41.907451 ], [ -70.987837, 41.905677 ], [ -70.988902, 41.905804 ], [ -70.989679, 41.906493 ], [ -70.990591, 41.906689 ], [ -70.99134, 41.906553 ], [ -70.991849, 41.906081 ], [ -70.992289, 41.906364 ], [ -70.992933, 41.906228 ], [ -70.993152, 41.906445 ], [ -70.991584, 41.908073 ], [ -70.990984, 41.910059 ], [ -70.992033, 41.915751 ], [ -70.992849, 41.916329 ], [ -70.993666, 41.916459 ], [ -70.99431, 41.916002 ], [ -70.994517, 41.91494 ], [ -70.995822, 41.91524 ], [ -70.997132, 41.916682 ], [ -70.997494, 41.91844 ], [ -71.001089, 41.918806 ], [ -71.001003, 41.917673 ], [ -71.003484, 41.917363 ], [ -71.005368, 41.914753 ], [ -71.005437, 41.913693 ], [ -71.004625, 41.911311 ], [ -71.00478, 41.910262 ], [ -71.005709, 41.90938 ], [ -71.011188, 41.907001 ], [ -71.012449, 41.908567 ], [ -71.013459, 41.910821 ], [ -71.01334, 41.913238 ], [ -71.015685, 41.917723 ], [ -71.016369, 41.920366 ], [ -71.018837, 41.92426 ], [ -71.021672, 41.923474 ], [ -71.02517, 41.923226 ], [ -71.028278, 41.922537 ], [ -71.033381, 41.923059 ], [ -71.035648, 41.923657 ], [ -71.035062, 41.92447 ], [ -71.038087, 41.92679 ], [ -71.034721, 41.932361 ], [ -71.036036, 41.933089 ], [ -71.037153, 41.932258 ], [ -71.037883, 41.93356 ], [ -71.040948, 41.935081 ], [ -71.046191, 41.936162 ], [ -71.04718, 41.933929 ], [ -71.051081, 41.933829 ], [ -71.051243, 41.935101 ], [ -71.053409, 41.940489 ], [ -71.056722, 41.943102 ], [ -71.060327, 41.945123 ], [ -71.072894, 41.948995 ], [ -71.07981, 41.938455 ], [ -71.080252, 41.938457 ], [ -71.08549, 41.941743 ], [ -71.074523, 41.947474 ], [ -71.073854, 41.948777 ], [ -71.073508, 41.954854 ], [ -71.070324, 41.954069 ], [ -71.067907, 41.963195 ], [ -71.064474, 41.964091 ], [ -71.061447, 41.964403 ], [ -71.061598, 41.967012 ], [ -71.063596, 41.967105 ], [ -71.063656, 41.968154 ], [ -71.061668, 41.968228 ], [ -71.061703, 41.970424 ], [ -71.063253, 41.972199 ], [ -71.063727, 41.973254 ], [ -71.060407, 41.973718 ], [ -71.061028, 41.978883 ], [ -71.066308, 41.978037 ], [ -71.069272, 41.981078 ], [ -71.069742, 41.981111 ], [ -71.070689, 41.98565 ], [ -71.070345, 41.987841 ], [ -71.054718, 41.985057 ], [ -71.054184, 41.982716 ], [ -71.002717, 41.998053 ], [ -70.990607, 42.003908 ], [ -70.978786, 42.007395 ], [ -70.979585, 42.010999 ], [ -70.953664, 42.00585 ], [ -70.942994, 42.006541 ], [ -70.935392, 42.007829 ], [ -70.930446, 42.007809 ], [ -70.926923, 42.008873 ], [ -70.925364, 42.008909 ], [ -70.920672, 42.007259 ], [ -70.918555, 42.005928 ], [ -70.91739, 42.004636 ], [ -70.917343, 42.002263 ], [ -70.914498, 41.999332 ], [ -70.913485, 41.997486 ], [ -70.912833, 41.997005 ], [ -70.911126, 41.996728 ], [ -70.910681, 41.996928 ], [ -70.908439, 41.996164 ], [ -70.903366, 41.996627 ], [ -70.899187, 41.996371 ], [ -70.899571, 42.002975 ], [ -70.897744, 42.016449 ], [ -70.896893, 42.019419 ], [ -70.896618, 42.023285 ], [ -70.897649, 42.024224 ], [ -70.897418, 42.024941 ], [ -70.899729, 42.025299 ], [ -70.907549, 42.058795 ], [ -70.912962, 42.084417 ], [ -70.902412, 42.085897 ], [ -70.931487, 42.116549 ], [ -70.940768, 42.151365 ], [ -70.893516, 42.169814 ], [ -70.887603, 42.173335 ], [ -70.870248, 42.182471 ], [ -70.852165, 42.190462 ], [ -70.838864, 42.194806 ], [ -70.827015, 42.200786 ], [ -70.8408, 42.213118 ], [ -70.85338, 42.239607 ], [ -70.841152, 42.243346 ], [ -70.841241, 42.244546 ], [ -70.849277, 42.247331 ], [ -70.84822, 42.248671 ], [ -70.848269, 42.250536 ], [ -70.84892, 42.251769 ], [ -70.848886, 42.252304 ], [ -70.84729, 42.254101 ], [ -70.844627, 42.260426 ], [ -70.840627, 42.260989 ], [ -70.839611, 42.261886 ], [ -70.838644, 42.263498 ], [ -70.83574, 42.264792 ], [ -70.826986, 42.264368 ], [ -70.825638, 42.264633 ], [ -70.800346, 42.293113 ], [ -70.749488, 42.351778 ], [ -70.729212, 42.373848 ], [ -70.67569, 42.375098 ], [ -70.749487, 42.295356 ], [ -70.751049, 42.293114 ], [ -70.749486, 42.291165 ], [ -70.732356, 42.250101 ], [ -70.702351, 42.199456 ], [ -70.699515, 42.191178 ], [ -70.694278, 42.171057 ], [ -70.691099, 42.163671 ], [ -70.684741, 42.151 ], [ -70.678461, 42.140748 ], [ -70.669571, 42.129395 ], [ -70.665784, 42.1251 ], [ -70.624483, 42.125107 ], [ -70.624482, 42.157225 ], [ -70.62258, 42.154424 ], [ -70.608381, 42.138479 ], [ -70.499477, 42.130739 ], [ -70.414803, 42.125098 ], [ -70.411454, 42.125099 ], [ -70.374474, 42.12155 ], [ -70.322522, 42.117915 ], [ -70.27743, 42.114345 ], [ -70.249472, 42.126926 ], [ -70.229175, 42.131189 ], [ -70.215587, 42.132785 ], [ -70.206221, 42.133054 ], [ -70.1954, 42.131549 ], [ -70.184474, 42.133837 ], [ -70.172542, 42.134515 ], [ -70.150676, 42.131465 ], [ -70.135694, 42.127349 ], [ -70.130377, 42.126929 ], [ -70.124471, 42.126041 ], [ -70.120691, 42.125101 ], [ -70.067098, 42.105327 ], [ -70.040302, 42.091634 ], [ -70.011591, 42.073378 ], [ -69.996279, 42.059687 ], [ -69.969482, 42.029254 ], [ -69.94821, 42.000106 ], [ -69.940645, 41.992345 ], [ -69.929109, 41.978476 ], [ -69.923027, 41.967761 ], [ -69.917706, 41.959247 ], [ -69.909178, 41.942062 ], [ -69.902402, 41.922146 ], [ -69.895305, 41.906753 ], [ -69.880018, 41.861978 ], [ -69.877762, 41.852846 ], [ -69.876263, 41.84897 ], [ -69.87315, 41.838648 ], [ -69.872379, 41.831586 ], [ -69.869499, 41.826627 ], [ -69.866525, 41.817011 ], [ -69.865575, 41.807671 ], [ -69.865595, 41.79098 ], [ -69.862511, 41.773522 ], [ -69.862366, 41.766318 ], [ -69.860058, 41.758503 ], [ -69.85913, 41.7365 ], [ -69.85895, 41.706916 ], [ -69.86054, 41.692326 ], [ -69.862098, 41.684971 ], [ -69.862876, 41.673153 ], [ -69.868125, 41.656791 ], [ -69.871064, 41.652567 ], [ -69.874459, 41.645026 ], [ -69.884485, 41.630303 ], [ -69.889012, 41.625196 ], [ -69.88942, 41.622694 ], [ -69.891662, 41.617186 ], [ -69.898562, 41.606096 ], [ -69.907546, 41.596033 ], [ -69.915399, 41.589243 ], [ -69.916197, 41.584289 ], [ -69.919766, 41.574033 ], [ -69.921517, 41.5709 ], [ -69.921345, 41.562282 ], [ -69.924632, 41.544646 ], [ -69.928994, 41.532152 ], [ -69.936401, 41.521936 ], [ -69.946613, 41.512152 ], [ -69.958172, 41.50466 ], [ -69.96743, 41.500116 ], [ -69.968606, 41.500116 ], [ -69.971289, 41.498872 ], [ -69.988306, 41.494496 ], [ -69.998169, 41.493399 ], [ -69.999458, 41.491118 ], [ -69.999458, 41.490527 ], [ -70.013862, 41.477439 ], [ -70.023677, 41.471948 ], [ -70.040313, 41.46596 ], [ -70.055437, 41.46411 ], [ -70.073742, 41.46502 ], [ -70.084904, 41.467493 ], [ -70.101508, 41.474444 ], [ -70.114394, 41.484083 ], [ -70.122595, 41.494499 ], [ -70.126677, 41.503698 ], [ -70.127962, 41.509674 ], [ -70.128764, 41.517692 ], [ -70.128554, 41.524732 ], [ -70.126792, 41.530878 ], [ -70.122559, 41.537833 ], [ -70.116719, 41.544993 ], [ -70.10952, 41.551482 ], [ -70.102029, 41.556352 ], [ -70.086572, 41.562448 ], [ -70.080316, 41.564454 ], [ -70.073586, 41.577708 ], [ -70.068572, 41.58522 ], [ -70.063352, 41.590173 ], [ -70.064699, 41.59323 ], [ -70.068046, 41.602954 ], [ -70.068569, 41.610697 ], [ -70.077934, 41.612528 ], [ -70.093772, 41.608324 ], [ -70.109368, 41.605591 ], [ -70.126952, 41.600203 ], [ -70.138491, 41.598692 ], [ -70.160357, 41.59937 ], [ -70.163439, 41.597952 ], [ -70.170602, 41.595588 ], [ -70.1815, 41.593547 ], [ -70.198237, 41.587342 ], [ -70.20804, 41.58415 ], [ -70.220282, 41.572337 ], [ -70.225558, 41.568561 ], [ -70.231947, 41.565595 ], [ -70.241092, 41.56211 ], [ -70.249463, 41.560146 ], [ -70.255691, 41.559146 ], [ -70.267429, 41.558373 ], [ -70.278898, 41.559316 ], [ -70.289965, 41.561639 ], [ -70.311254, 41.571062 ], [ -70.320214, 41.568946 ], [ -70.331549, 41.567898 ], [ -70.346337, 41.568453 ], [ -70.364206, 41.562196 ], [ -70.387281, 41.557681 ], [ -70.395164, 41.556722 ], [ -70.405051, 41.546195 ], [ -70.423896, 41.528732 ], [ -70.432904, 41.522063 ], [ -70.440131, 41.517479 ], [ -70.448567, 41.513093 ], [ -70.457634, 41.509341 ], [ -70.466436, 41.50616 ], [ -70.478689, 41.503503 ], [ -70.48974, 41.501856 ], [ -70.498209, 41.502565 ], [ -70.502832, 41.500635 ], [ -70.508603, 41.498965 ], [ -70.504182, 41.494858 ], [ -70.499472, 41.488233 ], [ -70.494942, 41.479632 ], [ -70.491658, 41.471009 ], [ -70.489689, 41.462977 ], [ -70.475994, 41.466141 ], [ -70.46395, 41.468 ], [ -70.448007, 41.469355 ], [ -70.436449, 41.468919 ], [ -70.421087, 41.464416 ], [ -70.405928, 41.457013 ], [ -70.392892, 41.44548 ], [ -70.385874, 41.433721 ], [ -70.380807, 41.411996 ], [ -70.380693, 41.385361 ], [ -70.382163, 41.375118 ], [ -70.383449, 41.369933 ], [ -70.370112, 41.368769 ], [ -70.367698, 41.371427 ], [ -70.353085, 41.381455 ], [ -70.338289, 41.38855 ], [ -70.323593, 41.391607 ], [ -70.308734, 41.390693 ], [ -70.302438, 41.389625 ], [ -70.294179, 41.391446 ], [ -70.283214, 41.392885 ], [ -70.267283, 41.393426 ], [ -70.258549, 41.392107 ], [ -70.247689, 41.389891 ], [ -70.238142, 41.386205 ], [ -70.233576, 41.38264 ], [ -70.224936, 41.37512 ], [ -70.221622, 41.371769 ], [ -70.217334, 41.364997 ], [ -70.215115, 41.360275 ], [ -70.208297, 41.358025 ], [ -70.198383, 41.359025 ], [ -70.174906, 41.35729 ], [ -70.159992, 41.352242 ], [ -70.148699, 41.345216 ], [ -70.13794, 41.346371 ], [ -70.132231, 41.348731 ], [ -70.124461, 41.351327 ], [ -70.119335, 41.352638 ], [ -70.110095, 41.353592 ], [ -70.097844, 41.353584 ], [ -70.103251, 41.359705 ], [ -70.111328, 41.370389 ], [ -70.11644, 41.386165 ], [ -70.116541, 41.395132 ], [ -70.112734, 41.408126 ], [ -70.105819, 41.419866 ], [ -70.094412, 41.43081 ], [ -70.078847, 41.438015 ], [ -70.065174, 41.442687 ], [ -70.044272, 41.443801 ], [ -70.025902, 41.441079 ], [ -70.006467, 41.433898 ], [ -69.999458, 41.428432 ], [ -69.989227, 41.421225 ], [ -69.981775, 41.415208 ], [ -69.974592, 41.408922 ], [ -69.969634, 41.403511 ], [ -69.957745, 41.38725 ], [ -69.943801, 41.366717 ], [ -69.938456, 41.357645 ], [ -69.929837, 41.345323 ], [ -69.92644, 41.338794 ], [ -69.91495, 41.324195 ], [ -69.910093, 41.317263 ], [ -69.898321, 41.297003 ], [ -69.894885, 41.290372 ], [ -69.893789, 41.286925 ], [ -69.892959, 41.283643 ], [ -69.892445, 41.27909 ], [ -69.892209, 41.271323 ], [ -69.894472, 41.25924 ], [ -69.896044, 41.254119 ], [ -69.897743, 41.250122 ], [ -69.89901, 41.245538 ], [ -69.902992, 41.238416 ], [ -69.910319, 41.226849 ], [ -69.915842, 41.220939 ], [ -69.930953, 41.210543 ], [ -69.942008, 41.20452 ], [ -69.953586, 41.199672 ], [ -69.963739, 41.196393 ], [ -69.973182, 41.193545 ], [ -69.983151, 41.191403 ], [ -69.999457, 41.188305 ], [ -70.012483, 41.187053 ], [ -70.025702, 41.187102 ], [ -70.039705, 41.188192 ], [ -70.051647, 41.190908 ], [ -70.072666, 41.191634 ], [ -70.109684, 41.189803 ], [ -70.135855, 41.194649 ], [ -70.16117, 41.20069 ], [ -70.178851, 41.204531 ], [ -70.217017, 41.218176 ], [ -70.227997, 41.222664 ], [ -70.239982, 41.228463 ], [ -70.285736, 41.242346 ], [ -70.294484, 41.246499 ], [ -70.314298, 41.260532 ], [ -70.33509, 41.272779 ], [ -70.344083, 41.276146 ], [ -70.357554, 41.272596 ], [ -70.374466, 41.269458 ], [ -70.396777, 41.273014 ], [ -70.408733, 41.277294 ], [ -70.414493, 41.273953 ], [ -70.429075, 41.268651 ], [ -70.444758, 41.265513 ], [ -70.459851, 41.265253 ], [ -70.475635, 41.27022 ], [ -70.493308, 41.279975 ], [ -70.512199, 41.298313 ], [ -70.54521, 41.299672 ], [ -70.571848, 41.300094 ], [ -70.606672, 41.29941 ], [ -70.655087, 41.296165 ], [ -70.68502, 41.293176 ], [ -70.686615, 41.292059 ], [ -70.689055, 41.290937 ], [ -70.692874, 41.289639 ], [ -70.703106, 41.28904 ], [ -70.704591, 41.284834 ], [ -70.707362, 41.280218 ], [ -70.711063, 41.274857 ], [ -70.716499, 41.269452 ], [ -70.721634, 41.265861 ], [ -70.734843, 41.259231 ], [ -70.734065, 41.256148 ], [ -70.733667, 41.250116 ], [ -70.734753, 41.24626 ], [ -70.738908, 41.236427 ], [ -70.744307, 41.22603 ], [ -70.749473, 41.220173 ], [ -70.754188, 41.216091 ], [ -70.767837, 41.20649 ], [ -70.783582, 41.201219 ], [ -70.80595, 41.198742 ], [ -70.823645, 41.200649 ], [ -70.847746, 41.205814 ], [ -70.866343, 41.215397 ], [ -70.874474, 41.221381 ], [ -70.877327, 41.224144 ], [ -70.884973, 41.233784 ], [ -70.890541, 41.243091 ], [ -70.892457, 41.250112 ], [ -70.894203, 41.259439 ], [ -70.893595, 41.267994 ], [ -70.890337, 41.277362 ], [ -70.885683, 41.285066 ], [ -70.878182, 41.292147 ], [ -70.874475, 41.294968 ], [ -70.870027, 41.297068 ], [ -70.874474, 41.30135 ], [ -70.877963, 41.303708 ], [ -70.884472, 41.310162 ], [ -70.897722, 41.327411 ], [ -70.901005, 41.334613 ], [ -70.903815, 41.346727 ], [ -70.903739, 41.35508 ], [ -70.901866, 41.36177 ], [ -70.896017, 41.370148 ], [ -70.902603, 41.367613 ], [ -70.918399, 41.363033 ], [ -70.938664, 41.353986 ], [ -70.955752, 41.350161 ], [ -70.970521, 41.349187 ], [ -70.979229, 41.349644 ], [ -70.990748, 41.351289 ], [ -70.99948, 41.354103 ], [ -71.006315, 41.357319 ], [ -71.014799, 41.36202 ], [ -71.026103, 41.371693 ], [ -71.032701, 41.380273 ], [ -71.037211, 41.388908 ], [ -71.039918, 41.398259 ], [ -71.038114, 41.405453 ], [ -71.033604, 41.414085 ], [ -71.053451, 41.416959 ], [ -71.072404, 41.42557 ], [ -71.085038, 41.433467 ], [ -71.088571, 41.431315 ], [ -71.116404, 41.484568 ], [ -71.121116, 41.492787 ], [ -71.119874, 41.494604 ], [ -71.120617, 41.497901 ], [ -71.122437, 41.522075 ], [ -71.13162, 41.593716 ], [ -71.138353, 41.603692 ] ] ] } }
]
}
