{"type":"FeatureCollection","features":[{"id":"0","type":"Feature","properties":{"district":"22","name":"Congressional District 22"},"geometry":{"type":"Polygon","coordinates":[[[-96.6401,29.2479],[-96.3492,29.4061],[-96.3077,29.5145],[-96.176,29.6334],[-96.1654,29.6265],[-96.1554,29.6293],[-96.1418,29.6196],[-96.1292,29.6228],[-96.1216,29.6183],[-96.1162,29.6233],[-96.1103,29.6229],[-96.0948,29.6124],[-96.0936,29.604],[-96.0889,29.6017],[-96.0249,29.6029],[-96.0242,29.622],[-96.0164,29.6271],[-96.0193,29.6363],[-96.0148,29.6417],[-96.0332,29.6582],[-96.0305,29.6604],[-96.02,29.6592],[-96.016,29.6637],[-96.0168,29.6675],[-96.0309,29.6752],[-96.0461,29.6655],[-96.0601,29.6763],[-96.0566,29.6824],[-96.0359,29.6884],[-96.0272,29.687],[-96.0214,29.6789],[-96.0156,29.6814],[-96.0145,29.6936],[-96.0228,29.7045],[-96.006,29.7039],[-96.0071,29.7167],[-96.0128,29.7199],[-96.0321,29.7173],[-96.0327,29.7279],[-95.9709,29.7286],[-95.9713,29.7405],[-95.9509,29.7408],[-95.8262,29.7883],[-95.8302,29.8004],[-95.793,29.8018],[-95.7931,29.8169],[-95.7522,29.8172],[-95.7519,29.7851],[-95.7357,29.7852],[-95.7355,29.7705],[-95.7324,29.7715],[-95.728,29.7674],[-95.7222,29.7702],[-95.7222,29.7626],[-95.7177,29.7595],[-95.7305,29.7443],[-95.7313,29.7422],[-95.7278,29.7414],[-95.7304,29.7343],[-95.6871,29.7101],[-95.691,29.7074],[-95.7755,29.7006],[-95.7659,29.6816],[-95.7444,29.6646],[-95.715,29.6651],[-95.7148,29.6574],[-95.7047,29.6374],[-95.7001,29.6395],[-95.6947,29.6373],[-95.6945,29.6457],[-95.6818,29.6458],[-95.6802,29.6407],[-95.6839,29.6166],[-95.7045,29.6262],[-95.7142,29.6263],[-95.7158,29.5812],[-95.7084,29.5739],[-95.7182,29.572],[-95.7227,29.5893],[-95.7313,29.5895],[-95.7359,29.5797],[-95.749,29.5703],[-95.7461,29.5689],[-95.7521,29.5599],[-95.7411,29.5492],[-95.7469,29.5463],[-95.7377,29.5422],[-95.7027,29.5376],[-95.6904,29.5616],[-95.6683,29.5683],[-95.6647,29.5645],[-95.6453,29.5605],[-95.6442,29.5516],[-95.6299,29.5469],[-95.6217,29.5387],[-95.6176,29.5428],[-95.6182,29.5638],[-95.6384,29.5635],[-95.6389,29.5749],[-95.6205,29.585],[-95.6254,29.5872],[-95.631,29.5842],[-95.6349,29.5894],[-95.6225,29.5986],[-95.6163,29.5963],[-95.6068,29.6006],[-95.6137,29.6072],[-95.619,29.6021],[-95.6189,29.6106],[-95.6236,29.6083],[-95.6284,29.6108],[-95.629,29.6038],[-95.6339,29.6028],[-95.6492,29.6135],[-95.6508,29.6273],[-95.6465,29.6266],[-95.6369,29.6367],[-95.6413,29.6388],[-95.6393,29.6465],[-95.6351,29.6445],[-95.619,29.6493],[-95.6192,29.662],[-95.5971,29.6606],[-95.5714,29.6487],[-95.5767,29.6436],[-95.584,29.6473],[-95.5978,29.6468],[-95.5978,29.633],[-95.5914,29.6331],[-95.5928,29.6291],[-95.5903,29.631],[-95.5905,29.6286],[-95.5826,29.6274],[-95.5803,29.5855],[-95.5828,29.5805],[-95.5646,29.5659],[-95.5641,29.5826],[-95.5613,29.5852],[-95.5582,29.5827],[-95.5416,29.5832],[-95.5428,29.5757],[-95.5386,29.5717],[-95.5316,29.5742],[-95.5324,29.567],[-95.535,29.5665],[-95.5308,29.5618],[-95.5374,29.567],[-95.5394,29.5616],[-95.5623,29.5633],[-95.5456,29.5413],[-95.5345,29.5392],[-95.5346,29.5279],[-95.5266,29.5114],[-95.5196,29.5073],[-95.4948,29.5078],[-95.4878,29.5144],[-95.4886,29.5216],[-95.4627,29.5081],[-95.4677,29.5077],[-95.4654,29.4978],[-95.4734,29.4772],[-95.4752,29.4599],[-95.5325,29.4588],[-95.5347,29.4406],[-95.5397,29.4387],[-95.5447,29.4443],[-95.5506,29.4383],[-95.4626,29.4392],[-95.4463,29.4996],[-95.4157,29.4979],[-95.4134,29.4867],[-95.4012,29.4826],[-95.3905,29.4977],[-95.3876,29.5123],[-95.3745,29.5095],[-95.3791,29.5128],[-95.3764,29.5195],[-95.3706,29.5181],[-95.3708,29.5253],[-95.3472,29.524],[-95.3443,29.5157],[-95.3138,29.516],[-95.314,29.5306],[-95.3305,29.5303],[-95.3309,29.552],[-95.3061,29.5523],[-95.3062,29.5596],[-95.3504,29.559],[-95.3507,29.5706],[-95.3843,29.5705],[-95.3842,29.5869],[-95.3464,29.5856],[-95.3317,29.5991],[-95.3086,29.5949],[-95.2828,29.5977],[-95.2613,29.5928],[-95.2597,29.5744],[-95.2524,29.5606],[-95.2552,29.5568],[-95.2538,29.5537],[-95.2428,29.5551],[-95.238,29.5614],[-95.2337,29.5571],[-95.2282,29.56],[-95.2146,29.5571],[-95.2331,29.4656],[-95.1922,29.4044],[-95.1922,29.3999],[-95.2136,29.3957],[-95.2178,29.406],[-95.2216,29.4048],[-95.2238,29.4099],[-95.2264,29.4097],[-95.2288,29.4075],[-95.2258,29.4062],[-95.2326,29.4041],[-95.2249,29.3852],[-95.233,29.3827],[-95.2361,29.3899],[-95.2402,29.3879],[-95.2423,29.3913],[-95.2501,29.3876],[-95.2481,29.3842],[-95.2535,29.3817],[-95.2515,29.3996],[-95.2637,29.3987],[-95.2655,29.4046],[-95.263,29.4079],[-95.2746,29.4024],[-95.2706,29.3959],[-95.3619,29.3528],[-95.4227,29.3518],[-95.4182,29.3398],[-95.4219,29.3316],[-95.4206,29.3173],[-95.4255,29.3176],[-95.4259,29.3342],[-95.4401,29.3337],[-95.4398,29.3206],[-95.4476,29.3205],[-95.4478,29.326],[-95.4522,29.326],[-95.4575,29.3408],[-95.4631,29.3406],[-95.4688,29.3312],[-95.4934,29.3288],[-95.4935,29.3349],[-95.4998,29.3348],[-95.4999,29.3388],[-95.5328,29.3383],[-95.5482,29.3344],[-95.5439,29.3315],[-95.5481,29.3314],[-95.548,29.3273],[-95.5626,29.3271],[-95.5651,29.3202],[-95.5865,29.3196],[-95.5908,29.3275],[-95.6025,29.328],[-95.605,29.3307],[-95.6282,29.3095],[-95.622,29.3051],[-95.6208,29.2999],[-95.6261,29.2931],[-95.6313,29.2927],[-95.6388,29.2972],[-95.6443,29.2937],[-95.6522,29.2947],[-95.6545,29.2909],[-95.6651,29.2989],[-95.7529,29.3245],[-95.784,29.2962],[-95.7978,29.308],[-95.8477,29.2626],[-95.8419,29.2587],[-95.874,29.2297],[-95.8447,29.2047],[-95.8578,29.1933],[-95.8384,29.1766],[-95.8417,29.1735],[-95.8397,29.1684],[-95.8469,29.1675],[-95.8505,29.1569],[-95.8482,29.1465],[-95.8399,29.1423],[-95.8378,29.1342],[-95.8408,29.1147],[-95.8464,29.1076],[-95.8432,29.1066],[-95.8419,29.0991],[-95.8291,29.0889],[-95.8059,29.0905],[-95.8015,29.08],[-95.7971,29.0801],[-95.7934,29.0722],[-95.7809,29.0656],[-95.7708,29.0664],[-95.7651,29.0608],[-95.7675,29.0532],[-95.7759,29.0522],[-95.7775,29.0444],[-95.7833,29.0435],[-95.7855,29.0391],[-95.7793,29.0345],[-95.7841,29.0304],[-95.778,29.0248],[-95.782,29.0209],[-95.7761,29.0179],[-95.7799,29.0165],[-95.7793,29.0108],[-95.7852,29.0123],[-95.7844,29.0075],[-95.7779,29.0091],[-95.7677,29.0038],[-95.7726,29.0052],[-95.7783,28.9971],[-95.7672,28.9916],[-95.7705,28.9849],[-95.7656,28.9797],[-95.7705,28.976],[-95.7694,28.9711],[-95.7649,28.9674],[-95.6991,28.9695],[-95.6974,28.9659],[-95.6842,28.9605],[-95.6797,28.9657],[-95.6762,28.9648],[-95.6689,28.9562],[-95.6551,28.9515],[-95.6458,28.9389],[-95.6512,28.9282],[-95.6516,28.92],[-95.6421,28.9043],[-95.6365,28.9032],[-95.6335,28.8975],[-95.6232,28.8937],[-95.6165,28.8851],[-95.5792,28.8596],[-95.5762,28.8524],[-95.5793,28.8406],[-95.5737,28.8328],[-95.5508,28.8287],[-95.5376,28.8329],[-95.5305,28.8291],[-95.5041,28.8377],[-95.5041,28.8286],[-95.5073,28.8258],[-95.4956,28.7648],[-95.5338,28.7503],[-95.7778,28.6253],[-96.0783,28.5],[-96.1822,28.452],[-96.2582,28.4079],[-96.2671,28.3882],[-96.2823,28.375],[-96.3035,28.365],[-96.3208,28.3629],[-96.3287,28.3521],[-96.3418,28.3424],[-96.3447,28.326],[-96.3527,28.3129],[-96.3753,28.2908],[-96.3952,28.2797],[-96.3805,28.3809],[-96.3227,28.6429],[-96.3235,28.6756],[-96.3092,28.9633],[-96.6401,29.2479]]]}},{"id":"1","type":"Feature","properties":{"district":"23","name":"Congressional District 23"},"geometry":{"type":"Polygon","coordinates":[[[-106.514,32.0008],[-104.8477,32.0004],[-104.7721,31.9975],[-104.7548,31.9978],[-104.7546,32.0005],[-104.7505,32.0005],[-103.0645,32.0004],[-103.0645,32.0871],[-102.8016,32.0872],[-102.7991,32.0858],[-102.7988,32.0593],[-102.7989,31.6518],[-101.2671,31.6509],[-101.2748,31.0794],[-100.688,31.0866],[-100.1152,31.088],[-100.1165,30.2903],[-99.7541,30.2907],[-99.7576,30.0741],[-99.918,30.0736],[-99.9175,30.0786],[-99.9676,30.0824],[-99.973,30.0246],[-99.9897,30.0257],[-100.0023,29.8968],[-100.009,29.8971],[-100.0235,29.883],[-100.0239,29.8744],[-100.0196,29.8696],[-100.0222,29.8541],[-100.024,29.8492],[-100.0309,29.8483],[-100.0348,29.8441],[-100.0255,29.8291],[-100.0273,29.8244],[-100.024,29.8164],[-100.0172,29.8124],[-100.0134,29.7959],[-100.0145,29.7932],[-100.0287,29.7894],[-100.0291,29.7833],[-100.0364,29.7771],[-100.0219,29.7455],[-100.0295,29.7371],[-100.0248,29.7281],[-100.0301,29.7211],[-100.0376,29.7212],[-100.0637,29.7111],[-100.0463,29.7065],[-100.0447,29.6938],[-100.0305,29.6886],[-100.0281,29.6832],[-100.0174,29.6776],[-100.0207,29.6702],[-100.0304,29.664],[-100.0084,29.6371],[-100.0073,29.632],[-100.0142,29.6235],[-99.4905,29.6277],[-98.9838,29.6234],[-98.9757,29.6098],[-98.9787,29.5988],[-98.9867,29.5869],[-98.9863,29.5825],[-98.9789,29.5776],[-98.9859,29.567],[-98.9793,29.5554],[-98.9734,29.5517],[-98.9625,29.5599],[-98.9436,29.558],[-98.9337,29.5632],[-98.9272,29.5622],[-98.7788,29.7202],[-98.7598,29.7223],[-98.7382,29.7166],[-98.7288,29.7225],[-98.7341,29.7295],[-98.723,29.7296],[-98.7172,29.7253],[-98.7078,29.7324],[-98.7,29.7326],[-98.7004,29.7374],[-98.6921,29.7353],[-98.6858,29.7393],[-98.6759,29.7374],[-98.6704,29.7434],[-98.6603,29.7416],[-98.6631,29.7475],[-98.6531,29.7488],[-98.6513,29.754],[-98.6455,29.7479],[-98.6435,29.7404],[-98.6261,29.7443],[-98.6178,29.7439],[-98.6143,29.7376],[-98.6034,29.7399],[-98.6,29.743],[-98.6047,29.7473],[-98.6011,29.75],[-98.5934,29.7457],[-98.5885,29.7476],[-98.5867,29.7425],[-98.5825,29.7412],[-98.5749,29.7502],[-98.569,29.7482],[-98.5662,29.7525],[-98.5593,29.7515],[-98.5511,29.7607],[-98.5474,29.7592],[-98.5468,29.7533],[-98.534,29.7524],[-98.534,29.7468],[-98.5265,29.7404],[-98.5218,29.7452],[-98.477,29.7334],[-98.466,29.7385],[-98.4594,29.7318],[-98.4478,29.7359],[-98.4434,29.7343],[-98.4439,29.7197],[-98.4504,29.7064],[-98.4539,29.682],[-98.4501,29.6575],[-98.4528,29.6549],[-98.4551,29.6575],[-98.4608,29.6518],[-98.4827,29.661],[-98.4921,29.6611],[-98.493,29.656],[-98.496,29.6559],[-98.4929,29.6456],[-98.501,29.6396],[-98.4992,29.6327],[-98.4957,29.6326],[-98.4927,29.6089],[-98.5083,29.6087],[-98.5082,29.601],[-98.5155,29.5864],[-98.5143,29.5792],[-98.5192,29.5813],[-98.5221,29.5893],[-98.528,29.5934],[-98.5582,29.5645],[-98.5413,29.5512],[-98.5488,29.5441],[-98.5749,29.5627],[-98.5885,29.5948],[-98.6014,29.6038],[-98.6086,29.6205],[-98.6287,29.6105],[-98.631,29.5877],[-98.6413,29.5844],[-98.6674,29.5536],[-98.657,29.543],[-98.6329,29.5437],[-98.6314,29.541],[-98.6367,29.5349],[-98.6277,29.5243],[-98.6295,29.5196],[-98.6694,29.519],[-98.6846,29.5297],[-98.6871,29.527],[-98.6851,29.5254],[-98.6875,29.5269],[-98.6917,29.5219],[-98.6934,29.5254],[-98.7128,29.5325],[-98.7166,29.5324],[-98.7182,29.5257],[-98.7472,29.5368],[-98.7588,29.5151],[-98.7638,29.5157],[-98.7693,29.5096],[-98.7766,29.5119],[-98.7818,29.502],[-98.7882,29.5006],[-98.7881,29.4822],[-98.7831,29.4865],[-98.7625,29.4833],[-98.7134,29.4854],[-98.7141,29.4828],[-98.7182,29.4844],[-98.7183,29.4773],[-98.7261,29.4754],[-98.7272,29.4682],[-98.7253,29.4656],[-98.715,29.468],[-98.7152,29.4656],[-98.7409,29.4597],[-98.7583,29.4613],[-98.748,29.4372],[-98.7478,29.4295],[-98.7375,29.4296],[-98.7353,29.411],[-98.7462,29.4108],[-98.7316,29.4014],[-98.735,29.3958],[-98.7316,29.3933],[-98.7341,29.3902],[-98.7299,29.3901],[-98.7286,29.386],[-98.7326,29.383],[-98.7316,29.379],[-98.7166,29.3782],[-98.6596,29.3939],[-98.6633,29.3975],[-98.6631,29.4179],[-98.6693,29.4178],[-98.669,29.4259],[-98.6631,29.4274],[-98.6589,29.4389],[-98.6636,29.4432],[-98.6341,29.4551],[-98.6299,29.453],[-98.6489,29.4292],[-98.6494,29.3974],[-98.6046,29.407],[-98.5878,29.4078],[-98.5842,29.407],[-98.584,29.401],[-98.5624,29.3988],[-98.5615,29.3844],[-98.5505,29.3871],[-98.575,29.3549],[-98.5764,29.3592],[-98.5839,29.3619],[-98.5858,29.3657],[-98.5953,29.3664],[-98.6135,29.377],[-98.6209,29.3664],[-98.6368,29.3711],[-98.6327,29.3608],[-98.6465,29.3606],[-98.6464,29.3226],[-98.6259,29.3377],[-98.6164,29.3189],[-98.6053,29.3161],[-98.5895,29.3157],[-98.567,29.3201],[-98.5013,29.3196],[-98.5028,29.2904],[-98.5,29.2798],[-98.4907,29.264],[-98.4861,29.2656],[-98.4877,29.2591],[-98.4824,29.2594],[-98.4785,29.255],[-98.4757,29.2575],[-98.4724,29.2505],[-98.4783,29.2162],[-98.484,29.1407],[-98.8048,29.2507],[-98.8001,28.2009],[-98.8033,28.0575],[-99.0003,28.0505],[-99.3889,28.0304],[-99.3942,28.2046],[-100.2122,28.1968],[-100.2203,28.2322],[-100.2276,28.2359],[-100.2462,28.2341],[-100.2516,28.2362],[-100.2676,28.2503],[-100.2832,28.2706],[-100.2914,28.2754],[-100.2944,28.2835],[-100.286,28.3091],[-100.2886,28.317],[-100.3091,28.3387],[-100.3181,28.3587],[-100.3419,28.385],[-100.3482,28.3982],[-100.3495,28.4037],[-100.3427,28.4125],[-100.3362,28.4302],[-100.3378,28.443],[-100.3678,28.475],[-100.3682,28.4789],[-100.3442,28.4862],[-100.3371,28.4917],[-100.3338,28.4993],[-100.3883,28.5149],[-100.395,28.5284],[-100.4051,28.5358],[-100.4113,28.5507],[-100.3973,28.5756],[-100.3985,28.5852],[-100.4299,28.5964],[-100.4336,28.6061],[-100.4473,28.6093],[-100.4471,28.6422],[-100.4629,28.6414],[-100.4745,28.6471],[-100.4796,28.6552],[-100.5004,28.662],[-100.512,28.7054],[-100.5067,28.7167],[-100.5076,28.7406],[-100.5152,28.7429],[-100.5144,28.7503],[-100.5192,28.7562],[-100.5334,28.7592],[-100.53,28.7704],[-100.5378,28.7808],[-100.5324,28.7911],[-100.5354,28.8052],[-100.5452,28.8121],[-100.5473,28.8258],[-100.5614,28.8292],[-100.5705,28.826],[-100.5747,28.8288],[-100.5768,28.8362],[-100.5729,28.8482],[-100.591,28.8631],[-100.5908,28.8727],[-100.5989,28.8756],[-100.5979,28.8801],[-100.5895,28.8864],[-100.5925,28.8894],[-100.603,28.8872],[-100.6011,28.9013],[-100.6142,28.9017],[-100.6182,28.9085],[-100.6224,28.9098],[-100.6254,28.9049],[-100.6316,28.9028],[-100.6406,28.9142],[-100.6311,28.9169],[-100.6297,28.9211],[-100.6389,28.9276],[-100.6437,28.9375],[-100.6515,28.9434],[-100.647,28.9571],[-100.6503,28.9623],[-100.6466,28.9669],[-100.6487,28.9774],[-100.646,28.988],[-100.6602,29.0315],[-100.664,29.0742],[-100.6752,29.1007],[-100.6918,29.1149],[-100.71,29.1197],[-100.7275,29.1291],[-100.7378,29.1391],[-100.7397,29.1505],[-100.7597,29.1572],[-100.7637,29.1648],[-100.7726,29.1684],[-100.7759,29.1733],[-100.766,29.1858],[-100.7671,29.1953],[-100.7763,29.2009],[-100.7746,29.2106],[-100.7855,29.2281],[-100.7957,29.2277],[-100.7946,29.2416],[-100.7976,29.2468],[-100.8163,29.2539],[-100.814,29.2631],[-100.834,29.2614],[-100.8558,29.2755],[-100.876,29.2796],[-100.8868,29.3078],[-100.9047,29.3121],[-100.9095,29.3176],[-100.9166,29.3192],[-100.9195,29.3253],[-100.9406,29.3331],[-100.9432,29.342],[-100.949,29.3472],[-100.9643,29.3473],[-100.9729,29.3545],[-101.01,29.3683],[-101.0193,29.3909],[-101.0366,29.4061],[-101.0434,29.4299],[-101.057,29.4408],[-101.0602,29.4587],[-101.0871,29.4694],[-101.1153,29.4685],[-101.13,29.4784],[-101.1375,29.4735],[-101.1468,29.4742],[-101.1519,29.477],[-101.1717,29.504],[-101.1738,29.5146],[-101.1927,29.5203],[-101.2353,29.5249],[-101.2549,29.5203],[-101.2608,29.5299],[-101.2612,29.5368],[-101.2504,29.5566],[-101.241,29.565],[-101.2523,29.6042],[-101.2473,29.6185],[-101.2504,29.6242],[-101.2622,29.6306],[-101.2691,29.6301],[-101.2805,29.6152],[-101.2774,29.6066],[-101.2779,29.5908],[-101.291,29.5715],[-101.3055,29.5779],[-101.312,29.5861],[-101.3134,29.6023],[-101.3117,29.6154],[-101.3,29.6407],[-101.3025,29.6504],[-101.3141,29.6591],[-101.346,29.6622],[-101.3503,29.6607],[-101.3571,29.6493],[-101.3613,29.6501],[-101.3671,29.6709],[-101.3727,29.6781],[-101.3728,29.6994],[-101.3969,29.7139],[-101.397,29.734],[-101.4156,29.7465],[-101.4146,29.7524],[-101.4002,29.7601],[-101.3984,29.7646],[-101.4009,29.7701],[-101.409,29.771],[-101.4381,29.7509],[-101.4489,29.7507],[-101.4552,29.7719],[-101.4528,29.7838],[-101.4609,29.7897],[-101.4789,29.7841],[-101.4871,29.7739],[-101.5032,29.7646],[-101.5176,29.765],[-101.536,29.7589],[-101.5394,29.7664],[-101.535,29.7977],[-101.5439,29.8118],[-101.5525,29.8042],[-101.5677,29.7987],[-101.5741,29.7882],[-101.5722,29.7733],[-101.5758,29.7693],[-101.6037,29.7744],[-101.6179,29.7699],[-101.6269,29.7708],[-101.6355,29.7584],[-101.6446,29.7542],[-101.6508,29.7571],[-101.6545,29.7651],[-101.6617,29.7709],[-101.6706,29.7689],[-101.6778,29.7603],[-101.6814,29.7608],[-101.6896,29.771],[-101.7089,29.7616],[-101.7197,29.7757],[-101.7334,29.7712],[-101.7387,29.773],[-101.7413,29.7783],[-101.7539,29.7773],[-101.7738,29.7887],[-101.7849,29.7886],[-101.7885,29.7793],[-101.8051,29.7803],[-101.8108,29.7836],[-101.814,29.7923],[-101.8036,29.8034],[-101.8178,29.8116],[-101.8256,29.8071],[-101.8187,29.7915],[-101.8237,29.7874],[-101.8376,29.7934],[-101.8527,29.8078],[-101.8758,29.7938],[-101.9116,29.798],[-101.9223,29.786],[-101.9293,29.7826],[-101.9335,29.7852],[-101.9356,29.7996],[-101.9459,29.8018],[-101.9575,29.7958],[-101.9634,29.8001],[-101.9667,29.8127],[-101.9763,29.816],[-101.9816,29.815],[-101.9818,29.8062],[-101.9873,29.7968],[-101.997,29.8061],[-102.0152,29.7975],[-102.0219,29.8025],[-102.0358,29.8041],[-102.0412,29.7991],[-102.0386,29.7916],[-102.0463,29.7899],[-102.0497,29.7853],[-102.0726,29.7865],[-102.0844,29.7951],[-102.0947,29.7912],[-102.1014,29.7936],[-102.1157,29.7923],[-102.1198,29.8025],[-102.1289,29.7985],[-102.1436,29.8033],[-102.1509,29.8116],[-102.1598,29.8147],[-102.1664,29.8254],[-102.18,29.8264],[-102.1785,29.8395],[-102.187,29.8487],[-102.1917,29.8466],[-102.1961,29.8366],[-102.2099,29.8444],[-102.2235,29.8405],[-102.2318,29.8483],[-102.2449,29.8489],[-102.2432,29.8584],[-102.2465,29.8641],[-102.2498,29.8633],[-102.2532,29.8531],[-102.2615,29.8532],[-102.2643,29.8556],[-102.2619,29.8636],[-102.2648,29.8675],[-102.2809,29.8628],[-102.2869,29.8712],[-102.3006,29.8776],[-102.3123,29.8771],[-102.3159,29.88],[-102.3212,29.8787],[-102.3243,29.8737],[-102.3235,29.8639],[-102.3319,29.8628],[-102.3333,29.8681],[-102.3409,29.8694],[-102.3497,29.8626],[-102.3523,29.8528],[-102.3646,29.8453],[-102.3629,29.8315],[-102.3775,29.8],[-102.3772,29.7899],[-102.39,29.7819],[-102.385,29.7717],[-102.3872,29.7614],[-102.3948,29.7692],[-102.409,29.7645],[-102.4337,29.7769],[-102.4393,29.7733],[-102.4474,29.7775],[-102.4577,29.7746],[-102.4655,29.7834],[-102.472,29.7764],[-102.4807,29.7761],[-102.4818,29.7828],[-102.4873,29.7866],[-102.498,29.7814],[-102.5176,29.7836],[-102.5184,29.7787],[-102.5107,29.7739],[-102.5135,29.7654],[-102.548,29.7446],[-102.5547,29.7487],[-102.5552,29.7559],[-102.5677,29.7715],[-102.5741,29.7674],[-102.5738,29.7549],[-102.5803,29.755],[-102.5892,29.7491],[-102.5976,29.7514],[-102.6124,29.7483],[-102.6228,29.7363],[-102.6304,29.7342],[-102.6602,29.7356],[-102.6671,29.7391],[-102.6684,29.7459],[-102.674,29.7446],[-102.6818,29.7281],[-102.6914,29.7214],[-102.689,29.705],[-102.697,29.6988],[-102.6997,29.6863],[-102.6936,29.6767],[-102.6967,29.672],[-102.7041,29.6713],[-102.7152,29.6564],[-102.7257,29.6514],[-102.7259,29.6432],[-102.7298,29.6407],[-102.7366,29.6418],[-102.7419,29.6332],[-102.7386,29.6182],[-102.7405,29.5975],[-102.7463,29.5926],[-102.7603,29.5986],[-102.7683,29.5952],[-102.7623,29.5798],[-102.7662,29.5722],[-102.7739,29.5731],[-102.7734,29.5669],[-102.7778,29.561],[-102.7773,29.5547],[-102.7712,29.5484],[-102.7803,29.5425],[-102.7915,29.5428],[-102.792,29.533],[-102.7984,29.5267],[-102.8083,29.5229],[-102.8075,29.5039],[-102.8043,29.5012],[-102.8073,29.4943],[-102.8007,29.4862],[-102.8143,29.4824],[-102.814,29.4714],[-102.8256,29.4579],[-102.824,29.4521],[-102.8195,29.4507],[-102.831,29.4443],[-102.8325,29.4324],[-102.8269,29.4177],[-102.8334,29.4105],[-102.8265,29.4076],[-102.8259,29.4025],[-102.819,29.4036],[-102.8124,29.4005],[-102.8159,29.397],[-102.8256,29.3969],[-102.8331,29.3881],[-102.834,29.3791],[-102.845,29.3744],[-102.8453,29.3647],[-102.8394,29.3589],[-102.8621,29.3513],[-102.8775,29.3549],[-102.8844,29.3479],[-102.8799,29.3391],[-102.8873,29.3116],[-102.893,29.3089],[-102.8882,29.2934],[-102.8905,29.288],[-102.903,29.2792],[-102.8993,29.2691],[-102.9064,29.2601],[-102.9031,29.2543],[-102.8966,29.2541],[-102.8878,29.2458],[-102.8803,29.2461],[-102.8717,29.2418],[-102.8717,29.2317],[-102.8668,29.2277],[-102.8675,29.2239],[-102.8788,29.2136],[-102.8951,29.2085],[-102.8995,29.2095],[-102.9087,29.2197],[-102.9123,29.2194],[-102.9161,29.2157],[-102.9127,29.2067],[-102.9142,29.2001],[-102.9189,29.199],[-102.9178,29.1909],[-102.9325,29.1947],[-102.9383,29.1882],[-102.9434,29.1914],[-102.9509,29.1736],[-102.9755,29.1863],[-102.99,29.1835],[-102.9956,29.1793],[-102.9981,29.1738],[-102.9963,29.1602],[-103.0025,29.15],[-103.0081,29.1484],[-103.0088,29.1376],[-103.0157,29.134],[-103.0121,29.1262],[-103.0205,29.1256],[-103.0276,29.116],[-103.037,29.1129],[-103.0321,29.1068],[-103.0339,29.101],[-103.0454,29.0954],[-103.0542,29.1008],[-103.0642,29.0915],[-103.07,29.0937],[-103.0758,29.0915],[-103.0802,29.0874],[-103.077,29.076],[-103.0874,29.0671],[-103.0859,29.0537],[-103.0905,29.0541],[-103.0924,29.0647],[-103.1006,29.0603],[-103.1004,29.0514],[-103.1065,29.0382],[-103.0978,29.027],[-103.1015,29.0181],[-103.1085,29.0133],[-103.1172,29.0005],[-103.1142,28.9866],[-103.1263,28.9821],[-103.136,28.9834],[-103.1539,28.9716],[-103.1641,28.9723],[-103.1703,28.9804],[-103.1763,28.9778],[-103.1808,28.9824],[-103.2024,28.9872],[-103.2148,28.9877],[-103.2198,28.9833],[-103.2279,28.9919],[-103.2376,28.9819],[-103.2504,28.9804],[-103.2534,28.987],[-103.2666,28.9961],[-103.2793,28.977],[-103.287,28.9782],[-103.2883,28.9814],[-103.283,28.983],[-103.2816,28.9877],[-103.2869,29.0013],[-103.3017,29.0084],[-103.3087,29.0034],[-103.3162,29.0107],[-103.3086,29.0179],[-103.3077,29.0245],[-103.3143,29.0261],[-103.3264,29.0163],[-103.3388,29.0203],[-103.342,29.0284],[-103.3361,29.0274],[-103.3272,29.0327],[-103.3306,29.0432],[-103.3443,29.046],[-103.3535,29.0229],[-103.3596,29.0186],[-103.3746,29.0237],[-103.383,29.0245],[-103.3865,29.0216],[-103.3886,29.034],[-103.401,29.0311],[-103.4051,29.0396],[-103.4154,29.0379],[-103.419,29.0423],[-103.4321,29.0434],[-103.4289,29.0495],[-103.4337,29.0522],[-103.4342,29.0573],[-103.4411,29.0579],[-103.4497,29.0651],[-103.4499,29.0727],[-103.4617,29.0726],[-103.4597,29.067],[-103.4714,29.0667],[-103.4739,29.0703],[-103.4699,29.0853],[-103.4762,29.0878],[-103.4765,29.0917],[-103.4834,29.0935],[-103.4936,29.108],[-103.4988,29.1085],[-103.5004,29.1162],[-103.5059,29.116],[-103.5129,29.1213],[-103.5239,29.1212],[-103.5248,29.1371],[-103.5398,29.1462],[-103.5502,29.1436],[-103.553,29.1487],[-103.5504,29.1555],[-103.5537,29.158],[-103.5737,29.1538],[-103.58,29.1495],[-103.5922,29.1501],[-103.6122,29.1654],[-103.6284,29.1631],[-103.6337,29.1586],[-103.6407,29.1611],[-103.6506,29.1565],[-103.6513,29.162],[-103.6596,29.1706],[-103.6886,29.1786],[-103.6982,29.1775],[-103.7052,29.185],[-103.713,29.1852],[-103.7186,29.1808],[-103.7249,29.192],[-103.7425,29.209],[-103.7422,29.2217],[-103.7574,29.2207],[-103.7543,29.2269],[-103.7585,29.2329],[-103.7684,29.2276],[-103.7697,29.2202],[-103.7771,29.2205],[-103.782,29.2273],[-103.7817,29.2413],[-103.7763,29.2435],[-103.7751,29.248],[-103.7836,29.2653],[-103.7886,29.2654],[-103.7994,29.2584],[-103.8064,29.2611],[-103.8092,29.2659],[-103.8076,29.2702],[-103.8135,29.274],[-103.8262,29.2692],[-103.8355,29.2727],[-103.8376,29.2783],[-103.8543,29.2815],[-103.8632,29.2792],[-103.8801,29.2851],[-103.8845,29.2847],[-103.8894,29.2788],[-103.8993,29.2874],[-103.9189,29.2848],[-103.9183,29.2898],[-103.9257,29.2944],[-103.937,29.2927],[-103.9676,29.3],[-103.9758,29.2962],[-104.0375,29.3197],[-104.0552,29.3304],[-104.0561,29.3377],[-104.0735,29.3466],[-104.0823,29.3461],[-104.0909,29.3535],[-104.09,29.3592],[-104.0978,29.3616],[-104.0982,29.3665],[-104.1066,29.3733],[-104.1213,29.3714],[-104.1229,29.3803],[-104.1294,29.3786],[-104.1349,29.3842],[-104.1412,29.3778],[-104.1433,29.3883],[-104.1484,29.3851],[-104.1552,29.3946],[-104.1604,29.3898],[-104.1674,29.3947],[-104.1648,29.4015],[-104.1704,29.4026],[-104.1697,29.4082],[-104.1794,29.4104],[-104.1839,29.4172],[-104.1811,29.4265],[-104.1929,29.4353],[-104.1941,29.4417],[-104.2101,29.4488],[-104.2177,29.4566],[-104.2124,29.4649],[-104.21,29.4822],[-104.2155,29.4848],[-104.2307,29.4787],[-104.2371,29.4976],[-104.2543,29.5067],[-104.2607,29.5067],[-104.2622,29.5135],[-104.2919,29.5195],[-104.2968,29.5241],[-104.3115,29.5232],[-104.3109,29.5288],[-104.3155,29.5328],[-104.3209,29.5295],[-104.3215,29.5219],[-104.3299,29.5229],[-104.3362,29.5193],[-104.3704,29.5431],[-104.3805,29.5426],[-104.3943,29.5552],[-104.3982,29.5713],[-104.452,29.6035],[-104.4564,29.6087],[-104.4665,29.6092],[-104.4655,29.6184],[-104.4734,29.6179],[-104.4769,29.6285],[-104.4861,29.6287],[-104.4872,29.6337],[-104.4949,29.6338],[-104.498,29.6397],[-104.5069,29.637],[-104.5056,29.634],[-104.5082,29.6325],[-104.5159,29.641],[-104.5099,29.6442],[-104.5176,29.6474],[-104.5166,29.6524],[-104.5247,29.6592],[-104.5254,29.6678],[-104.5309,29.6708],[-104.5334,29.6665],[-104.5363,29.6673],[-104.5357,29.674],[-104.5441,29.6815],[-104.5302,29.6905],[-104.5438,29.6963],[-104.5463,29.709],[-104.5439,29.7112],[-104.5475,29.7143],[-104.5449,29.7161],[-104.5523,29.7173],[-104.5492,29.7202],[-104.5524,29.7237],[-104.5493,29.7306],[-104.5604,29.7352],[-104.5589,29.7381],[-104.5503,29.738],[-104.5498,29.7409],[-104.5699,29.7526],[-104.5696,29.7571],[-104.5639,29.7613],[-104.5685,29.7662],[-104.5659,29.7715],[-104.5705,29.7783],[-104.5789,29.7828],[-104.5815,29.7951],[-104.5909,29.7981],[-104.586,29.802],[-104.5913,29.8098],[-104.5949,29.8053],[-104.6012,29.8162],[-104.6101,29.8194],[-104.6085,29.8279],[-104.6196,29.8302],[-104.6203,29.8331],[-104.6139,29.8339],[-104.6094,29.8398],[-104.6154,29.8466],[-104.6195,29.8417],[-104.6248,29.8428],[-104.6216,29.8496],[-104.6293,29.8522],[-104.6334,29.8708],[-104.6461,29.8785],[-104.6465,29.8835],[-104.6526,29.8889],[-104.6517,29.8924],[-104.6559,29.8892],[-104.6583,29.8908],[-104.659,29.9012],[-104.6551,29.9054],[-104.6623,29.9054],[-104.6618,29.9022],[-104.6656,29.9017],[-104.6656,29.9089],[-104.6772,29.913],[-104.6785,29.9266],[-104.6833,29.9291],[-104.6793,29.9329],[-104.6826,29.9354],[-104.6823,29.9397],[-104.6789,29.9381],[-104.6778,29.9404],[-104.6807,29.9473],[-104.6782,29.9517],[-104.6743,29.9508],[-104.6732,29.955],[-104.6853,29.9567],[-104.6819,29.9691],[-104.6855,29.9708],[-104.6802,29.977],[-104.6876,29.9739],[-104.6931,29.9755],[-104.6857,29.9871],[-104.6857,29.9905],[-104.6932,29.9935],[-104.6875,29.9957],[-104.6888,30.0022],[-104.6941,30.0025],[-104.6895,30.0151],[-104.7038,30.0234],[-104.7009,30.0356],[-104.6957,30.0377],[-104.7073,30.0499],[-104.7022,30.0602],[-104.7037,30.0642],[-104.691,30.0705],[-104.6932,30.074],[-104.688,30.0738],[-104.6866,30.0766],[-104.6908,30.078],[-104.685,30.0853],[-104.6873,30.0875],[-104.6892,30.0854],[-104.6899,30.0893],[-104.6855,30.0932],[-104.6851,30.0998],[-104.689,30.0953],[-104.6944,30.102],[-104.6917,30.1087],[-104.6871,30.1059],[-104.6855,30.11],[-104.6916,30.1112],[-104.6899,30.117],[-104.6951,30.1178],[-104.6967,30.1345],[-104.6919,30.1389],[-104.6891,30.1377],[-104.6896,30.1409],[-104.6853,30.1447],[-104.6893,30.1456],[-104.6901,30.1492],[-104.6869,30.1521],[-104.6896,30.1543],[-104.6863,30.1733],[-104.6871,30.1793],[-104.6971,30.1916],[-104.7003,30.2053],[-104.7051,30.2084],[-104.7025,30.2128],[-104.7113,30.2231],[-104.7063,30.2348],[-104.7132,30.2376],[-104.7337,30.2614],[-104.7375,30.2613],[-104.7366,30.2559],[-104.7507,30.2622],[-104.7516,30.2644],[-104.7496,30.267],[-104.7479,30.2732],[-104.7486,30.2744],[-104.7508,30.2715],[-104.7511,30.2739],[-104.7547,30.2717],[-104.7572,30.2743],[-104.7585,30.2714],[-104.7632,30.2748],[-104.7581,30.2864],[-104.7613,30.3006],[-104.7667,30.306],[-104.7793,30.3033],[-104.7768,30.3103],[-104.7885,30.3179],[-104.7914,30.3255],[-104.7974,30.3304],[-104.8116,30.3328],[-104.81,30.3415],[-104.8226,30.3506],[-104.8141,30.3537],[-104.811,30.3625],[-104.8114,30.3667],[-104.8197,30.3687],[-104.8164,30.3752],[-104.8374,30.3738],[-104.8593,30.3903],[-104.8543,30.4004],[-104.8572,30.4089],[-104.8477,30.4138],[-104.8478,30.4198],[-104.8494,30.4215],[-104.8522,30.4187],[-104.8613,30.4261],[-104.8583,30.4376],[-104.868,30.4414],[-104.8644,30.4505],[-104.8696,30.4592],[-104.8659,30.4669],[-104.8717,30.4803],[-104.8672,30.4851],[-104.8666,30.4945],[-104.8739,30.4953],[-104.872,30.5111],[-104.8737,30.5137],[-104.877,30.5112],[-104.8793,30.5178],[-104.8857,30.5183],[-104.881,30.521],[-104.8859,30.5245],[-104.8814,30.524],[-104.8806,30.5289],[-104.8893,30.5354],[-104.8908,30.541],[-104.8877,30.5467],[-104.8903,30.546],[-104.8929,30.5529],[-104.8979,30.5545],[-104.8958,30.5623],[-104.8988,30.5705],[-104.9069,30.5772],[-104.9096,30.5851],[-104.9199,30.5873],[-104.9185,30.597],[-104.9227,30.6037],[-104.9265,30.6052],[-104.931,30.5991],[-104.9384,30.6036],[-104.9508,30.6041],[-104.955,30.6094],[-104.9717,30.61],[-104.9802,30.622],[-104.9795,30.6286],[-104.9839,30.635],[-104.9861,30.6628],[-105.0015,30.6727],[-105.002,30.6809],[-105.0066,30.6861],[-105.0132,30.6826],[-105.0179,30.6851],[-105.0273,30.6789],[-105.0408,30.6889],[-105.0472,30.6881],[-105.0457,30.6799],[-105.0553,30.6822],[-105.0567,30.6879],[-105.0618,30.6858],[-105.0626,30.6985],[-105.0669,30.6993],[-105.0682,30.7037],[-105.0809,30.6998],[-105.0802,30.7077],[-105.0875,30.7099],[-105.0876,30.7155],[-105.0982,30.7165],[-105.0996,30.722],[-105.1055,30.7238],[-105.1034,30.7291],[-105.1118,30.7333],[-105.1109,30.7436],[-105.1139,30.746],[-105.1204,30.7439],[-105.1183,30.7497],[-105.1277,30.7478],[-105.1438,30.7552],[-105.152,30.7515],[-105.1568,30.754],[-105.1614,30.7521],[-105.1562,30.7698],[-105.1628,30.7707],[-105.1671,30.7766],[-105.174,30.7675],[-105.1766,30.768],[-105.1849,30.777],[-105.186,30.7845],[-105.1907,30.7857],[-105.1952,30.7923],[-105.2091,30.7827],[-105.2167,30.7834],[-105.22,30.7889],[-105.2096,30.7976],[-105.215,30.8059],[-105.2274,30.7992],[-105.23,30.8038],[-105.2382,30.8037],[-105.2572,30.7944],[-105.2641,30.8003],[-105.2668,30.8085],[-105.2758,30.807],[-105.2794,30.8157],[-105.288,30.8179],[-105.2918,30.8262],[-105.3001,30.8248],[-105.3061,30.8098],[-105.3095,30.817],[-105.3165,30.8108],[-105.3193,30.8122],[-105.3161,30.8186],[-105.3189,30.8287],[-105.3293,30.8249],[-105.328,30.8313],[-105.3371,30.8334],[-105.3392,30.8404],[-105.3458,30.8406],[-105.3519,30.8356],[-105.3544,30.8378],[-105.3532,30.842],[-105.3616,30.8505],[-105.3719,30.8476],[-105.3875,30.8537],[-105.3959,30.8493],[-105.4017,30.8546],[-105.3949,30.8598],[-105.395,30.8712],[-105.3913,30.8738],[-105.4043,30.8796],[-105.3991,30.8843],[-105.4003,30.8895],[-105.4038,30.8921],[-105.4122,30.8886],[-105.4105,30.892],[-105.4137,30.8995],[-105.4257,30.9004],[-105.43,30.9056],[-105.4414,30.9086],[-105.4464,30.9193],[-105.4532,30.9161],[-105.4516,30.9248],[-105.4668,30.9242],[-105.4709,30.9338],[-105.476,30.9339],[-105.4819,30.9409],[-105.4917,30.9424],[-105.4881,30.9437],[-105.4988,30.9503],[-105.4939,30.9563],[-105.502,30.9678],[-105.5158,30.9649],[-105.5219,30.9765],[-105.5326,30.9847],[-105.5433,30.9847],[-105.5579,30.9904],[-105.5701,31.0081],[-105.5692,31.0161],[-105.5775,31.0197],[-105.5812,31.0267],[-105.5795,31.0358],[-105.5851,31.0573],[-105.5957,31.0649],[-105.6044,31.0837],[-105.6271,31.0984],[-105.6418,31.0983],[-105.6487,31.1159],[-105.7106,31.137],[-105.7169,31.1413],[-105.7194,31.149],[-105.7423,31.1648],[-105.773,31.1668],[-105.7831,31.198],[-105.7944,31.2024],[-105.8366,31.2481],[-105.8694,31.289],[-105.8761,31.2917],[-105.8939,31.2906],[-105.9074,31.3123],[-105.9314,31.3128],[-105.9381,31.3182],[-105.9479,31.3398],[-105.9456,31.3525],[-105.9539,31.3649],[-105.9705,31.3662],[-106.0052,31.3926],[-106.0806,31.3987],[-106.1078,31.4224],[-106.1325,31.425],[-106.1574,31.4377],[-106.1751,31.4553],[-106.2072,31.4667],[-106.2194,31.481],[-106.2252,31.5015],[-106.2372,31.5137],[-106.2465,31.5416],[-106.2809,31.5623],[-106.2891,31.5878],[-106.3024,31.6099],[-106.3034,31.6222],[-106.338,31.6712],[-106.3359,31.675],[-106.3314,31.674],[-106.3128,31.6803],[-106.2643,31.624],[-106.259,31.6268],[-106.2469,31.6131],[-106.2225,31.6196],[-106.2175,31.6123],[-106.2149,31.6141],[-106.2128,31.6057],[-106.204,31.6107],[-106.1991,31.604],[-106.2038,31.6013],[-106.2025,31.5993],[-106.207,31.5988],[-106.2024,31.5943],[-106.1936,31.6002],[-106.1894,31.5949],[-106.1627,31.5966],[-106.1634,31.6092],[-106.1807,31.6055],[-106.1807,31.6081],[-106.1981,31.6093],[-106.198,31.6395],[-106.1807,31.6394],[-106.1806,31.6517],[-106.1778,31.6529],[-106.1894,31.6685],[-106.1797,31.6685],[-106.1798,31.6803],[-106.1653,31.6805],[-106.1643,31.6776],[-106.145,31.6777],[-106.145,31.6799],[-106.1457,31.6827],[-106.1644,31.6827],[-106.1645,31.6974],[-106.1815,31.6973],[-106.1817,31.7118],[-106.1988,31.7118],[-106.2001,31.8156],[-106.2323,31.8113],[-106.2342,31.8268],[-106.2731,31.8267],[-106.2729,31.8194],[-106.3196,31.8346],[-106.3398,31.8664],[-106.3543,31.8598],[-106.3534,31.8564],[-106.3646,31.8478],[-106.3682,31.8315],[-106.3957,31.8324],[-106.4029,31.8269],[-106.4214,31.8276],[-106.4184,31.8291],[-106.4173,31.8514],[-106.3706,31.9272],[-106.4007,31.9285],[-106.4003,31.933],[-106.405,31.933],[-106.4047,31.9367],[-106.4078,31.9373],[-106.4079,31.943],[-106.4203,31.9365],[-106.4417,31.9361],[-106.4415,31.9277],[-106.4757,31.9274],[-106.4752,31.9129],[-106.4959,31.9124],[-106.4996,31.9251],[-106.4975,31.9589],[-106.5004,31.9692],[-106.5071,31.9765],[-106.507,31.9838],[-106.5132,31.9933],[-106.514,32.0008]]]}},{"id":"2","type":"Feature","properties":{"district":"01","name":"Congressional District 1"},"geometry":{"type":"Polygon","coordinates":[[[-95.5945,32.687],[-95.5922,32.6825],[-95.5843,32.6819],[-95.583,32.6742],[-95.5709,32.6759],[-95.5719,32.6731],[-95.5674,32.6736],[-95.5636,32.6681],[-95.5649,32.6648],[-95.5422,32.655],[-95.5421,32.6469],[-95.5305,32.6476],[-95.5243,32.6437],[-95.5176,32.6337],[-95.5117,32.6328],[-95.5139,32.6312],[-95.5107,32.6269],[-95.5158,32.6256],[-95.5148,32.6229],[-95.4758,32.6113],[-95.4747,32.6061],[-95.47,32.6095],[-95.4672,32.6087],[-95.4691,32.6056],[-95.461,32.6097],[-95.4591,32.6057],[-95.4428,32.6077],[-95.4459,32.6087],[-95.4467,32.6137],[-95.4379,32.6102],[-95.4353,32.6122],[-95.437,32.6089],[-95.432,32.6059],[-95.4284,32.6103],[-95.4251,32.6072],[-95.4189,32.6089],[-95.4189,32.6053],[-95.4041,32.6067],[-95.4055,32.6038],[-95.4018,32.6034],[-95.4022,32.6062],[-95.3994,32.6064],[-95.3896,32.5989],[-95.3837,32.6022],[-95.3819,32.5985],[-95.3752,32.5974],[-95.3747,32.603],[-95.3638,32.6033],[-95.358,32.6081],[-95.3473,32.6051],[-95.346,32.6093],[-95.3442,32.6038],[-95.3312,32.6057],[-95.319,32.5956],[-95.3104,32.5932],[-95.307,32.5967],[-95.3061,32.5923],[-95.2977,32.5916],[-95.2996,32.5894],[-95.2952,32.585],[-95.2899,32.5854],[-95.2905,32.581],[-95.2813,32.58],[-95.2781,32.5716],[-95.2503,32.5777],[-95.2382,32.5606],[-95.228,32.5603],[-95.2232,32.566],[-95.219,32.5631],[-95.2147,32.569],[-95.2085,32.5686],[-95.205,32.5724],[-95.2031,32.5681],[-95.2054,32.567],[-95.202,32.5644],[-95.2068,32.559],[-95.1891,32.5466],[-95.1898,32.5421],[-95.1812,32.5418],[-95.1822,32.5466],[-95.1754,32.5555],[-95.1663,32.5439],[-95.1596,32.5505],[-95.1624,32.5546],[-95.1583,32.5663],[-95.1534,32.5701],[-95.1527,32.6609],[-95.1336,32.6724],[-95.1328,32.6815],[-95.1271,32.681],[-95.1246,32.6756],[-95.1169,32.6756],[-95.0956,32.6858],[-95.0734,32.6903],[-95.0719,32.6956],[-95.0548,32.7024],[-95.05,32.7111],[-95.0459,32.7125],[-95.0457,32.7199],[-95.0256,32.7404],[-95.0316,32.744],[-95.0338,32.7647],[-95.0302,32.7694],[-95.0303,32.7808],[-95.022,32.7906],[-95.0278,32.7986],[-95.0325,32.7997],[-95.032,32.805],[-95.0371,32.8084],[-95.0382,32.8289],[-95.0326,32.8292],[-95.0325,32.8352],[-95.0223,32.8328],[-95.025,32.859],[-95.0349,32.859],[-95.0353,32.8621],[-95.0134,32.8675],[-95.0076,32.8587],[-94.9796,32.8569],[-94.9746,32.8609],[-94.9565,32.8564],[-94.9059,32.8634],[-94.9042,32.8571],[-94.9127,32.8078],[-94.9087,32.7944],[-94.9084,32.7744],[-94.9051,32.7759],[-94.888,32.7683],[-94.8902,32.7646],[-94.8876,32.7556],[-94.8847,32.7555],[-94.8809,32.7488],[-94.8691,32.7465],[-94.867,32.734],[-94.8587,32.728],[-94.8498,32.7269],[-94.8501,32.7203],[-94.8424,32.7198],[-94.8402,32.7159],[-94.8267,32.7134],[-94.822,32.7089],[-94.8232,32.703],[-94.8178,32.7036],[-94.8189,32.7011],[-94.814,32.6993],[-94.8222,32.694],[-94.8259,32.6853],[-94.8043,32.6818],[-94.7994,32.6617],[-94.7961,32.6585],[-94.7709,32.658],[-94.7664,32.651],[-94.7583,32.66],[-94.7519,32.6626],[-94.747,32.6603],[-94.7459,32.6676],[-94.7277,32.6552],[-94.7192,32.6544],[-94.7104,32.6581],[-94.7069,32.6557],[-94.7039,32.6581],[-94.7018,32.6522],[-94.7021,32.8205],[-94.6724,32.8348],[-94.675,32.8384],[-94.6817,32.8368],[-94.6832,32.8411],[-94.6887,32.8391],[-94.6871,32.8428],[-94.6977,32.8431],[-94.7002,32.8514],[-94.6983,32.8602],[-94.7063,32.8614],[-94.7074,32.8708],[-94.7097,32.8705],[-94.7052,32.8921],[-94.7117,32.8985],[-94.7217,32.9009],[-94.7231,32.9031],[-94.7199,32.9045],[-95.1521,32.9026],[-95.15,33.006],[-95.1522,33.0134],[-95.1546,33.0091],[-95.1512,33.0067],[-95.1521,33.0027],[-95.1563,33.0014],[-95.1576,32.9947],[-95.1623,32.9942],[-95.1622,32.9809],[-95.1741,32.969],[-95.1759,32.9648],[-95.1729,32.9618],[-95.309,32.9626],[-95.3066,33.378],[-95.3107,33.6632],[-95.3017,33.657],[-95.2929,33.6562],[-95.2872,33.6577],[-95.2872,33.6611],[-95.2746,33.6612],[-95.2745,33.6674],[-95.2648,33.6728],[-95.2617,33.6715],[-95.2619,33.6649],[-95.2577,33.665],[-95.256,33.669],[-95.2512,33.6672],[-95.2522,33.6621],[-95.2381,33.649],[-95.2245,33.6465],[-95.1997,33.6345],[-95.155,33.6275],[-95.1153,33.6129],[-95.0735,33.6135],[-95.0705,33.6202],[-95.065,33.6236],[-95.0461,33.6276],[-95.0472,33.6222],[-95.0336,33.6177],[-95.0269,33.6114],[-94.9853,33.6027],[-94.9384,33.5867],[-94.9154,33.5893],[-94.917,33.5872],[-94.8155,33.5689],[-94.7893,33.5582],[-94.7804,33.5641],[-94.7772,33.5528],[-94.7726,33.5532],[-94.7724,33.5598],[-94.7704,33.552],[-94.7313,33.5548],[-94.6528,33.5206],[-94.6348,33.5164],[-94.6097,33.5153],[-94.61,33.5071],[-94.6046,33.5087],[-94.6029,33.5044],[-94.6017,33.5075],[-94.5998,33.5039],[-94.5729,33.5029],[-94.4684,33.4725],[-94.4565,33.4709],[-94.4095,33.4822],[-94.4094,33.4791],[-94.3819,33.4791],[-94.382,33.4721],[-94.409,33.4745],[-94.3992,33.4734],[-94.3991,33.4673],[-94.4052,33.4657],[-94.399,33.4652],[-94.399,33.4603],[-94.4081,33.4598],[-94.4185,33.4225],[-94.4162,33.4037],[-94.3988,33.4077],[-94.3456,33.4078],[-94.3456,33.4031],[-94.3417,33.4004],[-94.2966,33.3981],[-94.2946,33.387],[-94.2972,33.3778],[-94.2633,33.3771],[-94.2583,33.3854],[-94.2585,33.3945],[-94.2375,33.3945],[-94.2294,33.4],[-94.2058,33.4039],[-94.2058,33.4144],[-94.2017,33.4146],[-94.2017,33.4193],[-94.1936,33.4194],[-94.1933,33.4234],[-94.1837,33.4237],[-94.1839,33.4373],[-94.1768,33.438],[-94.1769,33.4513],[-94.1854,33.4539],[-94.1851,33.4627],[-94.1709,33.4605],[-94.2026,33.4662],[-94.2003,33.4781],[-94.1961,33.4808],[-94.1939,33.4943],[-94.196,33.4934],[-94.196,33.4985],[-94.2159,33.4973],[-94.216,33.5553],[-94.2079,33.5669],[-94.2034,33.5661],[-94.198,33.5551],[-94.1919,33.557],[-94.1898,33.5618],[-94.1959,33.575],[-94.2021,33.5775],[-94.2117,33.5738],[-94.2169,33.5774],[-94.2154,33.5827],[-94.1984,33.5805],[-94.1838,33.5947],[-94.162,33.5888],[-94.1618,33.5803],[-94.157,33.5758],[-94.146,33.582],[-94.1419,33.581],[-94.1514,33.5685],[-94.1449,33.5652],[-94.1351,33.571],[-94.1315,33.5531],[-94.1271,33.5506],[-94.1225,33.5535],[-94.1207,33.567],[-94.1117,33.5672],[-94.0919,33.5751],[-94.0726,33.5722],[-94.0751,33.5827],[-94.0723,33.5842],[-94.0682,33.5707],[-94.0563,33.5675],[-94.0556,33.5616],[-94.0719,33.5598],[-94.0734,33.5549],[-94.0618,33.5495],[-94.0518,33.5527],[-94.0433,33.5516],[-94.0422,31.9936],[-94.0286,31.9962],[-94.0229,31.9904],[-94.0185,31.9924],[-94.0165,31.9812],[-94.0068,31.9734],[-93.9717,31.9204],[-93.9598,31.9232],[-93.9535,31.9106],[-93.9375,31.9092],[-93.9287,31.9126],[-93.9216,31.9044],[-93.9321,31.8937],[-93.9312,31.8915],[-93.9255,31.8946],[-93.9262,31.8887],[-93.921,31.8859],[-93.9197,31.891],[-93.9065,31.8925],[-93.9062,31.8899],[-93.9006,31.8968],[-93.8965,31.8863],[-93.9019,31.8801],[-93.9017,31.8746],[-93.8921,31.8759],[-93.8934,31.8717],[-93.8854,31.8653],[-93.8849,31.8694],[-93.8817,31.8686],[-93.8894,31.8559],[-93.8829,31.8547],[-93.8841,31.8476],[-93.879,31.8448],[-93.8819,31.8422],[-93.875,31.8409],[-93.8728,31.8363],[-93.8774,31.8325],[-93.8746,31.8299],[-93.8748,31.8217],[-93.8709,31.8194],[-93.8733,31.8149],[-93.8614,31.8123],[-93.8515,31.8001],[-93.8393,31.8003],[-93.8356,31.7945],[-93.8377,31.7808],[-93.8317,31.7809],[-93.8331,31.7775],[-93.8275,31.7777],[-93.8226,31.7736],[-93.8296,31.7642],[-93.8268,31.7638],[-93.8265,31.7592],[-93.8298,31.7606],[-93.8369,31.7502],[-93.8246,31.7344],[-93.8149,31.7287],[-93.8125,31.7152],[-93.8167,31.7079],[-93.8118,31.7075],[-93.8098,31.7031],[-93.7974,31.7056],[-93.7945,31.7021],[-93.8045,31.6841],[-93.8163,31.6754],[-93.8124,31.6702],[-93.8167,31.668],[-93.8174,31.6721],[-93.8221,31.674],[-93.8265,31.6669],[-93.8195,31.6527],[-93.8115,31.6474],[-93.818,31.6479],[-93.816,31.6323],[-93.8208,31.629],[-93.8172,31.6219],[-93.8272,31.6203],[-93.8187,31.6146],[-93.8271,31.6129],[-93.8279,31.6166],[-93.8381,31.6068],[-93.8383,31.5947],[-93.8304,31.5794],[-93.8184,31.5709],[-93.823,31.5681],[-93.8216,31.5637],[-93.8169,31.5631],[-93.8211,31.5605],[-93.8186,31.5548],[-93.7995,31.543],[-93.8034,31.5388],[-93.7992,31.5381],[-93.7981,31.534],[-93.785,31.526],[-93.7673,31.5241],[-93.7549,31.5248],[-93.7581,31.5299],[-93.7519,31.5275],[-93.7474,31.5307],[-93.7427,31.5266],[-93.7405,31.5181],[-93.7444,31.5179],[-93.7427,31.5157],[-93.711,31.5122],[-93.7196,31.5069],[-93.7175,31.5015],[-93.7234,31.5009],[-93.7226,31.4928],[-93.7313,31.4873],[-93.7353,31.4891],[-93.7372,31.4846],[-93.7524,31.4827],[-93.7514,31.4791],[-93.7455,31.4804],[-93.7495,31.4687],[-93.7219,31.4534],[-93.7168,31.4575],[-93.71,31.4528],[-93.7091,31.4567],[-93.7039,31.4555],[-93.7095,31.442],[-93.6925,31.4382],[-93.7047,31.4189],[-93.7049,31.4109],[-93.6903,31.4066],[-93.6821,31.3983],[-93.6741,31.3977],[-93.6702,31.3872],[-93.669,31.3714],[-93.6738,31.3706],[-93.671,31.3662],[-93.6393,31.3724],[-93.6459,31.359],[-93.6684,31.353],[-93.669,31.3388],[-93.6773,31.3305],[-93.6738,31.3239],[-93.6829,31.319],[-93.6877,31.3073],[-93.6836,31.3015],[-93.6689,31.298],[-93.6587,31.2816],[-93.6486,31.2842],[-93.6425,31.2695],[-93.6203,31.271],[-93.6199,31.2652],[-93.6139,31.2594],[-93.6143,31.2516],[-93.6218,31.2491],[-93.6163,31.2446],[-93.6181,31.2327],[-93.6107,31.2322],[-93.6082,31.2278],[-93.5963,31.2295],[-93.5994,31.2249],[-93.5953,31.2203],[-93.6035,31.2167],[-93.6073,31.2054],[-93.6019,31.1994],[-93.6003,31.1762],[-93.9112,31.1581],[-94.039,31.1343],[-94.0378,31.1294],[-94.0423,31.1194],[-94.0571,31.1143],[-94.0566,31.1117],[-94.0629,31.1149],[-94.0641,31.1123],[-94.1296,31.0993],[-94.1332,31.1075],[-94.1405,31.1048],[-94.1392,31.1071],[-94.1423,31.1069],[-94.1442,31.1152],[-94.1576,31.1146],[-94.1574,31.1188],[-94.1615,31.1224],[-94.1692,31.1223],[-94.1732,31.1263],[-94.1781,31.1237],[-94.1817,31.1298],[-94.1899,31.1344],[-94.1885,31.1375],[-94.1927,31.1355],[-94.1894,31.1394],[-94.1984,31.1416],[-94.2012,31.1442],[-94.1992,31.1456],[-94.2071,31.1505],[-94.2029,31.154],[-94.2196,31.1644],[-94.219,31.1733],[-94.2248,31.1761],[-94.2333,31.1751],[-94.2325,31.1774],[-94.2388,31.1803],[-94.2489,31.1772],[-94.2459,31.1801],[-94.2472,31.1845],[-94.2517,31.1841],[-94.2506,31.1883],[-94.2622,31.1803],[-94.2663,31.1878],[-94.2644,31.1908],[-94.2737,31.1989],[-94.2886,31.2016],[-94.2944,31.2126],[-94.3028,31.2114],[-94.3064,31.2133],[-94.3034,31.215],[-94.3124,31.2179],[-94.3126,31.2237],[-94.3208,31.2217],[-94.3214,31.2245],[-94.3265,31.2246],[-94.3248,31.2309],[-94.3351,31.2358],[-94.3353,31.2408],[-94.3398,31.2408],[-94.3366,31.2434],[-94.3382,31.2459],[-94.3342,31.2453],[-94.334,31.2484],[-94.3289,31.2507],[-94.3325,31.2511],[-94.3342,31.2579],[-94.3396,31.2633],[-94.3308,31.2747],[-94.3324,31.2777],[-94.3222,31.2855],[-94.327,31.2914],[-94.3201,31.2946],[-94.3255,31.2939],[-94.3149,31.3081],[-94.3184,31.308],[-94.3157,31.3105],[-94.3226,31.3218],[-94.3172,31.3239],[-94.3154,31.3283],[-94.3188,31.3326],[-94.3134,31.3375],[-94.3195,31.3419],[-94.3172,31.3424],[-94.3178,31.3448],[-94.3211,31.3449],[-94.3239,31.3496],[-94.322,31.3507],[-94.3259,31.3516],[-94.3262,31.3579],[-94.3312,31.363],[-94.328,31.3658],[-94.3295,31.3681],[-94.3262,31.3675],[-94.3255,31.3716],[-94.3279,31.3726],[-94.3246,31.3757],[-94.3239,31.381],[-94.3265,31.3802],[-94.3278,31.3841],[-94.323,31.3854],[-94.3269,31.4],[-94.3192,31.4057],[-94.3174,31.4021],[-94.3142,31.4029],[-94.3142,31.4117],[-94.3081,31.4145],[-94.31,31.4167],[-94.3049,31.4218],[-94.3079,31.4258],[-94.3099,31.4247],[-94.3096,31.4283],[-94.3164,31.4304],[-94.3133,31.4315],[-94.3165,31.4334],[-94.3148,31.4357],[-94.325,31.4394],[-94.3156,31.4475],[-94.318,31.45],[-94.3153,31.4523],[-94.318,31.4532],[-94.3169,31.4564],[-94.3135,31.4555],[-94.3151,31.4644],[-94.3118,31.4688],[-94.3166,31.4711],[-94.3141,31.4731],[-94.3191,31.4789],[-94.3172,31.4851],[-94.3139,31.4863],[-94.3161,31.4958],[-94.3076,31.4923],[-94.3116,31.4944],[-94.3054,31.4966],[-94.3047,31.5056],[-94.3021,31.5053],[-94.3043,31.5148],[-94.3106,31.5159],[-94.3068,31.5166],[-94.306,31.5187],[-94.3101,31.517],[-94.3066,31.5202],[-94.3094,31.5242],[-94.3066,31.5228],[-94.3075,31.5254],[-94.3,31.5269],[-94.3071,31.5308],[-94.3024,31.5339],[-94.3077,31.5382],[-94.3053,31.5388],[-94.3065,31.5475],[-94.3037,31.5466],[-94.3086,31.5517],[-94.3048,31.5638],[-94.3084,31.5694],[-94.3054,31.5711],[-94.309,31.5711],[-94.3106,31.5765],[-94.3136,31.5757],[-94.3106,31.5795],[-94.3134,31.5836],[-94.3109,31.5892],[-94.328,31.592],[-94.3274,31.5965],[-94.3311,31.6012],[-94.3343,31.6005],[-94.3337,31.6028],[-94.3365,31.601],[-94.34,31.6088],[-94.3422,31.6058],[-94.346,31.6083],[-94.3504,31.6065],[-94.352,31.6144],[-94.3565,31.6155],[-94.3545,31.6167],[-94.3582,31.6201],[-94.3567,31.6226],[-94.3674,31.6242],[-94.3648,31.6259],[-94.3679,31.6279],[-94.3645,31.6302],[-94.3662,31.6332],[-94.3697,31.6326],[-94.3746,31.639],[-94.3786,31.6357],[-94.3873,31.6402],[-94.3888,31.6374],[-94.3954,31.6388],[-94.3976,31.6438],[-94.3951,31.6475],[-94.3998,31.6494],[-94.3977,31.6557],[-94.4019,31.6558],[-94.4039,31.6595],[-94.3983,31.6612],[-94.407,31.6651],[-94.4038,31.6816],[-94.4099,31.6908],[-94.4069,31.6953],[-94.4126,31.698],[-94.411,31.7016],[-94.4169,31.7061],[-94.4151,31.7156],[-94.4128,31.7154],[-94.4157,31.7244],[-94.4128,31.7281],[-94.415,31.7295],[-94.4125,31.7464],[-94.4164,31.7484],[-94.414,31.7519],[-94.4183,31.7528],[-94.4164,31.7566],[-94.4223,31.761],[-94.4202,31.7649],[-94.4323,31.7748],[-94.4273,31.7773],[-94.4286,31.7896],[-94.424,31.799],[-94.4305,31.8059],[-94.4279,31.8094],[-94.4325,31.813],[-94.4339,31.8246],[-94.4519,31.8399],[-94.4518,31.8442],[-94.985,31.8462],[-94.9853,32.138],[-95.4599,32.1356],[-95.4692,32.1435],[-95.4779,32.1462],[-95.479,32.1587],[-95.4738,32.1689],[-95.4694,32.1704],[-95.471,32.1787],[-95.4631,32.1798],[-95.4616,32.1829],[-95.4651,32.1838],[-95.4683,32.1905],[-95.4644,32.191],[-95.4625,32.2015],[-95.4705,32.2041],[-95.4679,32.2065],[-95.4701,32.2121],[-95.4789,32.2122],[-95.4785,32.2176],[-95.4855,32.2242],[-95.4887,32.2325],[-95.4868,32.2367],[-95.4816,32.2365],[-95.4817,32.2414],[-95.4676,32.2466],[-95.4699,32.2621],[-95.4573,32.2731],[-95.4513,32.2877],[-95.4515,32.2947],[-95.447,32.2958],[-95.4538,32.3058],[-95.4555,32.3115],[-95.4506,32.3144],[-95.4577,32.3191],[-95.4557,32.325],[-95.4587,32.3284],[-95.4531,32.3346],[-95.4526,32.3456],[-95.4476,32.3473],[-95.4491,32.3595],[-95.4565,32.3682],[-95.4628,32.3649],[-95.471,32.3692],[-95.4819,32.3826],[-95.4937,32.3895],[-95.502,32.4017],[-95.5016,32.4092],[-95.5069,32.4149],[-95.517,32.4208],[-95.5248,32.4212],[-95.5249,32.4255],[-95.5397,32.4334],[-95.541,32.4394],[-95.5517,32.4487],[-95.5528,32.4536],[-95.5609,32.4545],[-95.5627,32.4595],[-95.5729,32.4614],[-95.5943,32.4799],[-95.5945,32.687]]]}},{"id":"3","type":"Feature","properties":{"district":"24","name":"Congressional District 24"},"geometry":{"type":"Polygon","coordinates":[[[-97.3171,32.9048],[-97.3169,32.9278],[-97.3107,32.948],[-97.3099,32.9676],[-97.3067,32.9802],[-97.2993,32.9913],[-96.9399,32.9888],[-96.9236,32.9749],[-96.8899,32.9756],[-96.8872,32.9721],[-96.8787,32.9785],[-96.8761,32.9851],[-96.8646,32.9852],[-96.8643,32.9703],[-96.8537,32.969],[-96.856,32.9579],[-96.8305,32.9579],[-96.8299,32.954],[-96.8081,32.9539],[-96.8106,32.9457],[-96.823,32.9502],[-96.8221,32.9395],[-96.8559,32.94],[-96.856,32.9242],[-96.8036,32.9254],[-96.8046,32.9624],[-96.7865,32.9622],[-96.7841,32.9714],[-96.7858,32.9793],[-96.7404,32.9783],[-96.7342,32.9757],[-96.7343,32.9663],[-96.7412,32.9682],[-96.7419,32.9632],[-96.7278,32.9609],[-96.7347,32.9508],[-96.7768,32.9498],[-96.7781,32.9431],[-96.773,32.9431],[-96.7735,32.937],[-96.769,32.9386],[-96.7693,32.924],[-96.7808,32.9241],[-96.7737,32.9097],[-96.7865,32.9099],[-96.7883,32.8996],[-96.7748,32.9011],[-96.7817,32.8908],[-96.7786,32.8927],[-96.777,32.89],[-96.7584,32.8856],[-96.7661,32.8985],[-96.7535,32.8935],[-96.7495,32.9027],[-96.7384,32.9004],[-96.7355,32.9115],[-96.7268,32.9058],[-96.7335,32.8859],[-96.7243,32.8922],[-96.7117,32.8944],[-96.7005,32.8845],[-96.7026,32.8811],[-96.7006,32.8642],[-96.7128,32.864],[-96.7287,32.857],[-96.734,32.8632],[-96.7307,32.8787],[-96.7593,32.8834],[-96.7634,32.8731],[-96.7707,32.8718],[-96.7705,32.8559],[-96.7738,32.8456],[-96.7711,32.8437],[-96.7748,32.8438],[-96.7811,32.8366],[-96.7861,32.8221],[-96.7982,32.8232],[-96.7996,32.8187],[-96.8023,32.8227],[-96.812,32.8232],[-96.8147,32.8198],[-96.8185,32.8231],[-96.8192,32.8367],[-96.8221,32.8367],[-96.8213,32.8512],[-96.8412,32.8507],[-96.8548,32.8611],[-96.8468,32.8634],[-96.8488,32.8706],[-96.8463,32.8803],[-96.8563,32.8804],[-96.856,32.9181],[-96.8818,32.9112],[-96.8819,32.9137],[-96.8914,32.9146],[-96.8915,32.9178],[-96.895,32.9179],[-96.8894,32.9239],[-96.8882,32.9336],[-96.8906,32.9384],[-96.8732,32.9389],[-96.8707,32.9534],[-96.8864,32.9536],[-96.8863,32.9609],[-96.8902,32.9609],[-96.8902,32.9639],[-96.9048,32.9576],[-96.9108,32.9538],[-96.9028,32.9394],[-96.9013,32.9262],[-96.904,32.9261],[-96.9043,32.9221],[-96.9317,32.9181],[-96.9383,32.9135],[-96.9375,32.9277],[-96.933,32.9288],[-96.9403,32.9322],[-96.9352,32.937],[-96.9413,32.9386],[-96.9429,32.9467],[-96.9556,32.9505],[-96.9618,32.9491],[-96.9748,32.9552],[-96.9917,32.9477],[-96.9935,32.9312],[-96.9915,32.9257],[-96.9938,32.9232],[-96.9587,32.9157],[-96.9588,32.907],[-96.9624,32.9075],[-96.9714,32.9008],[-96.9794,32.9016],[-96.9837,32.9112],[-96.9968,32.9121],[-96.9997,32.92],[-97.0079,32.9208],[-97.008,32.9079],[-96.9913,32.9018],[-96.9911,32.8927],[-96.9736,32.8778],[-96.9807,32.8719],[-96.9874,32.8748],[-96.9989,32.8869],[-97.0038,32.881],[-97.0057,32.8719],[-97.014,32.8686],[-97.0203,32.8609],[-97.0221,32.8369],[-97.0613,32.8375],[-97.0613,32.8224],[-97.0996,32.8224],[-97.0995,32.8088],[-97.1253,32.8028],[-97.1402,32.8035],[-97.1402,32.7974],[-97.1434,32.8017],[-97.1691,32.8021],[-97.1692,32.7941],[-97.1775,32.794],[-97.1782,32.7986],[-97.1865,32.8068],[-97.202,32.8076],[-97.2124,32.8042],[-97.2122,32.8195],[-97.2076,32.8195],[-97.2075,32.8236],[-97.2236,32.8238],[-97.2237,32.8269],[-97.2278,32.8238],[-97.2391,32.824],[-97.2387,32.8403],[-97.2768,32.8395],[-97.2752,32.844],[-97.2785,32.8481],[-97.276,32.8526],[-97.2809,32.8568],[-97.2805,32.8608],[-97.2901,32.861],[-97.2936,32.8669],[-97.2898,32.8747],[-97.2896,32.9021],[-97.3171,32.9048]]]}},{"id":"4","type":"Feature","properties":{"district":"02","name":"Congressional District 2"},"geometry":{"type":"Polygon","coordinates":[[[-95.601,30.1755],[-95.5888,30.1949],[-95.5697,30.2114],[-95.5681,30.2161],[-95.5428,30.2153],[-95.5524,30.2163],[-95.5537,30.2243],[-95.4588,30.2367],[-95.4575,30.2795],[-95.4473,30.284],[-95.4313,30.2832],[-95.425,30.2869],[-95.4277,30.2917],[-95.4227,30.2929],[-95.4208,30.2893],[-95.4071,30.2934],[-95.3994,30.3059],[-95.3412,30.261],[-95.3297,30.261],[-95.3358,30.2568],[-95.3289,30.2514],[-95.3288,30.2428],[-95.3228,30.2389],[-95.3193,30.2301],[-95.3029,30.2302],[-95.2989,30.2321],[-95.2985,30.2371],[-95.3122,30.2571],[-95.3016,30.26],[-95.3063,30.2729],[-95.3057,30.2857],[-95.3189,30.3084],[-95.3195,30.3324],[-95.2266,30.3271],[-95.2258,30.3194],[-95.1659,30.345],[-95.0312,29.9933],[-95.0219,29.9969],[-95.0,29.9916],[-94.9955,29.9779],[-94.9859,29.973],[-95.0318,29.9378],[-95.0616,29.8887],[-95.0358,29.8884],[-95.0351,29.8575],[-95.0282,29.8573],[-95.0279,29.8421],[-95.0028,29.8424],[-94.9976,29.8201],[-94.9976,29.8023],[-95.0048,29.8011],[-95.0016,29.7946],[-95.0024,29.7872],[-95.0051,29.7872],[-95.0077,29.7771],[-95.0106,29.7771],[-95.0097,29.7724],[-95.0133,29.7699],[-95.0225,29.7789],[-95.0493,29.7901],[-95.0585,29.7878],[-95.0574,29.791],[-95.0703,29.7957],[-95.0956,29.7883],[-95.1139,29.775],[-95.1244,29.772],[-95.124,29.7573],[-95.1273,29.7595],[-95.1267,29.764],[-95.1323,29.7635],[-95.1325,29.7664],[-95.1413,29.7708],[-95.1575,29.7725],[-95.1537,29.7838],[-95.159,29.7906],[-95.1441,29.7889],[-95.1443,29.7923],[-95.1406,29.7932],[-95.1428,29.8154],[-95.1272,29.8205],[-95.1276,29.8358],[-95.1433,29.8385],[-95.1434,29.8463],[-95.1757,29.8333],[-95.1855,29.8443],[-95.1872,29.8709],[-95.2023,29.8903],[-95.1994,29.9245],[-95.206,29.9323],[-95.1938,29.9449],[-95.2144,29.9561],[-95.2054,29.9632],[-95.2104,29.9644],[-95.2123,29.9739],[-95.2124,29.9994],[-95.2574,29.9992],[-95.2576,29.995],[-95.264,29.9946],[-95.2698,29.9997],[-95.2678,30.005],[-95.297,30.0049],[-95.2947,30.0163],[-95.3068,30.0163],[-95.309,30.0238],[-95.3121,30.0207],[-95.3179,30.0226],[-95.3182,30.0345],[-95.3265,30.0263],[-95.3305,30.0307],[-95.3477,30.0281],[-95.3588,30.0361],[-95.366,30.0315],[-95.3692,30.0364],[-95.3813,30.0404],[-95.3888,30.0365],[-95.4,30.0361],[-95.4063,30.0309],[-95.4133,30.0375],[-95.435,30.034],[-95.4512,30.0377],[-95.4613,30.0349],[-95.4676,30.0264],[-95.4725,30.0274],[-95.4764,30.0244],[-95.4638,30.007],[-95.4983,29.9879],[-95.5262,30.0231],[-95.5211,30.0272],[-95.5197,30.0232],[-95.5028,30.0326],[-95.5051,30.0356],[-95.5001,30.0429],[-95.4958,30.0364],[-95.4921,30.0384],[-95.4989,30.0448],[-95.4928,30.0505],[-95.491,30.046],[-95.4832,30.0504],[-95.4808,30.0464],[-95.4739,30.0485],[-95.4805,30.0574],[-95.4774,30.0592],[-95.4765,30.0706],[-95.4968,30.074],[-95.4967,30.0835],[-95.4996,30.0831],[-95.4996,30.088],[-95.5039,30.088],[-95.5035,30.0962],[-95.5068,30.0969],[-95.5049,30.1402],[-95.5093,30.1402],[-95.5093,30.1369],[-95.5628,30.1366],[-95.5625,30.1313],[-95.5742,30.1299],[-95.5746,30.1518],[-95.5806,30.1499],[-95.5882,30.1378],[-95.5963,30.1338],[-95.598,30.1688],[-95.601,30.1755]]]}},{"id":"5","type":"Feature","properties":{"district":"25","name":"Congressional District 25"},"geometry":{"type":"Polygon","coordinates":[[[-99.6313,32.0813],[-99.6298,32.4366],[-99.497,32.4129],[-99.4971,32.4088],[-99.4548,32.4072],[-99.4544,32.4574],[-99.4471,32.4647],[-99.4427,32.464],[-99.443,32.4711],[-99.4338,32.4727],[-99.4323,32.4678],[-99.4295,32.4711],[-99.431,32.4741],[-99.4189,32.479],[-99.4199,32.4829],[-99.4131,32.4908],[-99.4142,32.4953],[-99.4002,32.5061],[-99.3971,32.5151],[-99.0961,32.5148],[-99.096,32.957],[-98.9509,32.9569],[-98.9539,33.3975],[-98.4207,33.3962],[-98.4214,33.4668],[-97.9789,33.4671],[-97.979,33.4337],[-97.9182,33.4339],[-97.9216,33.0013],[-98.0561,33.0033],[-98.0644,32.6372],[-98.0386,32.6492],[-98.0321,32.6659],[-97.9981,32.6881],[-97.887,32.726],[-97.8499,32.7282],[-97.85,32.7229],[-97.8456,32.7227],[-97.8453,32.7168],[-97.8348,32.7165],[-97.8306,32.7212],[-97.8275,32.7206],[-97.8275,32.7143],[-97.8129,32.7148],[-97.8049,32.7117],[-97.7941,32.715],[-97.7884,32.7119],[-97.7815,32.7164],[-97.7636,32.6962],[-97.7434,32.6954],[-97.7086,32.6815],[-97.7012,32.6739],[-97.7018,32.664],[-97.691,32.6647],[-97.6874,32.6577],[-97.6801,32.6529],[-97.6717,32.6535],[-97.6615,32.6497],[-97.6514,32.6399],[-97.6152,32.6308],[-97.5955,32.615],[-97.5784,32.6104],[-97.5785,32.636],[-97.5831,32.6363],[-97.5834,32.6407],[-97.5881,32.6419],[-97.5859,32.6723],[-97.5951,32.6861],[-97.5928,32.6862],[-97.5925,32.7005],[-97.6029,32.7008],[-97.6027,32.7115],[-97.6162,32.7099],[-97.6163,32.7041],[-97.6079,32.7041],[-97.6077,32.7],[-97.6155,32.7018],[-97.6163,32.6917],[-97.6509,32.6922],[-97.6576,32.702],[-97.6754,32.7055],[-97.6762,32.7194],[-97.668,32.7249],[-97.6745,32.7502],[-97.673,32.7619],[-97.6705,32.7623],[-97.673,32.7664],[-97.6693,32.7664],[-97.669,32.7664],[-97.6668,32.7701],[-97.6706,32.7808],[-97.6759,32.7791],[-97.6807,32.7857],[-97.6381,32.789],[-97.6179,32.7855],[-97.5804,32.7879],[-97.5801,32.7827],[-97.56,32.7823],[-97.5482,32.7761],[-97.5506,32.5554],[-97.3646,32.5534],[-97.3551,32.6068],[-97.3515,32.6068],[-97.3499,32.6141],[-97.3583,32.6153],[-97.3579,32.6194],[-97.3669,32.6185],[-97.3666,32.6224],[-97.3685,32.6204],[-97.37,32.6244],[-97.3574,32.6255],[-97.3577,32.6348],[-97.3613,32.6409],[-97.3596,32.644],[-97.3644,32.6461],[-97.3533,32.6488],[-97.3526,32.6673],[-97.3361,32.664],[-97.3208,32.6668],[-97.3199,32.6057],[-97.3088,32.6027],[-97.2942,32.6041],[-97.2884,32.6099],[-97.2858,32.6083],[-97.2871,32.6132],[-97.2896,32.6126],[-97.2871,32.6165],[-97.2699,32.6165],[-97.2693,32.6256],[-97.2647,32.6237],[-97.2615,32.6279],[-97.2655,32.631],[-97.2529,32.6303],[-97.2526,32.6565],[-97.2428,32.6565],[-97.2447,32.6627],[-97.2414,32.6653],[-97.2374,32.6965],[-97.2255,32.6961],[-97.2167,32.7003],[-97.2185,32.7034],[-97.2156,32.7067],[-97.2227,32.7052],[-97.2241,32.7069],[-97.2166,32.7097],[-97.2142,32.7133],[-97.2169,32.7138],[-97.2202,32.7086],[-97.2224,32.7088],[-97.224,32.7099],[-97.2206,32.7097],[-97.219,32.7159],[-97.2153,32.7155],[-97.2123,32.7198],[-97.2192,32.7266],[-97.2135,32.7245],[-97.2139,32.7276],[-97.2119,32.727],[-97.2102,32.7217],[-97.2072,32.7277],[-97.1794,32.7309],[-97.1758,32.739],[-97.1637,32.7456],[-97.1631,32.7561],[-97.1497,32.7592],[-97.1491,32.7678],[-97.1528,32.7683],[-97.1506,32.7709],[-97.1395,32.773],[-97.1394,32.7793],[-97.1158,32.7826],[-97.1116,32.785],[-97.1104,32.7909],[-97.0968,32.786],[-97.0886,32.7879],[-97.0888,32.7844],[-97.0831,32.7816],[-97.0814,32.7849],[-97.0735,32.7853],[-97.0735,32.7907],[-97.0641,32.7963],[-97.0653,32.7999],[-97.0627,32.8021],[-97.0626,32.779],[-97.0349,32.7799],[-97.0352,32.7597],[-97.0633,32.7598],[-97.0627,32.749],[-97.0811,32.7499],[-97.0835,32.7416],[-97.0974,32.7389],[-97.0974,32.7321],[-97.1057,32.7301],[-97.1029,32.7211],[-97.1233,32.7212],[-97.1233,32.7089],[-97.1147,32.7082],[-97.115,32.691],[-97.0978,32.6917],[-97.0906,32.6627],[-97.0776,32.658],[-97.0751,32.6412],[-97.088,32.6413],[-97.0871,32.6286],[-97.0985,32.6233],[-97.1,32.6162],[-97.1164,32.6082],[-97.1201,32.6136],[-97.1255,32.6109],[-97.1424,32.6111],[-97.1505,32.5918],[-97.1605,32.5914],[-97.1892,32.5779],[-97.1637,32.5651],[-97.1741,32.5621],[-97.177,32.5506],[-97.2328,32.5515],[-97.2282,32.5438],[-97.2228,32.5417],[-97.2377,32.5348],[-97.2365,32.5327],[-97.2439,32.5293],[-97.2425,32.5264],[-97.2606,32.5161],[-97.2533,32.4963],[-97.2396,32.4731],[-97.2569,32.4652],[-97.2598,32.4696],[-97.2654,32.4671],[-97.2694,32.4702],[-97.2651,32.4648],[-97.2928,32.4529],[-97.2999,32.4531],[-97.2823,32.4361],[-97.2967,32.4344],[-97.296,32.3916],[-97.2969,32.389],[-97.3059,32.3886],[-97.3058,32.3841],[-97.2935,32.3659],[-97.2992,32.3592],[-97.2762,32.3264],[-97.2755,32.3226],[-97.2812,32.3197],[-97.2694,32.3138],[-97.281,32.3081],[-97.2824,32.3027],[-97.2972,32.2976],[-97.2935,32.2922],[-97.2958,32.2906],[-97.2841,32.2733],[-97.2833,32.2688],[-97.2866,32.267],[-97.283,32.2616],[-97.2874,32.2595],[-97.2859,32.2515],[-97.2705,32.2268],[-97.476,32.1817],[-97.4718,32.1755],[-97.4866,32.1715],[-97.4945,32.1646],[-97.5118,32.1619],[-97.5135,32.1526],[-97.508,32.1394],[-97.5143,32.1338],[-97.5358,32.1397],[-97.5534,32.1493],[-97.5687,32.1505],[-97.5705,32.1545],[-97.5647,32.1624],[-97.5706,32.1787],[-97.5786,32.1808],[-97.5959,32.174],[-97.6023,32.1765],[-97.5901,32.1878],[-97.5941,32.2016],[-97.5998,32.2042],[-97.626,32.204],[-97.6309,32.2074],[-97.8515,32.094],[-98.2084,31.9175],[-98.1566,31.8417],[-98.4637,31.684],[-98.4928,31.7236],[-98.6684,31.7005],[-98.9244,32.078],[-99.6313,32.0813]]]}},{"id":"6","type":"Feature","properties":{"district":"03","name":"Congressional District 3"},"geometry":{"type":"Polygon","coordinates":[[[-96.8298,33.0545],[-96.8246,33.0656],[-96.8184,33.0656],[-96.8068,33.0573],[-96.7954,33.0566],[-96.7945,33.0504],[-96.7703,33.0518],[-96.7715,33.101],[-96.7335,33.101],[-96.7329,33.1253],[-96.8054,33.0973],[-96.8034,33.1529],[-96.7332,33.1522],[-96.7328,33.2186],[-96.8116,33.2192],[-96.7923,33.2937],[-96.6802,33.2909],[-96.6795,33.2936],[-96.6703,33.2941],[-96.6776,33.2976],[-96.6829,33.3088],[-96.6881,33.3126],[-96.6857,33.3222],[-96.6902,33.3313],[-96.6975,33.3376],[-96.7061,33.3541],[-96.7133,33.3593],[-96.7131,33.3637],[-96.7178,33.3684],[-96.7163,33.3713],[-96.7204,33.3747],[-96.7254,33.3972],[-96.7285,33.3994],[-96.7273,33.4029],[-96.3846,33.3978],[-96.393,33.3886],[-96.3848,33.3966],[-96.3845,33.3411],[-95.8587,33.4095],[-95.8625,32.9796],[-95.9453,32.9799],[-95.9684,32.9136],[-95.9765,32.9202],[-95.9909,32.9136],[-95.9983,32.926],[-96.0395,32.9183],[-96.0678,32.9195],[-96.0966,32.9302],[-96.1057,32.9308],[-96.1101,32.9365],[-96.1146,32.9372],[-96.1207,32.93],[-96.128,32.9093],[-96.2222,32.9099],[-96.2418,32.9169],[-96.2669,32.9163],[-96.2911,32.8989],[-96.2967,32.8979],[-96.2972,32.9818],[-96.6134,32.9843],[-96.613,33.0098],[-96.6429,33.0127],[-96.6602,33.0311],[-96.682,33.0312],[-96.6825,33.0437],[-96.6616,33.0432],[-96.6575,33.0483],[-96.6589,33.0516],[-96.654,33.0508],[-96.6571,33.0551],[-96.6549,33.0728],[-96.6822,33.0731],[-96.6851,33.0709],[-96.688,33.0773],[-96.6937,33.0789],[-96.7025,33.0879],[-96.7091,33.0894],[-96.7115,33.0752],[-96.7238,33.0808],[-96.7367,33.0801],[-96.7366,33.0646],[-96.7322,33.0552],[-96.7337,33.0266],[-96.7536,33.0267],[-96.75,33.023],[-96.7527,33.0194],[-96.7859,33.0164],[-96.787,33.0118],[-96.7953,33.0131],[-96.7908,33.0144],[-96.7928,33.0185],[-96.789,33.0195],[-96.7951,33.0201],[-96.7951,33.0273],[-96.8288,33.0281],[-96.8298,33.0545]]]}},{"id":"7","type":"Feature","properties":{"district":"04","name":"Congressional District 4"},"geometry":{"type":"Polygon","coordinates":[[[-96.9439,33.4164],[-96.9446,33.9492],[-96.9236,33.9594],[-96.9127,33.9551],[-96.9024,33.942],[-96.8957,33.8964],[-96.883,33.868],[-96.8707,33.8565],[-96.8561,33.8475],[-96.8506,33.8472],[-96.8416,33.8529],[-96.8398,33.8684],[-96.8322,33.8748],[-96.7943,33.8689],[-96.7806,33.8601],[-96.7707,33.8296],[-96.7616,33.8244],[-96.7137,33.8313],[-96.7008,33.8379],[-96.6847,33.8629],[-96.6815,33.8947],[-96.6753,33.9091],[-96.6672,33.9169],[-96.6599,33.9167],[-96.6283,33.8945],[-96.5922,33.8955],[-96.5855,33.8913],[-96.5901,33.8807],[-96.6116,33.8693],[-96.6254,33.8565],[-96.6298,33.8509],[-96.6281,33.8446],[-96.5929,33.8309],[-96.5729,33.8191],[-96.5562,33.8191],[-96.5581,33.8171],[-96.532,33.824],[-96.5249,33.8195],[-96.5178,33.8069],[-96.5166,33.7883],[-96.501,33.7728],[-96.4592,33.7752],[-96.448,33.781],[-96.4235,33.7764],[-96.4082,33.7505],[-96.3696,33.7168],[-96.3622,33.6918],[-96.3469,33.6862],[-96.3329,33.6932],[-96.3211,33.6951],[-96.3122,33.7063],[-96.3064,33.7231],[-96.3062,33.744],[-96.2937,33.7694],[-96.2871,33.7712],[-96.2636,33.7675],[-96.229,33.748],[-96.2205,33.7474],[-96.1866,33.755],[-96.1691,33.7704],[-96.1628,33.7864],[-96.1598,33.8115],[-96.1555,33.814],[-96.1638,33.8131],[-96.17,33.8051],[-96.1696,33.8009],[-96.1757,33.8023],[-96.1791,33.8102],[-96.1763,33.8144],[-96.1665,33.8179],[-96.1508,33.817],[-96.1488,33.8192],[-96.1516,33.8319],[-96.1492,33.8371],[-96.1229,33.84],[-96.11,33.8324],[-96.0994,33.8305],[-96.0976,33.8379],[-96.1001,33.848],[-96.0846,33.8467],[-96.0488,33.8365],[-96.035,33.8426],[-96.0305,33.8553],[-96.027,33.8575],[-96.0195,33.8535],[-96.0227,33.8411],[-96.0171,33.8415],[-96.0041,33.8452],[-95.9968,33.8539],[-95.9949,33.8618],[-96.0029,33.8667],[-96.0029,33.8736],[-95.9849,33.8658],[-95.9849,33.8525],[-95.9746,33.8555],[-95.9473,33.8589],[-95.9514,33.8573],[-95.9441,33.86],[-95.9418,33.8617],[-95.9322,33.8839],[-95.9251,33.8849],[-95.8672,33.8513],[-95.8568,33.8501],[-95.8439,33.8382],[-95.8304,33.8348],[-95.8195,33.8413],[-95.8209,33.8562],[-95.8156,33.8599],[-95.7976,33.8606],[-95.7702,33.8452],[-95.758,33.8496],[-95.7521,33.855],[-95.7513,33.8603],[-95.7615,33.8731],[-95.7625,33.8811],[-95.7579,33.8908],[-95.7522,33.8946],[-95.7332,33.8964],[-95.7122,33.8855],[-95.7006,33.8858],[-95.6846,33.8906],[-95.6655,33.909],[-95.6552,33.9099],[-95.6328,33.9048],[-95.6273,33.9078],[-95.6164,33.9276],[-95.6031,33.9292],[-95.5984,33.9344],[-95.5975,33.9423],[-95.5941,33.9431],[-95.5819,33.9342],[-95.5638,33.9329],[-95.5542,33.927],[-95.5478,33.9019],[-95.5512,33.8897],[-95.5441,33.8806],[-95.5326,33.8815],[-95.5095,33.8976],[-95.5051,33.8934],[-95.505,33.8759],[-95.4835,33.8768],[-95.4614,33.8871],[-95.4633,33.8724],[-95.4427,33.8665],[-95.4277,33.8705],[-95.4052,33.8646],[-95.3838,33.8686],[-95.3626,33.8669],[-95.3357,33.8743],[-95.3299,33.8863],[-95.3144,33.8816],[-95.3064,33.8749],[-95.2889,33.8731],[-95.2782,33.8784],[-95.2782,33.8903],[-95.2846,33.8999],[-95.2846,33.9055],[-95.276,33.9113],[-95.2687,33.9111],[-95.265,33.9046],[-95.2667,33.8939],[-95.2621,33.8878],[-95.2577,33.8901],[-95.2485,33.907],[-95.25,33.9389],[-95.2406,33.9472],[-95.2329,33.9497],[-95.2304,33.96],[-95.2167,33.9627],[-95.1981,33.9534],[-95.1715,33.9467],[-95.157,33.9366],[-95.1247,33.9347],[-95.1212,33.9313],[-95.1217,33.9258],[-95.1316,33.9139],[-95.1209,33.9045],[-95.1104,33.9054],[-95.0801,33.921],[-95.0768,33.9136],[-95.0797,33.9086],[-95.1004,33.8956],[-95.0896,33.8809],[-95.0824,33.8799],[-95.0787,33.905],[-95.074,33.9156],[-95.0668,33.9171],[-95.0635,33.914],[-95.0642,33.9102],[-95.0746,33.9073],[-95.0759,33.9018],[-95.0718,33.8956],[-95.0724,33.9027],[-95.0601,33.9019],[-95.0591,33.8875],[-95.0506,33.8783],[-95.0507,33.8682],[-95.0466,33.8626],[-95.0157,33.8577],[-95.0022,33.8637],[-94.9885,33.851],[-94.9816,33.8523],[-94.9759,33.8602],[-94.9702,33.8618],[-94.9644,33.837],[-94.9439,33.8302],[-94.9535,33.8165],[-94.9479,33.8084],[-94.9404,33.8056],[-94.9233,33.8087],[-94.9266,33.8276],[-94.918,33.8268],[-94.9109,33.8159],[-94.9213,33.7984],[-94.9215,33.7905],[-94.9129,33.7795],[-94.9042,33.7772],[-94.9013,33.7709],[-94.8869,33.7691],[-94.8764,33.7573],[-94.8738,33.7581],[-94.8746,33.7696],[-94.8681,33.7689],[-94.8667,33.7618],[-94.8771,33.7522],[-94.8607,33.7419],[-94.8279,33.7409],[-94.8283,33.7349],[-94.8204,33.7338],[-94.823,33.7475],[-94.8308,33.7581],[-94.8295,33.7641],[-94.8234,33.7692],[-94.8173,33.7658],[-94.8168,33.7542],[-94.8122,33.7509],[-94.817,33.74],[-94.8034,33.7327],[-94.7801,33.7445],[-94.7729,33.7597],[-94.763,33.7598],[-94.7578,33.7559],[-94.7589,33.7485],[-94.7768,33.7464],[-94.7886,33.7357],[-94.7825,33.7301],[-94.7687,33.727],[-94.7606,33.7271],[-94.7518,33.7343],[-94.7477,33.7251],[-94.7577,33.7178],[-94.7514,33.7135],[-94.7459,33.7162],[-94.7421,33.7267],[-94.7334,33.7252],[-94.7328,33.72],[-94.7361,33.7161],[-94.7538,33.7087],[-94.7519,33.7049],[-94.7409,33.7006],[-94.7359,33.6916],[-94.7195,33.6889],[-94.7159,33.6949],[-94.7189,33.7033],[-94.7307,33.7074],[-94.734,33.7157],[-94.7253,33.7147],[-94.7016,33.7029],[-94.7035,33.6975],[-94.7144,33.6972],[-94.7183,33.6887],[-94.7162,33.6879],[-94.6848,33.6844],[-94.6669,33.6946],[-94.6514,33.6858],[-94.6471,33.6903],[-94.6479,33.7005],[-94.6437,33.7015],[-94.6386,33.6958],[-94.6455,33.6859],[-94.6504,33.6844],[-94.6453,33.6736],[-94.6518,33.6705],[-94.6618,33.6751],[-94.671,33.6684],[-94.6669,33.6628],[-94.6549,33.6599],[-94.6387,33.664],[-94.6287,33.6805],[-94.622,33.6825],[-94.6164,33.6801],[-94.6058,33.6642],[-94.596,33.6639],[-94.5921,33.667],[-94.59,33.6758],[-94.593,33.684],[-94.5879,33.6863],[-94.5796,33.6776],[-94.5808,33.6664],[-94.5637,33.6693],[-94.5603,33.6666],[-94.5648,33.6618],[-94.5768,33.6588],[-94.5905,33.6451],[-94.58,33.6445],[-94.5706,33.6522],[-94.5481,33.6603],[-94.543,33.6552],[-94.543,33.6493],[-94.5684,33.6372],[-94.57,33.6285],[-94.5534,33.6276],[-94.5378,33.6383],[-94.5218,33.6407],[-94.5185,33.6376],[-94.5354,33.6242],[-94.5277,33.6159],[-94.5198,33.6181],[-94.5179,33.6237],[-94.5202,33.6298],[-94.5175,33.6331],[-94.5115,33.6231],[-94.5045,33.6207],[-94.4884,33.6274],[-94.4917,33.6365],[-94.4781,33.639],[-94.466,33.6362],[-94.4592,33.645],[-94.4487,33.6427],[-94.4485,33.6344],[-94.4627,33.6308],[-94.4606,33.6247],[-94.4527,33.6225],[-94.4529,33.6174],[-94.4703,33.6068],[-94.4712,33.6019],[-94.465,33.5988],[-94.4575,33.6004],[-94.4511,33.5912],[-94.4417,33.5915],[-94.4395,33.5942],[-94.4306,33.5916],[-94.4096,33.5683],[-94.3981,33.5711],[-94.3826,33.5833],[-94.3785,33.5785],[-94.3789,33.5702],[-94.3867,33.5657],[-94.3956,33.5665],[-94.4015,33.5605],[-94.3868,33.5451],[-94.3535,33.5437],[-94.3473,33.5516],[-94.3525,33.5622],[-94.3437,33.568],[-94.3355,33.5647],[-94.3315,33.5531],[-94.3202,33.549],[-94.3095,33.5516],[-94.2998,33.5747],[-94.2874,33.5826],[-94.2827,33.5813],[-94.2807,33.5751],[-94.2903,33.5677],[-94.2908,33.559],[-94.2773,33.5573],[-94.2575,33.5826],[-94.2402,33.5895],[-94.2364,33.5865],[-94.2371,33.5795],[-94.2501,33.5666],[-94.2517,33.5585],[-94.2375,33.5525],[-94.2283,33.5523],[-94.2186,33.5566],[-94.2124,33.5637],[-94.2161,33.5546],[-94.2159,33.4973],[-94.196,33.4985],[-94.196,33.4934],[-94.1939,33.4943],[-94.2023,33.4653],[-94.1831,33.464],[-94.1709,33.4605],[-94.1709,33.4591],[-94.1849,33.463],[-94.1854,33.4539],[-94.1769,33.4513],[-94.1768,33.438],[-94.1839,33.4373],[-94.1837,33.4237],[-94.1933,33.4234],[-94.1936,33.4194],[-94.2017,33.4193],[-94.2017,33.4146],[-94.2058,33.4144],[-94.2058,33.4039],[-94.2294,33.4],[-94.2375,33.3945],[-94.2585,33.3945],[-94.2583,33.3854],[-94.2633,33.3771],[-94.2972,33.3778],[-94.2946,33.387],[-94.2966,33.3981],[-94.3417,33.4004],[-94.3456,33.4031],[-94.3456,33.4078],[-94.3988,33.4077],[-94.4162,33.4037],[-94.4185,33.4225],[-94.4081,33.4598],[-94.399,33.4603],[-94.399,33.4652],[-94.4052,33.4657],[-94.3991,33.4673],[-94.3992,33.4734],[-94.409,33.4745],[-94.382,33.4721],[-94.3819,33.4791],[-94.4094,33.4791],[-94.4095,33.4822],[-94.4565,33.4709],[-94.4684,33.4725],[-94.5729,33.5029],[-94.5998,33.5039],[-94.6017,33.5075],[-94.6029,33.5044],[-94.6046,33.5087],[-94.61,33.5071],[-94.6097,33.5153],[-94.6348,33.5164],[-94.6528,33.5206],[-94.7313,33.5548],[-94.7704,33.552],[-94.7724,33.5598],[-94.7726,33.5532],[-94.7772,33.5528],[-94.7782,33.5623],[-94.7804,33.5641],[-94.7893,33.5582],[-94.8155,33.5689],[-94.917,33.5872],[-94.9168,33.5884],[-94.9155,33.5883],[-94.9154,33.5893],[-94.9384,33.5867],[-94.9853,33.6027],[-95.0269,33.6114],[-95.0336,33.6177],[-95.0472,33.6222],[-95.0461,33.6276],[-95.065,33.6236],[-95.0705,33.6202],[-95.0735,33.6135],[-95.1153,33.6129],[-95.155,33.6275],[-95.1997,33.6345],[-95.2245,33.6465],[-95.2381,33.649],[-95.2522,33.6621],[-95.2512,33.6672],[-95.256,33.669],[-95.2577,33.665],[-95.2619,33.6649],[-95.2617,33.6715],[-95.2648,33.6728],[-95.2745,33.6674],[-95.2746,33.6612],[-95.2872,33.6611],[-95.2872,33.6577],[-95.2929,33.6562],[-95.3017,33.657],[-95.3107,33.6632],[-95.3066,33.378],[-95.309,32.9626],[-95.6654,32.9604],[-95.635,32.7204],[-95.6396,32.7245],[-95.6412,32.718],[-95.6485,32.7193],[-95.6518,32.7142],[-95.6594,32.7114],[-95.6641,32.7157],[-95.668,32.7133],[-95.6679,32.7164],[-95.6737,32.7189],[-95.6716,32.7224],[-95.6768,32.7232],[-95.6778,32.728],[-95.6882,32.7283],[-95.6912,32.7373],[-95.7018,32.7376],[-95.7023,32.7424],[-95.7318,32.7494],[-95.7335,32.7462],[-95.736,32.7514],[-95.733,32.7522],[-95.7392,32.7568],[-95.7468,32.7538],[-95.7541,32.7578],[-95.7558,32.7541],[-95.7606,32.7583],[-95.7623,32.7554],[-95.7644,32.7594],[-95.7612,32.762],[-95.765,32.764],[-95.7611,32.7699],[-95.77,32.7727],[-95.7758,32.7708],[-95.7794,32.7737],[-95.7789,32.7708],[-95.7847,32.7701],[-95.7954,32.7758],[-95.7971,32.7725],[-95.8019,32.7741],[-95.8046,32.7713],[-95.8076,32.7739],[-95.8077,32.768],[-95.8158,32.7655],[-95.8131,32.7671],[-95.8148,32.771],[-95.8279,32.7668],[-95.8353,32.7719],[-95.8438,32.7691],[-95.8506,32.7707],[-95.8566,32.7764],[-95.8548,32.7786],[-95.8637,32.7769],[-95.8653,32.7824],[-95.8701,32.7835],[-95.8726,32.7884],[-95.8785,32.7878],[-95.8777,32.7912],[-95.8798,32.7894],[-95.8895,32.7951],[-95.8926,32.8006],[-95.8947,32.7991],[-95.8946,32.8036],[-95.8993,32.8022],[-95.9067,32.8069],[-95.905,32.8097],[-95.9157,32.811],[-95.9224,32.8156],[-95.9215,32.818],[-95.9246,32.8184],[-95.9222,32.821],[-95.9275,32.8224],[-95.9256,32.8293],[-95.9344,32.8372],[-96.2973,32.8417],[-96.2974,32.8142],[-96.519,32.8136],[-96.517,32.9829],[-96.2972,32.9818],[-96.2957,32.8978],[-96.2669,32.9163],[-96.2418,32.9169],[-96.2222,32.9099],[-96.128,32.9093],[-96.1207,32.93],[-96.1146,32.9372],[-96.1101,32.9365],[-96.1057,32.9308],[-96.0966,32.9302],[-96.0678,32.9195],[-96.0395,32.9183],[-95.9983,32.926],[-95.9909,32.9136],[-95.9765,32.9202],[-95.9684,32.9136],[-95.9453,32.9799],[-95.8625,32.9796],[-95.8587,33.4095],[-96.3845,33.3411],[-96.3848,33.3966],[-96.3921,33.3892],[-96.393,33.3886],[-96.3846,33.3978],[-96.7273,33.4029],[-96.7285,33.3994],[-96.7254,33.3972],[-96.7204,33.3747],[-96.7163,33.3713],[-96.7178,33.3684],[-96.7131,33.3637],[-96.7133,33.3593],[-96.7061,33.3541],[-96.6975,33.3376],[-96.6902,33.3313],[-96.6857,33.3222],[-96.6881,33.3126],[-96.6829,33.3088],[-96.6776,33.2976],[-96.6703,33.2941],[-96.6795,33.2936],[-96.6802,33.2909],[-96.7923,33.2937],[-96.8116,33.2192],[-96.7328,33.2186],[-96.7332,33.1522],[-96.8034,33.1529],[-96.8054,33.0973],[-96.7329,33.1253],[-96.7335,33.101],[-96.7715,33.101],[-96.7703,33.0518],[-96.7945,33.0504],[-96.7954,33.0566],[-96.8061,33.0571],[-96.8148,33.0648],[-96.8246,33.0656],[-96.8298,33.0558],[-96.8288,33.0281],[-96.7951,33.0273],[-96.7951,33.0201],[-96.789,33.0195],[-96.7928,33.0185],[-96.7908,33.0144],[-96.7953,33.0131],[-96.7866,33.0117],[-96.7859,33.0164],[-96.7527,33.0194],[-96.75,33.023],[-96.7536,33.0267],[-96.7337,33.0266],[-96.7322,33.0552],[-96.7366,33.0646],[-96.7367,33.0801],[-96.7238,33.0808],[-96.7115,33.0752],[-96.7091,33.0894],[-96.7025,33.0879],[-96.6937,33.0789],[-96.688,33.0773],[-96.6851,33.0709],[-96.6822,33.0731],[-96.655,33.0729],[-96.6571,33.0551],[-96.654,33.0508],[-96.6589,33.0516],[-96.6575,33.0483],[-96.6616,33.0432],[-96.6836,33.0438],[-96.7043,33.0376],[-96.7094,33.0273],[-96.7092,33.0197],[-96.725,33.0177],[-96.7194,33.0091],[-96.7159,33.0104],[-96.7159,33.0047],[-96.7468,33.0037],[-96.7569,33.0004],[-96.7565,32.9863],[-96.8441,32.9874],[-96.8404,33.1525],[-96.8534,33.1529],[-96.8535,33.1498],[-96.8598,33.1463],[-96.8571,33.1444],[-96.8648,33.1439],[-96.8694,33.1331],[-96.8763,33.134],[-96.8838,33.1436],[-96.8909,33.1445],[-96.8906,33.1337],[-96.9002,33.1285],[-96.9088,33.1294],[-96.906,33.1315],[-96.9106,33.1308],[-96.9115,33.1364],[-96.9124,33.1322],[-96.9175,33.1328],[-96.9207,33.1295],[-96.9228,33.1333],[-96.9228,33.1411],[-96.9141,33.1409],[-96.9118,33.1546],[-96.8908,33.1514],[-96.8905,33.1632],[-96.8822,33.163],[-96.8819,33.1783],[-96.8873,33.1784],[-96.887,33.1899],[-96.8804,33.2039],[-96.8954,33.2047],[-96.9045,33.1996],[-96.9038,33.2032],[-96.8915,33.2072],[-96.8945,33.2125],[-96.8875,33.2193],[-96.8388,33.2194],[-96.8341,33.4055],[-96.8412,33.4056],[-96.8411,33.4134],[-96.9439,33.4164]]]}},{"id":"8","type":"Feature","properties":{"district":"26","name":"Congressional District 26"},"geometry":{"type":"Polygon","coordinates":[[[-97.9216,33.0013],[-97.9204,33.0993],[-97.9131,33.1017],[-97.9116,33.1121],[-97.9075,33.1154],[-97.8612,33.1146],[-97.8602,33.1238],[-97.847,33.1486],[-97.8465,33.155],[-97.8347,33.1513],[-97.8337,33.1474],[-97.8241,33.1474],[-97.8274,33.182],[-97.8308,33.1828],[-97.7814,33.2176],[-97.7788,33.2091],[-97.7736,33.2087],[-97.7782,33.2061],[-97.7796,33.196],[-97.7689,33.2014],[-97.7685,33.1983],[-97.7634,33.1996],[-97.7617,33.2042],[-97.7589,33.2042],[-97.7557,33.2007],[-97.7559,33.1913],[-97.7493,33.1925],[-97.7462,33.1899],[-97.7408,33.194],[-97.741,33.2091],[-97.7323,33.209],[-97.7324,33.2151],[-97.7192,33.2152],[-97.7186,33.2252],[-97.7238,33.225],[-97.7106,33.2296],[-97.6809,33.2329],[-97.6196,33.2309],[-97.5878,33.2454],[-97.5671,33.2402],[-97.4508,33.2456],[-97.4115,33.2508],[-97.3908,33.2458],[-97.3916,33.2189],[-97.3887,33.2185],[-97.3609,33.2168],[-97.3602,33.2233],[-97.3539,33.2244],[-97.3182,33.2229],[-97.3174,33.2207],[-97.2601,33.2203],[-97.2571,33.2243],[-97.2344,33.2216],[-97.2344,33.2259],[-97.2295,33.2258],[-97.2296,33.2216],[-97.162,33.219],[-97.1614,33.2108],[-97.1415,33.2053],[-97.1417,33.1988],[-97.1381,33.1989],[-97.1419,33.176],[-97.1266,33.176],[-97.1224,33.156],[-97.1233,33.1369],[-97.1147,33.1325],[-97.0964,33.1321],[-97.096,33.1432],[-97.091,33.1443],[-97.0933,33.1454],[-97.0903,33.1521],[-97.092,33.1582],[-97.0885,33.1591],[-97.0889,33.163],[-97.0648,33.1631],[-97.0643,33.1709],[-97.0421,33.1811],[-97.0198,33.1774],[-97.0203,33.1995],[-97.0307,33.2166],[-97.0361,33.2372],[-97.0372,33.2581],[-97.0449,33.2686],[-97.0491,33.2686],[-97.0488,33.2639],[-97.0542,33.2646],[-97.0539,33.2621],[-97.0575,33.2657],[-97.0551,33.271],[-97.0583,33.2775],[-97.0687,33.279],[-97.0694,33.2824],[-97.0777,33.2812],[-97.0825,33.2852],[-97.0963,33.2778],[-97.1088,33.2847],[-97.1129,33.2893],[-97.1106,33.2917],[-97.1172,33.2931],[-97.1149,33.294],[-97.1197,33.2974],[-97.1182,33.2999],[-97.1238,33.2996],[-97.1206,33.3038],[-97.1299,33.306],[-97.1339,33.3131],[-97.1356,33.3118],[-97.1356,33.3238],[-97.1378,33.327],[-97.1418,33.3253],[-97.1414,33.3317],[-97.1553,33.3295],[-97.1559,33.3261],[-97.1612,33.3298],[-97.1619,33.3271],[-97.1672,33.3276],[-97.1678,33.323],[-97.1802,33.3246],[-97.2012,33.3219],[-97.2043,33.318],[-97.2139,33.3182],[-97.2145,33.3255],[-97.2215,33.3258],[-97.2206,33.3461],[-97.217,33.3496],[-97.2193,33.4247],[-97.3831,33.4305],[-97.383,33.4329],[-97.4871,33.4337],[-97.4842,33.9155],[-97.4614,33.9052],[-97.4509,33.8914],[-97.4515,33.8709],[-97.4632,33.8431],[-97.4591,33.8346],[-97.4442,33.8238],[-97.4142,33.818],[-97.3747,33.8186],[-97.3655,33.8237],[-97.3472,33.8451],[-97.3325,33.8843],[-97.3266,33.8844],[-97.3233,33.8792],[-97.3342,33.8629],[-97.3328,33.8553],[-97.3143,33.8651],[-97.3099,33.8744],[-97.3092,33.8887],[-97.2709,33.858],[-97.2542,33.8653],[-97.2492,33.8751],[-97.2463,33.9005],[-97.2422,33.9064],[-97.2285,33.9133],[-97.2109,33.9161],[-97.2061,33.9143],[-97.1808,33.8952],[-97.1666,33.8473],[-97.1668,33.8404],[-97.1716,33.8353],[-97.1814,33.8314],[-97.1958,33.8308],[-97.205,33.8189],[-97.2054,33.8015],[-97.1904,33.7812],[-97.1877,33.7698],[-97.1926,33.7597],[-97.1801,33.7545],[-97.1722,33.7375],[-97.1574,33.7255],[-97.1384,33.7189],[-97.1213,33.7172],[-97.0992,33.7262],[-97.0865,33.7433],[-97.0848,33.7616],[-97.0951,33.7922],[-97.0929,33.8038],[-97.0791,33.8123],[-97.0481,33.8175],[-97.0483,33.8279],[-97.0519,33.833],[-97.0623,33.838],[-97.0872,33.8414],[-97.0905,33.8452],[-97.088,33.8526],[-97.0756,33.8587],[-97.0638,33.86],[-97.0565,33.8565],[-97.0461,33.8396],[-97.041,33.8376],[-97.0214,33.8464],[-96.9971,33.871],[-96.9838,33.8909],[-96.9879,33.917],[-96.9954,33.9338],[-96.9943,33.9492],[-96.9885,33.9544],[-96.9794,33.9562],[-96.9798,33.9416],[-96.9738,33.9357],[-96.9446,33.9492],[-96.9439,33.4164],[-96.8411,33.4134],[-96.8412,33.4056],[-96.8341,33.4055],[-96.8388,33.2194],[-96.8875,33.2193],[-96.8945,33.2125],[-96.8915,33.2072],[-96.9038,33.2032],[-96.9045,33.1996],[-96.8954,33.2047],[-96.8804,33.2039],[-96.887,33.1899],[-96.8873,33.1784],[-96.8819,33.1783],[-96.8822,33.163],[-96.8905,33.1632],[-96.8908,33.1514],[-96.9118,33.1546],[-96.9141,33.1409],[-96.9228,33.1411],[-96.9228,33.1333],[-96.9207,33.1295],[-96.9175,33.1328],[-96.9124,33.1322],[-96.9115,33.1364],[-96.9106,33.1308],[-96.906,33.1315],[-96.9088,33.1294],[-96.9002,33.1285],[-96.8906,33.1337],[-96.8909,33.1445],[-96.8838,33.1436],[-96.8763,33.134],[-96.8694,33.1331],[-96.8648,33.1439],[-96.8571,33.1444],[-96.8598,33.1463],[-96.8535,33.1498],[-96.8534,33.1529],[-96.8404,33.1525],[-96.8438,33.0113],[-96.866,33.0118],[-96.8662,33.0023],[-96.8715,33.0021],[-96.8728,32.9971],[-96.879,32.9991],[-96.8825,32.9942],[-96.8884,32.9955],[-96.8868,33.0003],[-96.8939,32.999],[-96.8917,33.0057],[-96.8984,33.0044],[-96.8985,32.9989],[-96.9099,32.9989],[-96.91,32.9883],[-97.2993,32.9913],[-97.3082,32.9752],[-97.3154,32.9727],[-97.3259,32.9773],[-97.3315,32.9749],[-97.3432,32.9785],[-97.3278,32.9914],[-97.9216,33.0013]]]}},{"id":"9","type":"Feature","properties":{"district":"27","name":"Congressional District 27"},"geometry":{"type":"Polygon","coordinates":[[[-98.0898,28.663],[-97.9151,28.7196],[-97.902,28.7129],[-97.8978,28.7057],[-97.8919,28.7033],[-97.8922,28.6992],[-97.8847,28.6985],[-97.8843,28.6957],[-97.8794,28.6959],[-97.8758,28.6914],[-97.8582,28.6843],[-97.8357,28.6804],[-97.834,28.6756],[-97.8297,28.678],[-97.8253,28.6703],[-97.7952,28.6734],[-97.7919,28.677],[-97.7785,28.668],[-97.5746,28.8133],[-97.7551,29.0071],[-97.6131,29.1098],[-97.8588,29.3529],[-97.631,29.6535],[-97.6518,29.654],[-97.6534,29.6604],[-97.6502,29.6614],[-97.6485,29.657],[-97.6476,29.6611],[-97.6529,29.6679],[-97.6567,29.6626],[-97.661,29.6685],[-97.665,29.6688],[-97.6732,29.6632],[-97.6741,29.6686],[-97.6778,29.6688],[-97.6805,29.6636],[-97.6838,29.6643],[-97.682,29.6661],[-97.6833,29.6673],[-97.6839,29.6661],[-97.6872,29.6664],[-97.6851,29.6668],[-97.6883,29.6726],[-97.6927,29.6734],[-97.6983,29.6692],[-97.6978,29.6665],[-97.7061,29.6745],[-97.7045,29.6826],[-97.7225,29.6821],[-97.7221,29.6855],[-97.736,29.6913],[-97.7377,29.696],[-97.7436,29.6976],[-97.7368,29.7022],[-97.7384,29.713],[-97.749,29.7111],[-97.7471,29.714],[-97.7565,29.7178],[-97.7628,29.7128],[-97.7683,29.7189],[-97.7587,29.7255],[-97.761,29.7255],[-97.7613,29.7283],[-97.7653,29.7285],[-97.771,29.7323],[-97.7723,29.7338],[-97.7686,29.7416],[-97.7741,29.7416],[-97.7771,29.7467],[-97.7822,29.7479],[-97.7794,29.7484],[-97.7812,29.7595],[-97.7927,29.7594],[-97.7953,29.7525],[-97.8036,29.7537],[-97.8003,29.7662],[-97.8104,29.7729],[-97.8055,29.7732],[-97.8056,29.7771],[-97.8148,29.7802],[-97.8119,29.7839],[-97.8171,29.7904],[-97.8218,29.7827],[-97.8237,29.7855],[-97.8265,29.784],[-97.8242,29.7814],[-97.8296,29.78],[-97.8324,29.7845],[-97.8303,29.7955],[-97.8369,29.7952],[-97.8424,29.7992],[-97.8419,29.8075],[-97.8464,29.8086],[-97.8406,29.8162],[-97.8427,29.824],[-97.8367,29.8269],[-97.8439,29.8328],[-97.8473,29.8424],[-97.8555,29.8439],[-97.8562,29.8489],[-97.8634,29.8562],[-97.8675,29.8517],[-97.8719,29.8523],[-97.876,29.8606],[-97.8859,29.8623],[-97.8896,29.8564],[-97.8993,29.858],[-97.8939,29.8837],[-97.8502,29.9154],[-97.8174,29.9347],[-97.7924,29.9452],[-97.7607,29.9881],[-97.7078,30.0241],[-97.6537,30.0716],[-97.6494,30.0679],[-97.4913,30.2121],[-97.4836,30.2061],[-97.489,30.2004],[-97.4846,30.1888],[-97.4723,30.1832],[-97.4585,30.1821],[-97.432,30.1908],[-97.4237,30.1882],[-97.4245,30.1821],[-97.434,30.1751],[-97.4532,30.1516],[-97.4438,30.1426],[-97.4372,30.1437],[-97.4225,30.1574],[-97.4106,30.1603],[-97.3971,30.1717],[-97.3966,30.177],[-97.402,30.1835],[-97.3989,30.187],[-97.3778,30.182],[-97.3851,30.166],[-97.3795,30.1617],[-97.3642,30.1619],[-97.3485,30.1678],[-97.3456,30.1556],[-97.3499,30.1481],[-97.3589,30.1476],[-97.3703,30.1542],[-97.3733,30.1526],[-97.373,30.1458],[-97.3646,30.1409],[-97.3577,30.125],[-97.3506,30.1209],[-97.3372,30.1222],[-97.3228,30.11],[-97.3197,30.1038],[-97.3236,30.0976],[-97.3479,30.0923],[-97.3498,30.0827],[-97.3464,30.0763],[-97.3221,30.081],[-97.3125,30.0745],[-97.2882,30.0676],[-97.2835,30.0725],[-97.285,30.0767],[-97.282,30.0824],[-97.2844,30.0883],[-97.2907,30.0879],[-97.2874,30.0922],[-97.2932,30.0959],[-97.2897,30.1001],[-97.2909,30.1041],[-97.2528,30.0891],[-97.2437,30.0832],[-97.2365,30.0734],[-97.2183,30.0674],[-97.2011,30.0534],[-97.1771,30.0443],[-97.1648,30.0328],[-97.1606,30.0171],[-97.1668,30.0049],[-97.1676,29.9749],[-97.1943,29.9212],[-97.1942,29.8968],[-97.3179,29.7847],[-97.1305,29.6433],[-97.1433,29.6281],[-96.865,29.6327],[-96.8659,29.6304],[-96.8591,29.6244],[-96.843,29.6164],[-96.8443,29.6089],[-96.8333,29.5958],[-96.8392,29.5846],[-96.8328,29.5769],[-96.7931,29.5774],[-96.5606,29.3354],[-96.6585,29.2639],[-96.3092,28.9633],[-96.3235,28.6756],[-96.3227,28.6429],[-96.3805,28.3809],[-96.3952,28.2797],[-96.531,28.2212],[-96.6188,28.1695],[-96.7463,28.0796],[-96.8442,28.0003],[-96.9087,27.9341],[-96.9595,27.8753],[-96.9843,27.8038],[-97.0089,27.7868],[-97.0219,27.7834],[-97.0467,27.755],[-97.1253,27.6406],[-97.1651,27.5683],[-97.2223,27.5764],[-97.2421,27.5829],[-97.3252,27.5609],[-97.8407,27.5584],[-97.8399,27.565],[-97.8468,27.5662],[-97.849,27.573],[-97.8579,27.5807],[-97.8738,27.5878],[-97.8774,27.5965],[-97.8752,27.5987],[-97.8767,27.6085],[-97.8873,27.6158],[-97.8886,27.6202],[-97.9076,27.6244],[-97.9211,27.6229],[-97.9324,27.6359],[-97.9421,27.6359],[-97.9336,27.7769],[-97.9343,27.8852],[-97.7985,27.9957],[-97.7966,28.011],[-97.7934,28.0145],[-97.7916,28.0112],[-97.789,28.0139],[-97.7961,28.0313],[-97.7989,28.0311],[-97.8011,28.038],[-97.8058,28.0414],[-97.8118,28.0416],[-97.8143,28.0385],[-97.8195,28.0408],[-97.8261,28.038],[-97.8235,28.0357],[-97.8342,28.0372],[-97.8389,28.0346],[-97.8606,28.0381],[-97.872,28.0463],[-97.8781,28.0463],[-97.875,28.0504],[-97.8844,28.0542],[-97.884,28.06],[-97.8904,28.0634],[-97.8953,28.0612],[-97.9021,28.0719],[-97.9011,28.0759],[-97.8954,28.0759],[-97.9085,28.0896],[-97.9073,28.0976],[-97.8966,28.1002],[-97.8993,28.1034],[-97.8978,28.1133],[-97.9041,28.1142],[-97.8088,28.1834],[-98.0898,28.663]]]}},{"id":"10","type":"Feature","properties":{"district":"05","name":"Congressional District 5"},"geometry":{"type":"Polygon","coordinates":[[[-96.6746,32.8004],[-96.6654,32.8071],[-96.6653,32.8155],[-96.6623,32.8155],[-96.6617,32.8214],[-96.6581,32.8215],[-96.6605,32.8348],[-96.6397,32.8397],[-96.6349,32.8438],[-96.6681,32.8681],[-96.6655,32.8715],[-96.6655,32.9515],[-96.6536,32.9514],[-96.6562,32.9539],[-96.6426,32.9653],[-96.6409,32.9847],[-96.5171,32.9829],[-96.519,32.8136],[-96.2974,32.8142],[-96.2973,32.8417],[-95.9344,32.8372],[-95.9256,32.8293],[-95.9275,32.8224],[-95.9222,32.821],[-95.9246,32.8184],[-95.9215,32.818],[-95.9224,32.8156],[-95.9157,32.811],[-95.905,32.8097],[-95.9067,32.8069],[-95.8993,32.8022],[-95.8946,32.8036],[-95.8947,32.7991],[-95.8926,32.8006],[-95.8895,32.7951],[-95.8798,32.7894],[-95.8777,32.7912],[-95.8785,32.7878],[-95.8726,32.7884],[-95.8701,32.7835],[-95.8653,32.7824],[-95.8637,32.7769],[-95.8548,32.7786],[-95.8566,32.7764],[-95.8508,32.7708],[-95.8438,32.7691],[-95.8353,32.7719],[-95.8279,32.7668],[-95.8148,32.771],[-95.8131,32.7671],[-95.8158,32.7655],[-95.8077,32.768],[-95.8076,32.7739],[-95.8046,32.7713],[-95.8019,32.7741],[-95.7971,32.7725],[-95.7954,32.7758],[-95.7847,32.7701],[-95.7789,32.7708],[-95.7792,32.7737],[-95.7758,32.7708],[-95.7655,32.7716],[-95.761,32.7696],[-95.765,32.764],[-95.7612,32.762],[-95.7644,32.7594],[-95.7623,32.7554],[-95.7606,32.7583],[-95.7558,32.7541],[-95.7541,32.7578],[-95.7468,32.7538],[-95.7392,32.7568],[-95.733,32.7522],[-95.736,32.7514],[-95.7335,32.7462],[-95.7318,32.7494],[-95.7023,32.7424],[-95.7018,32.7376],[-95.6912,32.7373],[-95.6894,32.7306],[-95.687,32.7309],[-95.6885,32.7285],[-95.6778,32.728],[-95.6768,32.7232],[-95.6716,32.7224],[-95.6737,32.7189],[-95.6679,32.7164],[-95.6682,32.7134],[-95.6641,32.7157],[-95.6594,32.7114],[-95.6518,32.7142],[-95.6485,32.7193],[-95.6412,32.718],[-95.6396,32.7245],[-95.6349,32.7211],[-95.6654,32.9604],[-95.1729,32.9618],[-95.1759,32.9648],[-95.1741,32.969],[-95.1622,32.9809],[-95.1623,32.9942],[-95.1576,32.9947],[-95.1563,33.0014],[-95.1521,33.0027],[-95.1512,33.0067],[-95.1546,33.0091],[-95.1522,33.0134],[-95.15,33.006],[-95.1521,32.9026],[-94.7199,32.9045],[-94.7231,32.9031],[-94.7217,32.9009],[-94.7117,32.8985],[-94.7052,32.8921],[-94.7097,32.8705],[-94.7074,32.8708],[-94.7063,32.8614],[-94.6983,32.8602],[-94.7002,32.8514],[-94.6977,32.8431],[-94.6871,32.8428],[-94.6887,32.8391],[-94.6832,32.8411],[-94.6817,32.8368],[-94.675,32.8384],[-94.6724,32.8348],[-94.7021,32.8205],[-94.7018,32.6522],[-94.7039,32.6581],[-94.7069,32.6557],[-94.7104,32.6581],[-94.7192,32.6544],[-94.7277,32.6552],[-94.7459,32.6676],[-94.747,32.6603],[-94.7519,32.6626],[-94.7583,32.66],[-94.7664,32.651],[-94.7709,32.658],[-94.7978,32.6594],[-94.8043,32.6818],[-94.8259,32.6853],[-94.8222,32.694],[-94.814,32.6993],[-94.8189,32.7011],[-94.8178,32.7036],[-94.8232,32.703],[-94.822,32.7089],[-94.8267,32.7134],[-94.8402,32.7159],[-94.8424,32.7198],[-94.8501,32.7203],[-94.8498,32.7269],[-94.8587,32.728],[-94.867,32.734],[-94.8691,32.7465],[-94.8809,32.7488],[-94.8847,32.7555],[-94.8876,32.7556],[-94.8902,32.7646],[-94.888,32.7683],[-94.9051,32.7759],[-94.9084,32.7744],[-94.9087,32.7944],[-94.9127,32.8078],[-94.9042,32.8571],[-94.9059,32.8634],[-94.9565,32.8564],[-94.9746,32.8609],[-94.9796,32.8569],[-95.0076,32.8587],[-95.0134,32.8675],[-95.0353,32.8621],[-95.0349,32.859],[-95.025,32.859],[-95.0223,32.8328],[-95.0325,32.8352],[-95.0326,32.8292],[-95.0382,32.8289],[-95.0371,32.8084],[-95.032,32.805],[-95.0325,32.7997],[-95.0278,32.7986],[-95.022,32.7906],[-95.0303,32.7808],[-95.0302,32.7694],[-95.0338,32.7647],[-95.034,32.7513],[-95.0316,32.7504],[-95.0316,32.744],[-95.0255,32.7424],[-95.026,32.7394],[-95.0457,32.7199],[-95.0459,32.7125],[-95.05,32.7111],[-95.0548,32.7024],[-95.0719,32.6956],[-95.0734,32.6903],[-95.0956,32.6858],[-95.1169,32.6756],[-95.1246,32.6756],[-95.1271,32.681],[-95.1328,32.6815],[-95.1336,32.6724],[-95.1527,32.6609],[-95.1534,32.5701],[-95.1588,32.5654],[-95.1625,32.5543],[-95.1596,32.5505],[-95.1635,32.546],[-95.1682,32.5444],[-95.1758,32.5554],[-95.183,32.541],[-95.1898,32.5421],[-95.1891,32.5466],[-95.2063,32.5581],[-95.202,32.5644],[-95.2054,32.567],[-95.2031,32.5681],[-95.205,32.5724],[-95.2085,32.5686],[-95.2147,32.569],[-95.219,32.5631],[-95.2232,32.566],[-95.228,32.5603],[-95.2382,32.5606],[-95.2503,32.5777],[-95.2781,32.5716],[-95.2813,32.58],[-95.2905,32.581],[-95.2899,32.5854],[-95.2952,32.585],[-95.2996,32.5894],[-95.2977,32.5916],[-95.3061,32.5923],[-95.307,32.5967],[-95.3104,32.5932],[-95.319,32.5956],[-95.3312,32.6057],[-95.3442,32.6038],[-95.346,32.6093],[-95.3473,32.6051],[-95.358,32.6081],[-95.3638,32.6033],[-95.3747,32.603],[-95.3752,32.5974],[-95.3819,32.5985],[-95.3837,32.6022],[-95.3896,32.5989],[-95.3994,32.6064],[-95.4022,32.6062],[-95.4018,32.6034],[-95.4055,32.6038],[-95.4041,32.6067],[-95.4189,32.6053],[-95.4189,32.6089],[-95.4251,32.6072],[-95.4284,32.6103],[-95.432,32.6059],[-95.437,32.6089],[-95.4353,32.6122],[-95.4379,32.6102],[-95.4467,32.6137],[-95.4459,32.6087],[-95.4428,32.6077],[-95.4591,32.6057],[-95.461,32.6097],[-95.4691,32.6056],[-95.4672,32.6087],[-95.47,32.6095],[-95.4747,32.6061],[-95.4758,32.6113],[-95.5148,32.6229],[-95.5158,32.6256],[-95.5107,32.6269],[-95.5139,32.6312],[-95.5117,32.6328],[-95.5176,32.6337],[-95.5243,32.6437],[-95.5305,32.6476],[-95.5421,32.6469],[-95.5422,32.655],[-95.5649,32.6648],[-95.5636,32.6681],[-95.5674,32.6736],[-95.5719,32.6731],[-95.5709,32.6759],[-95.583,32.6742],[-95.5843,32.6819],[-95.5922,32.6825],[-95.5945,32.687],[-95.5943,32.4799],[-95.5729,32.4614],[-95.5627,32.4595],[-95.5609,32.4545],[-95.5528,32.4536],[-95.5517,32.4487],[-95.541,32.4394],[-95.5397,32.4334],[-95.5249,32.4255],[-95.5248,32.4212],[-95.517,32.4208],[-95.5069,32.4149],[-95.5016,32.4092],[-95.502,32.4017],[-95.4937,32.3895],[-95.4819,32.3826],[-95.471,32.3692],[-95.4628,32.3649],[-95.4565,32.3682],[-95.4491,32.3595],[-95.4476,32.3473],[-95.4526,32.3456],[-95.4531,32.3346],[-95.4587,32.3284],[-95.4557,32.325],[-95.4577,32.3191],[-95.4506,32.3144],[-95.4555,32.3115],[-95.4538,32.3058],[-95.447,32.2958],[-95.4515,32.2947],[-95.4513,32.2877],[-95.4573,32.2731],[-95.4699,32.2621],[-95.4676,32.2466],[-95.4817,32.2414],[-95.4816,32.2365],[-95.4868,32.2367],[-95.4887,32.2323],[-95.4785,32.2176],[-95.4789,32.2122],[-95.4701,32.2121],[-95.4679,32.2065],[-95.4705,32.2041],[-95.4625,32.2015],[-95.4644,32.191],[-95.4683,32.1905],[-95.4651,32.1838],[-95.4616,32.1829],[-95.4631,32.1798],[-95.471,32.1787],[-95.4694,32.1704],[-95.4738,32.1689],[-95.479,32.1587],[-95.4786,32.1472],[-95.4599,32.1356],[-95.4622,32.129],[-95.4573,32.1126],[-95.4523,32.1077],[-95.4471,32.1073],[-95.4403,32.0958],[-95.4316,32.0939],[-95.4285,32.0845],[-96.0528,32.0059],[-96.0556,32.0146],[-96.0508,32.0168],[-96.0616,32.025],[-96.0665,32.0378],[-96.064,32.0511],[-96.0668,32.0595],[-96.0623,32.0625],[-96.0689,32.0668],[-96.0668,32.0714],[-96.0702,32.0748],[-96.0625,32.0778],[-96.0657,32.0855],[-96.0821,32.0813],[-96.099,32.0816],[-96.1006,32.0775],[-96.1068,32.0754],[-96.1112,32.09],[-96.1177,32.0946],[-96.1169,32.1051],[-96.1115,32.1158],[-96.1147,32.1265],[-96.103,32.1409],[-96.1043,32.1524],[-96.1127,32.1568],[-96.1137,32.1609],[-96.1384,32.1514],[-96.1522,32.1584],[-96.1595,32.1549],[-96.1668,32.1583],[-96.1665,32.1661],[-96.1758,32.1682],[-96.1729,32.1707],[-96.1762,32.1818],[-96.1717,32.1853],[-96.1668,32.1828],[-96.1683,32.1869],[-96.1579,32.1913],[-96.1556,32.2004],[-96.1603,32.2006],[-96.1607,32.204],[-96.1478,32.207],[-96.1465,32.2117],[-96.1559,32.215],[-96.175,32.2068],[-96.1757,32.204],[-96.1907,32.2026],[-96.1971,32.2074],[-96.1942,32.2112],[-96.1961,32.2198],[-96.2007,32.2143],[-96.2091,32.2187],[-96.2111,32.2264],[-96.2161,32.2244],[-96.2173,32.2335],[-96.2287,32.2358],[-96.2361,32.2422],[-96.233,32.244],[-96.2351,32.2509],[-96.2544,32.2506],[-96.2509,32.2473],[-96.2566,32.2451],[-96.2677,32.2592],[-96.2728,32.2525],[-96.2777,32.2606],[-96.2823,32.2581],[-96.2806,32.2541],[-96.2851,32.2546],[-96.2849,32.2658],[-96.2902,32.2689],[-96.2847,32.2719],[-96.2838,32.2789],[-96.2882,32.2871],[-96.2937,32.29],[-96.2889,32.2932],[-96.3004,32.2942],[-96.2966,32.2982],[-96.2992,32.3014],[-96.3034,32.2973],[-96.3049,32.3022],[-96.3101,32.2983],[-96.3119,32.3028],[-96.3166,32.3003],[-96.3159,32.3028],[-96.3234,32.3063],[-96.3244,32.3031],[-96.331,32.3035],[-96.3454,32.309],[-96.3461,32.3131],[-96.3531,32.3117],[-96.3573,32.3159],[-96.3672,32.3177],[-96.3857,32.3322],[-96.3908,32.3339],[-96.4056,32.3277],[-96.4175,32.3355],[-96.4216,32.3323],[-96.4259,32.3362],[-96.4302,32.3322],[-96.4303,32.3389],[-96.4369,32.3414],[-96.4363,32.3454],[-96.4518,32.345],[-96.4546,32.3523],[-96.4493,32.351],[-96.4484,32.3545],[-96.4537,32.3572],[-96.4546,32.3615],[-96.45,32.3645],[-96.4538,32.3679],[-96.4517,32.3712],[-96.4477,32.3667],[-96.4484,32.3706],[-96.4437,32.3701],[-96.4486,32.376],[-96.4374,32.3786],[-96.439,32.3833],[-96.4356,32.3867],[-96.4389,32.3891],[-96.4345,32.3892],[-96.4398,32.4001],[-96.4343,32.4109],[-96.4503,32.4246],[-96.4568,32.4243],[-96.4774,32.4344],[-96.4842,32.4437],[-96.4843,32.4515],[-96.4982,32.4534],[-96.4935,32.4566],[-96.4928,32.4662],[-96.5012,32.47],[-96.5102,32.4819],[-96.5018,32.4882],[-96.5087,32.4919],[-96.5067,32.4976],[-96.5031,32.4937],[-96.5005,32.4955],[-96.5047,32.5018],[-96.5089,32.5016],[-96.5133,32.5121],[-96.5019,32.5119],[-96.5076,32.5175],[-96.5051,32.518],[-96.5033,32.5266],[-96.5094,32.5265],[-96.5104,32.5303],[-96.5073,32.5327],[-96.513,32.5365],[-96.5155,32.532],[-96.5197,32.5318],[-96.5243,32.537],[-96.5238,32.5412],[-96.529,32.5401],[-96.53,32.5458],[-96.5417,32.546],[-96.5506,32.5544],[-96.5582,32.5529],[-96.5667,32.5664],[-96.5751,32.5694],[-96.5731,32.5776],[-96.5819,32.5782],[-96.5888,32.606],[-96.5983,32.6049],[-96.5994,32.6079],[-96.5953,32.6113],[-96.6027,32.6086],[-96.6075,32.6128],[-96.6172,32.6122],[-96.6222,32.6177],[-96.6134,32.6272],[-96.6084,32.6274],[-96.5964,32.6372],[-96.5821,32.6524],[-96.5946,32.661],[-96.5883,32.6661],[-96.598,32.6709],[-96.5954,32.6731],[-96.5884,32.6698],[-96.5747,32.6809],[-96.5629,32.6811],[-96.5566,32.6875],[-96.5585,32.6891],[-96.5553,32.6921],[-96.563,32.7012],[-96.5736,32.7019],[-96.5849,32.7118],[-96.5592,32.7349],[-96.5644,32.7394],[-96.5712,32.7375],[-96.5817,32.7455],[-96.5988,32.7439],[-96.6064,32.7468],[-96.612,32.746],[-96.6122,32.7425],[-96.6174,32.7559],[-96.6052,32.7559],[-96.6052,32.7614],[-96.6024,32.7627],[-96.6043,32.7667],[-96.5972,32.7641],[-96.5972,32.7673],[-96.6287,32.7737],[-96.6299,32.7681],[-96.6467,32.7683],[-96.6459,32.781],[-96.6554,32.7895],[-96.6558,32.7932],[-96.6746,32.8004]]]}},{"id":"11","type":"Feature","properties":{"district":"06","name":"Congressional District 6"},"geometry":{"type":"Polygon","coordinates":[[[-97.4971,32.1343],[-97.4941,32.1396],[-97.4692,32.1483],[-97.4566,32.1638],[-97.4613,32.1719],[-97.4761,32.1735],[-97.4718,32.1755],[-97.476,32.1817],[-97.2705,32.2268],[-97.2859,32.2515],[-97.2874,32.2595],[-97.283,32.2616],[-97.2866,32.267],[-97.2833,32.2688],[-97.2841,32.2733],[-97.2958,32.2906],[-97.2935,32.2922],[-97.2972,32.2976],[-97.2824,32.3027],[-97.281,32.3081],[-97.2694,32.3138],[-97.2812,32.3197],[-97.2755,32.3226],[-97.2762,32.3264],[-97.2992,32.3592],[-97.2935,32.3659],[-97.3058,32.3841],[-97.3059,32.3886],[-97.2969,32.389],[-97.296,32.3916],[-97.2967,32.4344],[-97.2823,32.4361],[-97.2999,32.4531],[-97.2928,32.4529],[-97.2651,32.4648],[-97.2694,32.4702],[-97.2654,32.4671],[-97.2598,32.4696],[-97.2569,32.4652],[-97.2396,32.4731],[-97.2533,32.4963],[-97.2606,32.5161],[-97.2425,32.5264],[-97.2439,32.5293],[-97.2365,32.5327],[-97.2377,32.5348],[-97.2228,32.5417],[-97.2282,32.5438],[-97.2328,32.5515],[-97.177,32.5506],[-97.1741,32.5621],[-97.1637,32.5651],[-97.1892,32.5779],[-97.1605,32.5914],[-97.1505,32.5918],[-97.1424,32.6111],[-97.1255,32.6109],[-97.1201,32.6136],[-97.1164,32.6082],[-97.1,32.6162],[-97.0985,32.6233],[-97.0871,32.6286],[-97.088,32.6413],[-97.0751,32.6412],[-97.0776,32.658],[-97.0906,32.6627],[-97.0978,32.6917],[-97.115,32.691],[-97.1147,32.7082],[-97.1233,32.7089],[-97.1233,32.7212],[-97.1029,32.7211],[-97.1057,32.7301],[-97.0974,32.7321],[-97.0974,32.7389],[-97.0835,32.7416],[-97.0811,32.7499],[-97.0627,32.749],[-97.0633,32.7598],[-97.0352,32.7597],[-97.0342,32.8167],[-97.0038,32.8173],[-97.0044,32.8275],[-96.9999,32.8282],[-97.0096,32.8331],[-97.0096,32.8371],[-97.0034,32.8371],[-97.0065,32.8398],[-97.0013,32.8454],[-97.0016,32.8569],[-96.9752,32.8555],[-96.9773,32.8663],[-96.9716,32.8689],[-96.9681,32.8781],[-96.9632,32.8772],[-96.9642,32.8851],[-96.9559,32.8868],[-96.9626,32.8905],[-96.9589,32.896],[-96.9115,32.8957],[-96.909,32.9079],[-96.8981,32.9082],[-96.9005,32.8648],[-96.8809,32.8615],[-96.8792,32.8651],[-96.8777,32.8583],[-96.8932,32.8478],[-96.8888,32.8475],[-96.8897,32.8317],[-96.9057,32.8162],[-96.9041,32.8049],[-96.909,32.8013],[-96.917,32.8012],[-96.9169,32.8143],[-96.9257,32.8176],[-96.9259,32.823],[-96.9325,32.8231],[-96.9336,32.8296],[-96.9303,32.8296],[-96.9303,32.8366],[-96.9472,32.837],[-96.948,32.8294],[-96.9512,32.8295],[-96.9499,32.8149],[-96.9635,32.8153],[-96.9633,32.8087],[-96.9403,32.8086],[-96.9403,32.8049],[-96.9346,32.801],[-96.9218,32.8012],[-96.9207,32.7939],[-96.9346,32.7939],[-96.9341,32.7865],[-96.9278,32.783],[-96.9189,32.7857],[-96.9521,32.7745],[-96.9506,32.7788],[-96.9546,32.7785],[-96.9579,32.7719],[-96.9599,32.7831],[-96.977,32.7831],[-96.9775,32.7778],[-96.9945,32.7778],[-96.9981,32.7423],[-96.9927,32.7423],[-96.9903,32.7385],[-96.9944,32.7354],[-96.993,32.7323],[-97.0001,32.7358],[-96.999,32.7322],[-97.0059,32.7319],[-97.0072,32.7286],[-97.0192,32.7288],[-97.02,32.7411],[-97.046,32.7396],[-97.0626,32.7357],[-97.0627,32.7208],[-97.0717,32.7209],[-97.0718,32.7157],[-97.0803,32.7163],[-97.0805,32.7061],[-97.072,32.7038],[-97.0721,32.6952],[-97.0806,32.6971],[-97.0803,32.6777],[-97.0628,32.6775],[-97.0623,32.6514],[-97.0658,32.6334],[-97.0703,32.627],[-97.0451,32.5924],[-97.0616,32.5853],[-97.0535,32.5736],[-97.0534,32.5637],[-97.0468,32.56],[-97.0539,32.5556],[-97.055,32.5506],[-96.8346,32.5462],[-96.5297,32.5453],[-96.529,32.5401],[-96.5238,32.5412],[-96.5243,32.537],[-96.5195,32.5316],[-96.5117,32.536],[-96.5072,32.5322],[-96.5104,32.5303],[-96.5094,32.5265],[-96.503,32.526],[-96.5076,32.5175],[-96.5015,32.5127],[-96.5132,32.5116],[-96.5089,32.5016],[-96.5047,32.5018],[-96.5005,32.4955],[-96.5031,32.4937],[-96.5067,32.4976],[-96.5087,32.4919],[-96.5018,32.4882],[-96.5102,32.482],[-96.5012,32.47],[-96.4927,32.4657],[-96.4935,32.4566],[-96.4982,32.4534],[-96.4843,32.4515],[-96.4842,32.4437],[-96.4774,32.4344],[-96.4568,32.4243],[-96.4503,32.4246],[-96.4343,32.4109],[-96.4398,32.4001],[-96.4345,32.3892],[-96.4389,32.3891],[-96.4356,32.3867],[-96.439,32.3833],[-96.4374,32.3786],[-96.4486,32.376],[-96.4437,32.3701],[-96.4484,32.3706],[-96.4477,32.3667],[-96.4517,32.3712],[-96.4538,32.3679],[-96.45,32.3645],[-96.4546,32.3615],[-96.4537,32.3572],[-96.4484,32.3545],[-96.4493,32.351],[-96.4546,32.3523],[-96.4518,32.345],[-96.4363,32.3454],[-96.4369,32.3414],[-96.4303,32.3389],[-96.4302,32.3322],[-96.4259,32.3362],[-96.4216,32.3323],[-96.4175,32.3355],[-96.4056,32.3277],[-96.3908,32.3339],[-96.3857,32.3322],[-96.3672,32.3177],[-96.3573,32.3159],[-96.3531,32.3117],[-96.3461,32.3131],[-96.3454,32.309],[-96.331,32.3035],[-96.3244,32.3031],[-96.3234,32.3063],[-96.3159,32.3028],[-96.3166,32.3003],[-96.3119,32.3028],[-96.3101,32.2983],[-96.3049,32.3022],[-96.3034,32.2973],[-96.2992,32.3014],[-96.2966,32.2982],[-96.3004,32.2942],[-96.2889,32.2932],[-96.2937,32.29],[-96.2882,32.2871],[-96.2838,32.2789],[-96.2847,32.2719],[-96.2902,32.2689],[-96.2849,32.2658],[-96.2851,32.2546],[-96.2806,32.2541],[-96.2823,32.2581],[-96.2777,32.2606],[-96.2728,32.2525],[-96.2677,32.2592],[-96.2566,32.2451],[-96.2509,32.2473],[-96.2544,32.2506],[-96.2351,32.2509],[-96.233,32.244],[-96.2361,32.2422],[-96.2287,32.2358],[-96.2173,32.2335],[-96.2161,32.2244],[-96.2111,32.2264],[-96.2091,32.2187],[-96.2007,32.2143],[-96.1961,32.2198],[-96.1942,32.2112],[-96.1971,32.2074],[-96.1907,32.2026],[-96.1757,32.204],[-96.175,32.2068],[-96.1559,32.215],[-96.1465,32.2117],[-96.1478,32.207],[-96.1607,32.204],[-96.1603,32.2006],[-96.1556,32.2004],[-96.1579,32.1913],[-96.1683,32.1869],[-96.1668,32.1828],[-96.1717,32.1853],[-96.1762,32.1818],[-96.1729,32.1707],[-96.1758,32.1682],[-96.1665,32.1661],[-96.1668,32.1583],[-96.1595,32.1549],[-96.1522,32.1584],[-96.1384,32.1514],[-96.1137,32.1609],[-96.1127,32.1568],[-96.1043,32.1524],[-96.103,32.1409],[-96.1147,32.1265],[-96.1115,32.1158],[-96.1169,32.1051],[-96.1177,32.0946],[-96.1112,32.09],[-96.1068,32.0754],[-96.1006,32.0775],[-96.099,32.0816],[-96.0821,32.0813],[-96.0657,32.0855],[-96.0625,32.0778],[-96.0702,32.0748],[-96.0668,32.0714],[-96.0689,32.0668],[-96.0623,32.0625],[-96.0668,32.0595],[-96.064,32.0511],[-96.0665,32.0378],[-96.0616,32.025],[-96.0508,32.0168],[-96.0556,32.0146],[-96.0528,32.0059],[-95.4285,32.0845],[-95.4316,32.0939],[-95.4403,32.0958],[-95.4471,32.1073],[-95.4523,32.1077],[-95.4573,32.1126],[-95.4622,32.129],[-95.4599,32.1356],[-94.9853,32.138],[-94.985,31.8462],[-94.9375,31.8456],[-94.9379,31.8415],[-94.9353,31.8421],[-94.937,31.8359],[-94.9346,31.8346],[-94.9406,31.827],[-94.9418,31.829],[-94.9453,31.8253],[-94.9483,31.8263],[-94.9423,31.8178],[-94.9467,31.8071],[-94.9543,31.8055],[-94.9518,31.801],[-94.9557,31.8005],[-94.9539,31.797],[-94.9704,31.7968],[-94.9782,31.7934],[-94.9749,31.782],[-94.9586,31.7788],[-94.9514,31.7691],[-94.9493,31.7746],[-94.948,31.7714],[-94.9386,31.7722],[-94.9293,31.7665],[-94.9261,31.7603],[-94.9302,31.7551],[-94.9381,31.7567],[-94.9438,31.7524],[-94.9673,31.7541],[-94.9728,31.7376],[-94.9651,31.7365],[-94.9582,31.724],[-94.9544,31.7232],[-94.9587,31.7165],[-94.9629,31.7156],[-94.9597,31.7089],[-94.9641,31.704],[-94.96,31.6988],[-94.9658,31.6984],[-94.9652,31.6939],[-94.9591,31.6854],[-94.9571,31.6868],[-94.9553,31.681],[-94.9507,31.6799],[-94.9546,31.6764],[-94.9529,31.6729],[-94.9571,31.6705],[-94.9519,31.6705],[-94.9522,31.6596],[-94.9484,31.6572],[-94.9488,31.6529],[-94.9526,31.6522],[-94.9483,31.6482],[-94.952,31.6471],[-94.9542,31.6397],[-94.9506,31.64],[-94.9492,31.6364],[-94.9418,31.6384],[-94.9391,31.6302],[-94.9414,31.627],[-94.933,31.6215],[-94.9306,31.6119],[-94.9261,31.6098],[-94.9251,31.604],[-94.9284,31.5984],[-94.9249,31.5903],[-94.9192,31.5872],[-94.9249,31.5829],[-94.9242,31.5795],[-94.9127,31.569],[-94.8917,31.5779],[-94.8896,31.5663],[-94.9006,31.5526],[-94.8933,31.5498],[-94.8961,31.5457],[-94.894,31.5412],[-94.8844,31.5409],[-94.8837,31.5294],[-94.8659,31.5269],[-95.0033,31.4257],[-95.0071,31.4332],[-95.0121,31.4356],[-95.0052,31.4399],[-95.0073,31.4446],[-95.0165,31.4457],[-95.0237,31.4426],[-95.0319,31.4456],[-95.031,31.4434],[-95.0353,31.4435],[-95.0392,31.4467],[-95.0452,31.4451],[-95.0517,31.4531],[-95.0522,31.459],[-95.0647,31.4713],[-95.0691,31.4704],[-95.0664,31.4701],[-95.0673,31.4663],[-95.0723,31.4635],[-95.0806,31.4699],[-95.0883,31.466],[-95.0924,31.4694],[-95.1007,31.4683],[-95.1011,31.4714],[-95.0974,31.4745],[-95.0978,31.4764],[-95.1035,31.4744],[-95.1062,31.4829],[-95.1111,31.4838],[-95.1056,31.4947],[-95.101,31.496],[-95.0983,31.4934],[-95.0978,31.4984],[-95.0944,31.4987],[-95.0941,31.5039],[-95.0983,31.5044],[-95.1007,31.5088],[-95.0966,31.5095],[-95.0999,31.5118],[-95.1,31.5189],[-95.1205,31.5347],[-95.1237,31.5311],[-95.1264,31.5383],[-95.1434,31.5396],[-95.1473,31.5538],[-95.1397,31.563],[-95.1474,31.5632],[-95.151,31.5659],[-95.1497,31.5696],[-95.1616,31.5732],[-95.1622,31.5777],[-95.1707,31.5809],[-95.1685,31.5837],[-95.1723,31.585],[-95.1917,31.5771],[-95.1926,31.5733],[-95.2027,31.5734],[-95.2085,31.5702],[-95.2088,31.5731],[-95.226,31.5774],[-95.2316,31.577],[-95.2283,31.5754],[-95.2302,31.5735],[-95.2398,31.5767],[-95.2552,31.5748],[-95.2732,31.5929],[-95.4932,31.5649],[-95.6518,31.5418],[-95.6472,31.527],[-95.7393,31.5041],[-95.7339,31.5084],[-95.737,31.5185],[-95.7586,31.5341],[-95.7509,31.5407],[-95.7541,31.546],[-95.7511,31.552],[-95.7426,31.5542],[-95.7304,31.5512],[-95.7239,31.5558],[-95.7157,31.554],[-95.717,31.5678],[-95.7222,31.5697],[-95.7182,31.5732],[-95.7295,31.5835],[-95.7219,31.5863],[-95.7199,31.5928],[-95.7159,31.5941],[-95.71,31.6147],[-95.7185,31.6324],[-95.736,31.654],[-95.7566,31.646],[-95.7487,31.6177],[-95.7533,31.6137],[-95.7533,31.6069],[-95.7681,31.5974],[-95.78,31.6043],[-95.7852,31.6114],[-95.7882,31.6265],[-95.7964,31.6301],[-95.7897,31.6488],[-95.8471,31.6474],[-95.9553,31.671],[-95.9533,31.6549],[-95.9638,31.6451],[-95.9668,31.638],[-95.9701,31.6431],[-95.9741,31.6408],[-95.9772,31.645],[-95.9871,31.639],[-95.9896,31.6412],[-95.9927,31.6357],[-96.0145,31.6226],[-96.014,31.619],[-96.0185,31.6251],[-96.0213,31.6241],[-96.0255,31.6327],[-96.0454,31.6369],[-96.0542,31.6439],[-96.0633,31.6416],[-96.0695,31.6464],[-96.0881,31.6454],[-96.1067,31.6529],[-96.1149,31.6462],[-96.1259,31.6505],[-96.1289,31.6475],[-96.1356,31.6505],[-96.1482,31.6502],[-96.1567,31.6466],[-96.1654,31.6515],[-96.1748,31.6441],[-96.1885,31.6461],[-96.1947,31.6508],[-96.2472,31.6539],[-96.2588,31.6411],[-96.2745,31.6443],[-96.2747,31.6411],[-96.281,31.6413],[-96.2806,31.6477],[-96.3015,31.6583],[-96.3247,31.6877],[-96.3327,31.7182],[-96.3327,31.7408],[-96.3607,31.7391],[-96.3611,31.7419],[-96.3729,31.7419],[-96.374,31.7658],[-96.419,31.7822],[-96.4316,31.7668],[-96.4492,31.7796],[-96.4581,31.7786],[-96.456,31.766],[-96.4625,31.7722],[-96.4783,31.7695],[-96.4968,31.7962],[-96.7191,31.8149],[-96.9322,31.7089],[-97.0373,31.8631],[-97.2773,31.7455],[-97.3103,31.7616],[-97.3237,31.7783],[-97.3265,31.7884],[-97.281,31.8243],[-97.2767,31.8335],[-97.2795,31.8413],[-97.3037,31.8484],[-97.3291,31.8419],[-97.3524,31.8599],[-97.3828,31.8708],[-97.3855,31.8786],[-97.3818,31.8843],[-97.3662,31.8849],[-97.3594,31.8896],[-97.3983,31.9098],[-97.4094,31.9083],[-97.4227,31.9232],[-97.4395,31.9298],[-97.4388,31.9335],[-97.427,31.9426],[-97.4042,31.9537],[-97.3841,31.969],[-97.3773,31.9795],[-97.3813,31.9856],[-97.4056,31.9876],[-97.4218,32.0048],[-97.4264,32.0286],[-97.4337,32.0265],[-97.442,32.0144],[-97.4477,32.0125],[-97.4749,32.0101],[-97.486,32.0176],[-97.4857,32.0429],[-97.4921,32.0597],[-97.4707,32.0867],[-97.4699,32.0916],[-97.4862,32.1117],[-97.4971,32.1343]]]}},{"id":"12","type":"Feature","properties":{"district":"28","name":"Congressional District 28"},"geometry":{"type":"Polygon","coordinates":[[[-100.2122,28.1968],[-99.3942,28.2046],[-99.3889,28.0304],[-99.0003,28.0505],[-98.8033,28.0575],[-98.8001,28.2009],[-98.8048,29.2507],[-98.484,29.1407],[-98.4725,29.254],[-98.4747,29.2527],[-98.4758,29.2575],[-98.4783,29.255],[-98.4824,29.2594],[-98.4877,29.2591],[-98.4861,29.2656],[-98.4907,29.264],[-98.5,29.2798],[-98.5028,29.2904],[-98.5012,29.3324],[-98.5038,29.3324],[-98.504,29.3657],[-98.4861,29.3689],[-98.4923,29.392],[-98.4852,29.4025],[-98.4811,29.4023],[-98.4798,29.4092],[-98.4805,29.419],[-98.4878,29.423],[-98.4872,29.4287],[-98.4852,29.4304],[-98.4703,29.4251],[-98.3894,29.4234],[-98.3902,29.4359],[-98.2237,29.4881],[-98.2462,29.5237],[-98.2885,29.5038],[-98.288,29.513],[-98.3013,29.5342],[-98.3127,29.5162],[-98.3338,29.5109],[-98.3336,29.5139],[-98.3458,29.517],[-98.3458,29.5252],[-98.3529,29.5304],[-98.3371,29.5386],[-98.3484,29.5552],[-98.3221,29.5767],[-98.3041,29.5847],[-98.3117,29.5901],[-98.3109,29.5945],[-98.2019,29.6363],[-98.0913,29.6831],[-98.0932,29.6723],[-98.0905,29.6689],[-98.0799,29.6712],[-98.0784,29.6792],[-98.0721,29.683],[-98.0639,29.6761],[-98.0639,29.6716],[-98.0701,29.6692],[-98.0706,29.6601],[-98.0658,29.6535],[-98.0576,29.6502],[-98.0563,29.6401],[-98.0446,29.6386],[-98.0461,29.6284],[-98.0499,29.6254],[-98.0488,29.6188],[-98.0315,29.6229],[-98.0274,29.6209],[-98.0303,29.6028],[-98.044,29.5961],[-98.0333,29.587],[-98.0366,29.5763],[-98.0239,29.5666],[-98.0436,29.5503],[-98.0723,29.5406],[-98.043,29.487],[-98.0452,29.4832],[-98.0593,29.4699],[-98.0735,29.4655],[-98.0736,29.4377],[-98.0803,29.4344],[-98.0848,29.4411],[-98.0931,29.4428],[-98.1027,29.4543],[-98.1071,29.443],[-98.1221,29.4354],[-98.1252,29.4401],[-98.1221,29.4418],[-98.1225,29.446],[-98.1372,29.4404],[-98.4073,29.1144],[-98.0983,28.7869],[-98.335,28.6127],[-98.3343,28.0578],[-98.2355,28.058],[-98.2325,27.2625],[-98.5366,27.2652],[-98.5311,27.2544],[-98.5223,27.2541],[-98.5192,27.2502],[-98.5124,27.2512],[-98.5062,27.2387],[-98.4929,27.235],[-98.4929,27.1421],[-98.4673,27.142],[-98.4665,27.0547],[-98.4179,27.0553],[-98.4226,26.7835],[-98.3207,26.7831],[-98.3968,26.6253],[-98.4858,26.4578],[-98.5864,26.2578],[-98.598,26.258],[-98.6116,26.2533],[-98.6167,26.2464],[-98.6237,26.2598],[-98.6322,26.2522],[-98.6343,26.2425],[-98.6552,26.2359],[-98.6676,26.2358],[-98.6785,26.2443],[-98.6777,26.2566],[-98.6807,26.2626],[-98.7199,26.2726],[-98.7173,26.278],[-98.701,26.278],[-98.7025,26.287],[-98.7094,26.2892],[-98.7162,26.2862],[-98.7278,26.2988],[-98.7426,26.2942],[-98.751,26.2963],[-98.7561,26.3042],[-98.7542,26.3079],[-98.7404,26.3028],[-98.7362,26.3092],[-98.7385,26.3137],[-98.7458,26.3168],[-98.7511,26.3316],[-98.7713,26.3251],[-98.789,26.3304],[-98.7883,26.3383],[-98.7963,26.3491],[-98.7982,26.3602],[-98.8066,26.3691],[-98.814,26.3663],[-98.8246,26.3708],[-98.8441,26.3587],[-98.8534,26.365],[-98.8619,26.366],[-98.8967,26.3533],[-98.9009,26.3594],[-98.9017,26.3712],[-98.9174,26.3745],[-98.9234,26.3814],[-98.9259,26.3944],[-98.9356,26.385],[-98.9362,26.3715],[-98.9467,26.37],[-98.9561,26.3776],[-98.9534,26.3929],[-98.9619,26.3984],[-98.9752,26.4011],[-98.9891,26.3917],[-99.0106,26.3921],[-99.0219,26.4079],[-99.0371,26.4136],[-99.0621,26.3974],[-99.082,26.3967],[-99.0894,26.4081],[-99.1109,26.4263],[-99.1138,26.434],[-99.1024,26.4427],[-99.1004,26.4587],[-99.0916,26.4771],[-99.1049,26.5004],[-99.1278,26.5252],[-99.1667,26.5361],[-99.1712,26.542],[-99.1674,26.56],[-99.1781,26.6205],[-99.2005,26.6564],[-99.2099,26.6939],[-99.2089,26.7248],[-99.24,26.7459],[-99.2424,26.7883],[-99.2622,26.8157],[-99.2686,26.8432],[-99.2805,26.8581],[-99.2951,26.8654],[-99.3168,26.8658],[-99.3289,26.8798],[-99.3218,26.9068],[-99.3247,26.916],[-99.3373,26.9228],[-99.3791,26.9345],[-99.3883,26.9442],[-99.3937,26.9607],[-99.3902,26.9663],[-99.3773,26.9738],[-99.3766,26.9777],[-99.3874,26.9824],[-99.4037,26.9974],[-99.4085,27.0095],[-99.4155,27.0172],[-99.4322,27.0107],[-99.4461,27.023],[-99.444,27.0365],[-99.4523,27.0627],[-99.4503,27.0677],[-99.4345,27.0785],[-99.4292,27.091],[-99.4421,27.1069],[-99.4306,27.1266],[-99.4314,27.1376],[-99.44,27.1511],[-99.43,27.1591],[-99.4263,27.1763],[-99.4326,27.2097],[-99.4452,27.2233],[-99.4415,27.2499],[-99.4524,27.264],[-99.4615,27.2682],[-99.4812,27.2598],[-99.4891,27.2615],[-99.4967,27.2724],[-99.4876,27.2896],[-99.492,27.3007],[-99.501,27.306],[-99.5285,27.3054],[-99.538,27.317],[-99.5314,27.3238],[-99.5189,27.3263],[-99.5046,27.3387],[-99.5078,27.3542],[-99.4991,27.3731],[-99.4921,27.3805],[-99.4927,27.392],[-99.4875,27.4116],[-99.4957,27.4389],[-99.4951,27.4515],[-99.4854,27.4641],[-99.4793,27.4786],[-99.4813,27.4885],[-99.4968,27.5001],[-99.5199,27.4968],[-99.5284,27.4986],[-99.5219,27.5441],[-99.5188,27.5532],[-99.514,27.5568],[-99.5121,27.5683],[-99.5297,27.5798],[-99.5397,27.6033],[-99.5549,27.6145],[-99.5612,27.6076],[-99.5786,27.6023],[-99.5848,27.6039],[-99.5772,27.6113],[-99.5776,27.6186],[-99.5914,27.6275],[-99.5962,27.6399],[-99.6035,27.642],[-99.6161,27.6377],[-99.6243,27.644],[-99.6271,27.6408],[-99.6232,27.6346],[-99.6251,27.6314],[-99.6389,27.6268],[-99.6589,27.6311],[-99.6661,27.6361],[-99.6583,27.6502],[-99.6689,27.66],[-99.6858,27.661],[-99.6902,27.6689],[-99.6971,27.6625],[-99.6994,27.6554],[-99.7115,27.6584],[-99.7215,27.6662],[-99.7324,27.6854],[-99.7576,27.7121],[-99.7616,27.7221],[-99.7707,27.7321],[-99.7888,27.7307],[-99.7963,27.7356],[-99.8017,27.7418],[-99.8131,27.774],[-99.8191,27.776],[-99.826,27.7643],[-99.8388,27.7642],[-99.843,27.7685],[-99.8509,27.794],[-99.8701,27.7946],[-99.8768,27.7978],[-99.8738,27.813],[-99.8779,27.8254],[-99.8772,27.8422],[-99.882,27.8504],[-99.9015,27.8642],[-99.9044,27.8753],[-99.8941,27.8929],[-99.8935,27.8992],[-99.9001,27.9121],[-99.9175,27.918],[-99.926,27.9275],[-99.9241,27.9314],[-99.9266,27.9357],[-99.9371,27.9405],[-99.9385,27.9541],[-99.9322,27.9677],[-99.9318,27.981],[-99.9628,27.9835],[-99.9914,27.9946],[-100.0086,28.024],[-100.0179,28.0648],[-100.0531,28.0847],[-100.057,28.0942],[-100.0565,28.1042],[-100.0755,28.1249],[-100.0843,28.1448],[-100.1196,28.1556],[-100.1411,28.1681],[-100.1606,28.1682],[-100.1857,28.1858],[-100.1965,28.1902],[-100.2081,28.1904],[-100.2122,28.1968]]]}},{"id":"13","type":"Feature","properties":{"district":"07","name":"Congressional District 7"},"geometry":{"type":"Polygon","coordinates":[[[-95.7755,29.7006],[-95.691,29.7074],[-95.6572,29.7303],[-95.647,29.7461],[-95.6466,29.7556],[-95.6253,29.7549],[-95.6252,29.7653],[-95.6213,29.7714],[-95.6185,29.7637],[-95.6121,29.7606],[-95.6062,29.7619],[-95.6041,29.7445],[-95.5886,29.7436],[-95.5854,29.751],[-95.5894,29.7599],[-95.5848,29.7657],[-95.5784,29.767],[-95.5697,29.7621],[-95.5583,29.7622],[-95.5577,29.7369],[-95.5389,29.7371],[-95.5384,29.7475],[-95.5292,29.7458],[-95.5226,29.7482],[-95.5184,29.7427],[-95.5126,29.7437],[-95.5068,29.7471],[-95.5047,29.7526],[-95.5011,29.7529],[-95.5009,29.7375],[-95.4742,29.7379],[-95.4743,29.745],[-95.4708,29.7451],[-95.4709,29.7485],[-95.4586,29.7499],[-95.4566,29.7477],[-95.4604,29.729],[-95.4479,29.73],[-95.4482,29.7416],[-95.4107,29.7426],[-95.4094,29.7668],[-95.4216,29.7628],[-95.4218,29.771],[-95.4288,29.7774],[-95.454,29.7808],[-95.4498,29.8017],[-95.4557,29.8076],[-95.449,29.8042],[-95.4444,29.8106],[-95.4265,29.8017],[-95.4224,29.8057],[-95.4102,29.8068],[-95.4097,29.7833],[-95.3975,29.7834],[-95.3973,29.7696],[-95.3909,29.7689],[-95.3913,29.7626],[-95.3857,29.7617],[-95.3857,29.752],[-95.3786,29.7521],[-95.3746,29.7578],[-95.3709,29.7493],[-95.4121,29.6973],[-95.425,29.6969],[-95.4294,29.6915],[-95.4422,29.6909],[-95.4557,29.6813],[-95.4852,29.6752],[-95.4932,29.6782],[-95.4933,29.7108],[-95.5028,29.7131],[-95.5127,29.7042],[-95.5574,29.7045],[-95.5572,29.6953],[-95.5711,29.6961],[-95.5703,29.6884],[-95.6043,29.6889],[-95.6034,29.6814],[-95.6106,29.6832],[-95.6143,29.6754],[-95.6231,29.6753],[-95.5971,29.6605],[-95.6192,29.662],[-95.619,29.6493],[-95.6351,29.6445],[-95.6393,29.6465],[-95.6413,29.6388],[-95.6369,29.6367],[-95.6465,29.6266],[-95.6508,29.6273],[-95.6492,29.6135],[-95.6339,29.6028],[-95.629,29.6038],[-95.6284,29.6108],[-95.6236,29.6083],[-95.6189,29.6106],[-95.619,29.6021],[-95.6137,29.6072],[-95.6068,29.6006],[-95.6163,29.5963],[-95.6225,29.5986],[-95.6349,29.5894],[-95.631,29.5842],[-95.6254,29.5872],[-95.6205,29.585],[-95.6389,29.5749],[-95.6384,29.5635],[-95.6182,29.5638],[-95.6176,29.5428],[-95.6217,29.5387],[-95.6299,29.5469],[-95.6442,29.5516],[-95.6453,29.5605],[-95.6647,29.5645],[-95.6683,29.5683],[-95.6904,29.5616],[-95.7027,29.5376],[-95.7377,29.5422],[-95.7469,29.5463],[-95.7411,29.5492],[-95.7521,29.5599],[-95.7461,29.5689],[-95.749,29.5703],[-95.7359,29.5797],[-95.7313,29.5895],[-95.7227,29.5893],[-95.7182,29.572],[-95.7084,29.5739],[-95.7158,29.5812],[-95.7142,29.6263],[-95.7045,29.6262],[-95.6839,29.6166],[-95.6802,29.6407],[-95.6818,29.6458],[-95.6945,29.6457],[-95.6947,29.6373],[-95.7001,29.6395],[-95.7047,29.6374],[-95.7148,29.6574],[-95.715,29.6651],[-95.7444,29.6646],[-95.7659,29.6816],[-95.7755,29.7006]]]}},{"id":"14","type":"Feature","properties":{"district":"29","name":"Congressional District 29"},"geometry":{"type":"Polygon","coordinates":[[[-95.4833,29.9374],[-95.46,29.9375],[-95.4664,29.9458],[-95.465,29.9647],[-95.4191,29.9657],[-95.4184,29.9569],[-95.4078,29.9534],[-95.3972,29.9452],[-95.3898,29.9453],[-95.3859,29.9493],[-95.3722,29.9493],[-95.3592,29.9402],[-95.3497,29.939],[-95.296,29.94],[-95.2846,29.9657],[-95.2718,29.9651],[-95.2682,29.9545],[-95.248,29.962],[-95.2495,29.9342],[-95.2116,29.9342],[-95.2017,29.9279],[-95.203,29.8905],[-95.1872,29.8708],[-95.1849,29.8432],[-95.1757,29.8333],[-95.1434,29.8463],[-95.1433,29.8385],[-95.1276,29.8354],[-95.1272,29.8205],[-95.1428,29.8154],[-95.1406,29.7932],[-95.1443,29.7923],[-95.1441,29.7889],[-95.159,29.7906],[-95.1537,29.7838],[-95.1581,29.7734],[-95.1488,29.7717],[-95.1557,29.7687],[-95.1728,29.7703],[-95.1727,29.7674],[-95.1901,29.7693],[-95.1882,29.7644],[-95.1914,29.7583],[-95.1836,29.7609],[-95.1761,29.7535],[-95.165,29.7516],[-95.1689,29.7469],[-95.173,29.7469],[-95.1711,29.6937],[-95.173,29.6947],[-95.1726,29.6886],[-95.1643,29.6887],[-95.1641,29.6814],[-95.1725,29.6822],[-95.1727,29.6749],[-95.193,29.6787],[-95.1935,29.6589],[-95.2025,29.6588],[-95.2025,29.6541],[-95.2081,29.655],[-95.208,29.651],[-95.2187,29.6491],[-95.2145,29.6445],[-95.2079,29.6471],[-95.211,29.637],[-95.1853,29.6095],[-95.1978,29.5989],[-95.1906,29.5915],[-95.199,29.586],[-95.2041,29.593],[-95.2078,29.5896],[-95.2113,29.5915],[-95.218,29.607],[-95.221,29.6051],[-95.2279,29.609],[-95.2283,29.6056],[-95.2326,29.6045],[-95.2388,29.6105],[-95.2503,29.5983],[-95.2449,29.5941],[-95.2547,29.5853],[-95.266,29.5946],[-95.288,29.5983],[-95.2974,29.5965],[-95.3047,29.6209],[-95.2853,29.6208],[-95.2821,29.6189],[-95.2821,29.6117],[-95.2777,29.6117],[-95.2785,29.6317],[-95.2713,29.6318],[-95.2759,29.6344],[-95.2646,29.6325],[-95.2648,29.6432],[-95.2471,29.6454],[-95.2446,29.6418],[-95.2435,29.6408],[-95.2643,29.672],[-95.2915,29.6996],[-95.3107,29.7122],[-95.3134,29.7089],[-95.3091,29.7064],[-95.3267,29.6955],[-95.3402,29.7365],[-95.3442,29.7367],[-95.3289,29.7598],[-95.32,29.7561],[-95.3125,29.7653],[-95.3119,29.7874],[-95.2884,29.7882],[-95.2882,29.7808],[-95.284,29.7819],[-95.2838,29.7679],[-95.2783,29.7667],[-95.2811,29.7486],[-95.2538,29.7304],[-95.2543,29.7575],[-95.2517,29.7599],[-95.2559,29.7599],[-95.2561,29.7682],[-95.2511,29.7675],[-95.2513,29.7733],[-95.2591,29.7734],[-95.259,29.7686],[-95.2654,29.7696],[-95.2635,29.7802],[-95.2672,29.7902],[-95.2801,29.8025],[-95.2297,29.8243],[-95.2302,29.8342],[-95.2342,29.8381],[-95.2286,29.8447],[-95.2284,29.8569],[-95.2383,29.8723],[-95.235,29.8872],[-95.2402,29.8926],[-95.241,29.8997],[-95.2369,29.907],[-95.2432,29.9137],[-95.2446,29.9211],[-95.251,29.9229],[-95.2652,29.9154],[-95.2805,29.9162],[-95.2867,29.9133],[-95.2956,29.9186],[-95.3017,29.9084],[-95.3093,29.9095],[-95.3182,29.891],[-95.3066,29.8912],[-95.3271,29.8404],[-95.337,29.8406],[-95.3352,29.8292],[-95.331,29.8329],[-95.3355,29.8199],[-95.3521,29.8197],[-95.3479,29.8031],[-95.3505,29.8033],[-95.3502,29.7935],[-95.3459,29.7937],[-95.3451,29.7835],[-95.3487,29.7834],[-95.3513,29.7745],[-95.3599,29.7724],[-95.3616,29.7761],[-95.3667,29.7739],[-95.3682,29.7793],[-95.3724,29.7807],[-95.3727,29.7906],[-95.3878,29.7908],[-95.3892,29.8073],[-95.3736,29.8087],[-95.3854,29.8339],[-95.4022,29.8319],[-95.403,29.8418],[-95.4108,29.8388],[-95.4146,29.8685],[-95.4081,29.8699],[-95.411,29.8744],[-95.4218,29.8883],[-95.4504,29.8844],[-95.4699,29.9049],[-95.48,29.9113],[-95.4833,29.9374]]]}},{"id":"15","type":"Feature","properties":{"district":"08","name":"Congressional District 8"},"geometry":{"type":"Polygon","coordinates":[[[-95.9607,30.1634],[-95.9468,30.1542],[-95.9409,30.1443],[-95.9244,30.1424],[-95.916,30.1313],[-95.9054,30.1275],[-95.8992,30.121],[-95.8965,30.1227],[-95.8901,30.1189],[-95.8831,30.1198],[-95.8811,30.1232],[-95.8789,30.1204],[-95.8735,30.122],[-95.8725,30.1181],[-95.8625,30.1115],[-95.8619,30.1056],[-95.8568,30.1017],[-95.8465,30.1005],[-95.8427,30.0948],[-95.8444,30.0879],[-95.8388,30.0831],[-95.833,30.0851],[-95.8285,30.0817],[-95.817,30.0818],[-95.8159,30.0853],[-95.8098,30.0852],[-95.8095,30.0882],[-95.8033,30.0901],[-95.8044,30.3387],[-95.8173,30.4987],[-95.8342,30.658],[-95.7497,30.6842],[-95.7034,30.6845],[-95.6163,30.7009],[-95.5914,30.7153],[-95.5782,30.7183],[-95.5753,30.7048],[-95.5625,30.6868],[-95.5364,30.6765],[-95.5255,30.6767],[-95.5256,30.6676],[-95.5155,30.6675],[-95.5216,30.6806],[-95.4997,30.682],[-95.513,30.6963],[-95.5131,30.7056],[-95.4936,30.7051],[-95.4934,30.7082],[-95.4728,30.7051],[-95.4298,30.7073],[-95.4038,30.7277],[-95.3386,30.7378],[-95.3275,30.8595],[-95.3139,30.8731],[-95.3168,30.8799],[-95.3113,30.8858],[-95.3129,30.8979],[-95.2984,30.9026],[-95.2802,30.9013],[-95.2524,30.9067],[-95.2467,30.9044],[-95.2307,30.8867],[-95.2431,30.8669],[-95.236,30.8581],[-95.2321,30.8428],[-95.2229,30.8363],[-95.2076,30.8324],[-95.2002,30.8246],[-94.9391,31.042],[-94.8429,31.1466],[-94.8417,31.1432],[-94.8316,31.1416],[-94.8298,31.1387],[-94.8223,31.14],[-94.8185,31.1322],[-94.8139,31.1305],[-94.8121,31.1335],[-94.797,31.1312],[-94.7902,31.1241],[-94.7809,31.1236],[-94.7514,31.1054],[-94.7456,31.1067],[-94.7378,31.1035],[-94.7236,31.1085],[-94.7156,31.1037],[-94.71,31.1055],[-94.7091,31.1012],[-94.7058,31.1027],[-94.7041,31.0988],[-94.7027,31.1019],[-94.698,31.0961],[-94.6967,31.0987],[-94.6922,31.0957],[-94.6891,31.0978],[-94.6793,31.096],[-94.6784,31.0931],[-94.6709,31.0956],[-94.6709,31.0885],[-94.6634,31.0884],[-94.6583,31.0848],[-94.655,31.0938],[-94.6484,31.099],[-94.6428,31.0878],[-94.635,31.09],[-94.6297,31.0835],[-94.6229,31.0875],[-94.6176,31.0838],[-94.6144,31.0852],[-94.6145,31.081],[-94.6095,31.0819],[-94.6124,31.078],[-94.6072,31.0778],[-94.6059,31.0746],[-94.6047,31.0777],[-94.5991,31.0686],[-94.5944,31.0728],[-94.5895,31.0661],[-94.5824,31.0647],[-94.5822,31.068],[-94.5743,31.0686],[-94.5686,31.0616],[-94.566,31.0644],[-94.5611,31.0623],[-94.5621,31.0589],[-94.658,31.012],[-94.5379,30.4911],[-94.7773,30.489],[-94.8494,30.4936],[-94.8426,30.4875],[-95.2258,30.3194],[-95.2266,30.3271],[-95.3195,30.3324],[-95.3189,30.3084],[-95.3057,30.2857],[-95.3063,30.2729],[-95.3016,30.26],[-95.3122,30.2571],[-95.2985,30.2371],[-95.2989,30.2321],[-95.3029,30.2302],[-95.3193,30.2301],[-95.3228,30.2389],[-95.3288,30.2428],[-95.3289,30.2514],[-95.3358,30.2568],[-95.3297,30.261],[-95.3412,30.261],[-95.3994,30.3059],[-95.4071,30.2934],[-95.4208,30.2893],[-95.4227,30.2929],[-95.4277,30.2917],[-95.425,30.2869],[-95.4313,30.2832],[-95.4473,30.284],[-95.4575,30.2795],[-95.4588,30.2367],[-95.5537,30.2243],[-95.5524,30.2163],[-95.5425,30.2163],[-95.5428,30.2153],[-95.5681,30.2161],[-95.5697,30.2114],[-95.5888,30.1949],[-95.6007,30.1768],[-95.598,30.1688],[-95.5974,30.1336],[-95.6232,30.1358],[-95.626,30.1289],[-95.6239,30.1267],[-95.6369,30.1264],[-95.6524,30.1139],[-95.654,30.1092],[-95.6616,30.1114],[-95.669,30.1014],[-95.6838,30.1074],[-95.691,30.0988],[-95.7013,30.0985],[-95.7096,30.1029],[-95.7227,30.1],[-95.734,30.0935],[-95.749,30.0958],[-95.7552,30.0921],[-95.7563,30.0785],[-95.7815,30.067],[-95.782,30.0033],[-95.7681,29.9981],[-95.7696,29.9492],[-95.7435,29.9495],[-95.7433,29.9563],[-95.7179,29.9566],[-95.7196,29.9447],[-95.7179,29.9425],[-95.7107,29.9442],[-95.7045,29.9493],[-95.7011,29.9716],[-95.6198,29.9149],[-95.6307,29.9075],[-95.6416,29.9104],[-95.6431,29.9031],[-95.6538,29.9078],[-95.6511,29.8827],[-95.6546,29.8824],[-95.6545,29.8791],[-95.633,29.8793],[-95.6329,29.869],[-95.624,29.8696],[-95.6244,29.8618],[-95.6197,29.8532],[-95.6258,29.8518],[-95.6328,29.8571],[-95.64,29.8566],[-95.6401,29.8523],[-95.6454,29.8522],[-95.6457,29.8412],[-95.6428,29.8398],[-95.6457,29.8396],[-95.6448,29.7846],[-95.7519,29.7851],[-95.7522,29.8172],[-95.7931,29.8169],[-95.793,29.8018],[-95.8302,29.8004],[-95.9213,30.0541],[-95.9215,30.064],[-95.9251,30.0639],[-95.9607,30.1634]]]}},{"id":"16","type":"Feature","properties":{"district":"09","name":"Congressional District 9"},"geometry":{"type":"Polygon","coordinates":[[[-95.6232,29.6744],[-95.6143,29.6754],[-95.6106,29.6832],[-95.6034,29.6814],[-95.6043,29.6889],[-95.5703,29.6884],[-95.5711,29.6961],[-95.5572,29.6953],[-95.5574,29.7045],[-95.5127,29.7042],[-95.5028,29.7131],[-95.4933,29.7108],[-95.4932,29.6782],[-95.4852,29.6752],[-95.4626,29.6797],[-95.4551,29.6816],[-95.4422,29.6909],[-95.4294,29.6915],[-95.4256,29.6967],[-95.4121,29.6973],[-95.3903,29.725],[-95.3801,29.719],[-95.3887,29.6939],[-95.3785,29.6907],[-95.3763,29.6981],[-95.3678,29.6955],[-95.3683,29.6924],[-95.3631,29.69],[-95.3596,29.6988],[-95.3548,29.701],[-95.3496,29.6994],[-95.3518,29.6939],[-95.3396,29.6906],[-95.3366,29.6978],[-95.3275,29.695],[-95.3091,29.7064],[-95.3134,29.7089],[-95.3107,29.7122],[-95.287,29.696],[-95.265,29.6727],[-95.2435,29.6408],[-95.2471,29.6454],[-95.2648,29.6432],[-95.2646,29.6325],[-95.2759,29.6344],[-95.2713,29.6318],[-95.2785,29.6317],[-95.2777,29.6117],[-95.2821,29.6117],[-95.2821,29.6189],[-95.2853,29.6208],[-95.3047,29.6209],[-95.2974,29.5965],[-95.3086,29.5949],[-95.3317,29.5991],[-95.3463,29.5856],[-95.3682,29.5847],[-95.3759,29.5884],[-95.386,29.5856],[-95.3859,29.5802],[-95.3823,29.5803],[-95.3843,29.5705],[-95.3507,29.5706],[-95.3504,29.559],[-95.3062,29.5596],[-95.3061,29.5523],[-95.3309,29.552],[-95.3305,29.5303],[-95.314,29.5306],[-95.3138,29.516],[-95.3443,29.5157],[-95.3472,29.524],[-95.3708,29.5253],[-95.3706,29.5181],[-95.3764,29.5195],[-95.3791,29.5128],[-95.3745,29.5095],[-95.3876,29.5123],[-95.3905,29.4977],[-95.4012,29.4826],[-95.4134,29.4867],[-95.4157,29.4979],[-95.4463,29.4996],[-95.4626,29.4392],[-95.5506,29.4383],[-95.5447,29.4443],[-95.5397,29.4387],[-95.5347,29.4406],[-95.5325,29.4588],[-95.4752,29.4599],[-95.4734,29.4772],[-95.4654,29.4978],[-95.4677,29.5077],[-95.4627,29.5081],[-95.4886,29.5216],[-95.4878,29.5144],[-95.4948,29.5078],[-95.5196,29.5073],[-95.5266,29.5114],[-95.5346,29.5279],[-95.5345,29.5392],[-95.5456,29.5413],[-95.5623,29.5633],[-95.5394,29.5616],[-95.5374,29.567],[-95.5308,29.5618],[-95.535,29.5665],[-95.5324,29.567],[-95.5316,29.5742],[-95.5386,29.5717],[-95.5428,29.5757],[-95.5416,29.5832],[-95.5582,29.5827],[-95.5613,29.5852],[-95.5641,29.5826],[-95.5646,29.5659],[-95.5828,29.5805],[-95.5803,29.5855],[-95.5826,29.6274],[-95.5905,29.6286],[-95.5903,29.631],[-95.5928,29.6291],[-95.5914,29.6331],[-95.5978,29.633],[-95.5978,29.6468],[-95.584,29.6473],[-95.5767,29.6436],[-95.5714,29.6487],[-95.6232,29.6744]]]}},{"id":"17","type":"Feature","properties":{"district":"30","name":"Congressional District 30"},"geometry":{"type":"Polygon","coordinates":[[[-97.0803,32.6777],[-97.0805,32.6915],[-97.0624,32.6917],[-97.0626,32.7061],[-97.0441,32.706],[-97.044,32.6935],[-97.0368,32.693],[-97.036,32.7111],[-97.0074,32.7096],[-97.0054,32.7243],[-96.9941,32.7205],[-96.9941,32.7173],[-96.9987,32.7173],[-96.9941,32.7156],[-96.9942,32.7095],[-96.9783,32.7057],[-96.9747,32.7015],[-96.9781,32.7012],[-96.9748,32.6987],[-96.9784,32.6939],[-96.9715,32.6985],[-96.9697,32.6944],[-96.9631,32.6978],[-96.9554,32.7067],[-96.9543,32.7149],[-96.941,32.7219],[-96.916,32.7205],[-96.8943,32.6953],[-96.8915,32.6955],[-96.8913,32.7002],[-96.8828,32.7002],[-96.8828,32.7058],[-96.8751,32.7057],[-96.873,32.7026],[-96.8702,32.7049],[-96.8402,32.7059],[-96.8401,32.6984],[-96.8298,32.708],[-96.8281,32.7055],[-96.8146,32.7075],[-96.8146,32.7114],[-96.811,32.7132],[-96.8146,32.715],[-96.8132,32.7202],[-96.829,32.7233],[-96.8284,32.7205],[-96.8367,32.7203],[-96.8375,32.7327],[-96.8229,32.7329],[-96.8136,32.7401],[-96.8156,32.7442],[-96.8102,32.7486],[-96.8103,32.7588],[-96.8314,32.7577],[-96.8316,32.7522],[-96.8411,32.7513],[-96.8482,32.7548],[-96.8528,32.7496],[-96.8567,32.7496],[-96.8568,32.7557],[-96.8625,32.7555],[-96.8642,32.7584],[-96.861,32.7598],[-96.8621,32.7623],[-96.8575,32.7631],[-96.8595,32.7641],[-96.8231,32.7692],[-96.8263,32.7813],[-96.8558,32.7943],[-96.8566,32.7752],[-96.8575,32.7787],[-96.8738,32.7788],[-96.8738,32.7863],[-96.8704,32.7912],[-96.8671,32.7881],[-96.8666,32.7919],[-96.8738,32.7927],[-96.8733,32.815],[-96.8644,32.822],[-96.8509,32.8227],[-96.8416,32.8302],[-96.8505,32.8378],[-96.8691,32.8458],[-96.8541,32.8601],[-96.8412,32.8507],[-96.8213,32.8512],[-96.8221,32.8367],[-96.8192,32.8367],[-96.8181,32.8227],[-96.8147,32.8198],[-96.812,32.8232],[-96.8045,32.8232],[-96.7996,32.8187],[-96.7982,32.8232],[-96.7861,32.8221],[-96.7933,32.8034],[-96.7881,32.8036],[-96.7758,32.793],[-96.7683,32.7992],[-96.7545,32.7873],[-96.7594,32.7821],[-96.7312,32.7776],[-96.721,32.7786],[-96.7165,32.7829],[-96.7001,32.778],[-96.7006,32.7635],[-96.68,32.7634],[-96.68,32.7602],[-96.6829,32.7602],[-96.6828,32.7343],[-96.6588,32.7342],[-96.657,32.7196],[-96.6485,32.7196],[-96.6487,32.7],[-96.6305,32.6904],[-96.6229,32.6904],[-96.6224,32.6953],[-96.6143,32.6963],[-96.6142,32.7013],[-96.5818,32.7037],[-96.563,32.7012],[-96.5553,32.6921],[-96.5585,32.6891],[-96.5566,32.6875],[-96.5629,32.6811],[-96.5747,32.6809],[-96.5884,32.6698],[-96.5954,32.6731],[-96.598,32.6709],[-96.5883,32.6661],[-96.5946,32.661],[-96.5821,32.6524],[-96.5964,32.6372],[-96.6084,32.6274],[-96.6134,32.6272],[-96.6222,32.6177],[-96.6172,32.6122],[-96.6075,32.6128],[-96.6027,32.6086],[-96.5953,32.6113],[-96.5994,32.6079],[-96.5983,32.6049],[-96.5888,32.606],[-96.5821,32.5785],[-96.5731,32.5775],[-96.5754,32.5698],[-96.5667,32.5664],[-96.5612,32.5553],[-96.5561,32.5517],[-96.55,32.5542],[-96.5415,32.5459],[-96.5294,32.5453],[-97.0527,32.5488],[-97.0542,32.5553],[-97.0468,32.56],[-97.0534,32.5637],[-97.0535,32.5736],[-97.0616,32.5853],[-97.0451,32.5924],[-97.0703,32.627],[-97.0658,32.6334],[-97.0623,32.6514],[-97.0628,32.6775],[-97.0803,32.6777]]]}},{"id":"18","type":"Feature","properties":{"district":"31","name":"Congressional District 31"},"geometry":{"type":"Polygon","coordinates":[[[-98.4637,31.684],[-98.1566,31.8417],[-98.2084,31.9175],[-97.8515,32.094],[-97.6314,32.2072],[-97.626,32.204],[-97.5946,32.202],[-97.5899,32.1885],[-97.6016,32.1799],[-97.6017,32.1757],[-97.5945,32.1741],[-97.5734,32.1803],[-97.5683,32.1763],[-97.5678,32.1666],[-97.5647,32.1624],[-97.5705,32.1545],[-97.5697,32.1513],[-97.5534,32.1493],[-97.5218,32.1348],[-97.5125,32.1342],[-97.5082,32.1384],[-97.5135,32.1526],[-97.5111,32.1624],[-97.4945,32.1646],[-97.4834,32.1724],[-97.4695,32.1736],[-97.4597,32.1709],[-97.4566,32.1638],[-97.4687,32.1488],[-97.4941,32.1396],[-97.4971,32.1343],[-97.4862,32.1117],[-97.4699,32.0916],[-97.4707,32.0867],[-97.4921,32.0597],[-97.4857,32.0429],[-97.486,32.0176],[-97.4749,32.0101],[-97.4477,32.0125],[-97.442,32.0144],[-97.4337,32.0265],[-97.4264,32.0286],[-97.4218,32.0048],[-97.4056,31.9876],[-97.3813,31.9856],[-97.3788,31.9826],[-97.3772,31.9773],[-97.3841,31.969],[-97.4042,31.9537],[-97.427,31.9426],[-97.4388,31.9335],[-97.4395,31.9298],[-97.4227,31.9232],[-97.4094,31.9083],[-97.3983,31.9098],[-97.3594,31.8896],[-97.3662,31.8849],[-97.3818,31.8843],[-97.3855,31.8786],[-97.3828,31.8708],[-97.3524,31.8599],[-97.3291,31.8419],[-97.3037,31.8484],[-97.2795,31.8413],[-97.2767,31.8335],[-97.281,31.8243],[-97.3265,31.7884],[-97.3237,31.7783],[-97.3103,31.7616],[-97.2773,31.7455],[-97.6052,31.5878],[-97.4186,31.3202],[-97.3434,31.2442],[-97.2778,31.2795],[-97.0701,30.986],[-97.259,30.8896],[-97.3146,30.7546],[-97.3155,30.7524],[-97.2699,30.7354],[-97.2187,30.6101],[-97.2927,30.5914],[-97.2907,30.5865],[-97.2945,30.5854],[-97.3019,30.5907],[-97.3753,30.5746],[-97.3706,30.5632],[-97.3816,30.5607],[-97.3806,30.5502],[-97.4083,30.5479],[-97.403,30.533],[-97.4116,30.533],[-97.4169,30.5145],[-97.4318,30.5165],[-97.4242,30.5308],[-97.4703,30.5373],[-97.4736,30.5208],[-97.4847,30.5222],[-97.4856,30.5171],[-97.4895,30.5176],[-97.4832,30.554],[-97.526,30.5465],[-97.5287,30.5315],[-97.5232,30.531],[-97.525,30.5219],[-97.5315,30.5242],[-97.532,30.5165],[-97.5367,30.5168],[-97.5359,30.5208],[-97.5388,30.5183],[-97.5502,30.5225],[-97.5487,30.5311],[-97.5587,30.5293],[-97.5599,30.5227],[-97.5555,30.5212],[-97.5575,30.5111],[-97.5614,30.5074],[-97.5667,30.508],[-97.5649,30.5154],[-97.5722,30.5157],[-97.5687,30.526],[-97.5819,30.5255],[-97.5834,30.5366],[-97.6139,30.5318],[-97.6008,30.5296],[-97.6009,30.5194],[-97.5901,30.5181],[-97.5901,30.5085],[-97.5982,30.5084],[-97.5982,30.5042],[-97.6135,30.5084],[-97.6382,30.5083],[-97.6418,30.5145],[-97.6457,30.5152],[-97.6458,30.5196],[-97.6572,30.5176],[-97.6474,30.5504],[-97.6586,30.5441],[-97.6597,30.5469],[-97.6646,30.5461],[-97.6675,30.5551],[-97.6623,30.5576],[-97.6648,30.5672],[-97.6927,30.5582],[-97.6922,30.5354],[-97.6866,30.513],[-97.6998,30.5138],[-97.7093,30.5205],[-97.7142,30.519],[-97.7173,30.5155],[-97.7158,30.5075],[-97.7257,30.4937],[-97.7365,30.4954],[-97.7407,30.5],[-97.7338,30.5168],[-97.7352,30.5218],[-97.7768,30.5036],[-97.7912,30.5054],[-97.8031,30.4964],[-97.8119,30.5036],[-97.8275,30.4934],[-97.8348,30.4774],[-97.8465,30.4734],[-97.8622,30.4973],[-97.8561,30.5028],[-97.8558,30.5074],[-97.8714,30.5227],[-97.8679,30.5465],[-97.8834,30.553],[-97.8877,30.5566],[-97.8887,30.5652],[-97.8962,30.5649],[-97.9025,30.5713],[-97.9218,30.5642],[-97.927,30.5677],[-97.9151,30.5806],[-97.9219,30.591],[-97.9171,30.6049],[-97.9348,30.6103],[-97.9567,30.6282],[-97.9779,30.6221],[-97.9924,30.6095],[-97.998,30.613],[-98.0063,30.6275],[-98.0127,30.6168],[-98.0365,30.6117],[-98.0396,30.6186],[-98.0499,30.6242],[-98.1234,30.4865],[-98.1137,30.4856],[-98.1075,30.4943],[-98.0978,30.4981],[-98.0977,30.4676],[-98.1255,30.4262],[-98.351,30.4861],[-98.352,30.5584],[-98.3703,30.5744],[-98.3988,30.5637],[-98.4054,30.5662],[-98.4111,30.5746],[-98.4137,30.5859],[-98.4007,30.5946],[-98.4002,30.5984],[-98.4176,30.6273],[-98.4181,30.6452],[-98.4289,30.6548],[-98.4289,30.6615],[-98.4388,30.6624],[-98.4418,30.6664],[-98.4376,30.6738],[-98.4033,30.6769],[-98.4055,30.6902],[-98.4143,30.7037],[-98.4042,30.7211],[-98.3927,30.7212],[-98.3714,30.7421],[-98.3778,30.7472],[-98.3929,30.7462],[-98.4069,30.7515],[-98.424,30.7505],[-98.4301,30.7569],[-98.4225,30.775],[-98.4319,30.7858],[-98.432,30.7904],[-98.425,30.7957],[-98.4126,30.795],[-98.4033,30.8179],[-98.3876,30.8193],[-98.3766,30.8338],[-98.3814,30.8382],[-98.4014,30.844],[-98.405,30.8438],[-98.41,30.836],[-98.4216,30.835],[-98.4193,30.8571],[-98.4215,30.8632],[-98.4324,30.8697],[-98.4508,30.8714],[-98.4574,30.8789],[-98.4486,30.8908],[-98.4492,30.907],[-98.4458,30.9214],[-98.4374,30.927],[-98.4196,30.9254],[-98.4147,30.9402],[-98.416,30.9449],[-98.423,30.9479],[-98.4459,30.9507],[-98.4528,30.9644],[-98.4522,30.9702],[-98.4419,30.9843],[-98.4592,31.0104],[-98.4423,31.0205],[-98.4397,31.0296],[-97.9117,31.035],[-97.8544,30.952],[-97.8281,30.9044],[-97.7299,30.8876],[-97.7187,30.903],[-97.7183,30.9091],[-97.7108,30.9133],[-97.7174,30.9312],[-97.7083,30.9396],[-97.7089,30.9501],[-97.7139,30.954],[-97.6988,30.9583],[-97.704,30.9779],[-97.6953,30.9776],[-97.6862,30.9676],[-97.6818,30.9822],[-97.6902,30.9901],[-97.6894,30.9933],[-97.681,30.9952],[-97.6755,30.9923],[-97.6751,30.9881],[-97.6662,30.9867],[-97.6621,30.9893],[-97.6623,30.9973],[-97.6592,30.9998],[-97.6515,30.9951],[-97.6462,30.9959],[-97.6454,31.0009],[-97.6503,31.0102],[-97.6554,31.0132],[-97.6559,31.0179],[-97.6534,31.0239],[-97.6477,31.0266],[-97.6487,31.0341],[-97.6437,31.0352],[-97.6438,31.0303],[-97.6412,31.0299],[-97.6406,31.0356],[-97.6311,31.0423],[-97.6348,31.047],[-97.6335,31.052],[-97.6457,31.0525],[-97.6591,31.0578],[-97.6696,31.0707],[-97.6854,31.0771],[-97.6823,31.0807],[-97.676,31.0806],[-97.6702,31.1033],[-97.6665,31.1028],[-97.6638,31.1149],[-97.6576,31.1132],[-97.6539,31.1242],[-97.6718,31.1333],[-97.6979,31.141],[-97.6989,31.1385],[-97.703,31.1395],[-97.7069,31.1278],[-97.7355,31.1358],[-97.7461,31.1133],[-97.749,31.114],[-97.7504,31.1102],[-97.776,31.1221],[-97.8044,31.1221],[-97.9071,31.0694],[-98.18,31.4637],[-98.2711,31.4164],[-98.4637,31.684]]]}},{"id":"19","type":"Feature","properties":{"district":"10","name":"Congressional District 10"},"geometry":{"type":"Polygon","coordinates":[[[-98.173,30.3563],[-98.0977,30.4676],[-98.0978,30.4981],[-98.1075,30.4943],[-98.1137,30.4856],[-98.1234,30.4865],[-98.0499,30.6242],[-98.0396,30.6186],[-98.0365,30.6117],[-98.0127,30.6168],[-98.0063,30.6275],[-97.998,30.613],[-97.9924,30.6095],[-97.9779,30.6221],[-97.9567,30.6282],[-97.9348,30.6103],[-97.9171,30.6049],[-97.9219,30.591],[-97.9151,30.5806],[-97.927,30.5677],[-97.9218,30.5642],[-97.9025,30.5713],[-97.8962,30.5649],[-97.8887,30.5652],[-97.8877,30.5566],[-97.8834,30.553],[-97.8679,30.5465],[-97.8714,30.5227],[-97.8558,30.5074],[-97.8561,30.5028],[-97.8622,30.4973],[-97.8465,30.4734],[-97.8348,30.4774],[-97.8275,30.4934],[-97.8119,30.5036],[-97.8031,30.4964],[-97.7912,30.5054],[-97.7768,30.5036],[-97.7352,30.5218],[-97.7338,30.5168],[-97.7407,30.5],[-97.7365,30.4954],[-97.7257,30.4937],[-97.7158,30.5075],[-97.7173,30.5155],[-97.7093,30.5205],[-97.6998,30.5138],[-97.6871,30.5131],[-97.683,30.5024],[-97.6969,30.4894],[-97.6934,30.4755],[-97.6906,30.4723],[-97.6829,30.4801],[-97.6742,30.4808],[-97.6617,30.4487],[-97.656,30.4489],[-97.6496,30.4429],[-97.6482,30.4451],[-97.6434,30.4428],[-97.6378,30.4476],[-97.6248,30.4417],[-97.6275,30.4435],[-97.6248,30.4487],[-97.6173,30.4436],[-97.6139,30.4366],[-97.5969,30.4641],[-97.5911,30.4654],[-97.5862,30.459],[-97.5826,30.4666],[-97.5798,30.4653],[-97.5824,30.464],[-97.5805,30.4604],[-97.5747,30.4629],[-97.5568,30.4546],[-97.5674,30.4381],[-97.5521,30.4295],[-97.5418,30.425],[-97.5385,30.4281],[-97.5329,30.4255],[-97.5221,30.441],[-97.5165,30.4292],[-97.5179,30.4245],[-97.5144,30.4235],[-97.5107,30.412],[-97.5068,30.4122],[-97.5047,30.4078],[-97.5079,30.4065],[-97.4893,30.4004],[-97.4909,30.3968],[-97.4768,30.3897],[-97.4684,30.4024],[-97.4608,30.3987],[-97.4548,30.3935],[-97.4607,30.3818],[-97.4485,30.3763],[-97.4428,30.3772],[-97.4344,30.3908],[-97.3981,30.374],[-97.4001,30.3679],[-97.3695,30.4196],[-97.3345,30.4028],[-97.1552,30.4573],[-96.6214,30.7308],[-96.597,30.7274],[-96.5942,30.7226],[-96.5962,30.7153],[-96.5704,30.7029],[-96.567,30.6957],[-96.4623,30.7419],[-96.4576,30.7445],[-96.4229,30.7935],[-96.4101,30.8258],[-96.3985,30.8405],[-96.3867,30.865],[-96.3656,30.8845],[-96.3618,30.8969],[-96.338,30.9205],[-96.2622,30.9647],[-96.2288,30.9806],[-96.2148,30.9814],[-96.1925,30.9913],[-96.1709,30.9944],[-96.0775,31.0479],[-96.0463,31.0694],[-96.0262,31.0719],[-96.0175,31.07],[-95.9738,31.0922],[-95.7644,31.0942],[-95.7595,31.0887],[-95.7502,31.0922],[-95.7416,31.0908],[-95.7364,31.0838],[-95.7284,31.0879],[-95.7234,31.0798],[-95.7114,31.0818],[-95.707,31.0779],[-95.7036,31.0825],[-95.6985,31.0768],[-95.6924,31.082],[-95.6856,31.0771],[-95.6798,31.0786],[-95.6755,31.076],[-95.6625,31.0836],[-95.6484,31.0699],[-95.6549,31.0673],[-95.6475,31.0554],[-95.6297,31.0511],[-95.6282,31.0433],[-95.6314,31.0368],[-95.6412,31.0423],[-95.6473,31.0362],[-95.6624,31.0338],[-95.6688,31.0269],[-95.6674,31.0204],[-95.6584,31.0163],[-95.67,30.9942],[-95.6813,30.9875],[-95.6748,30.985],[-95.6726,30.9763],[-95.665,30.9709],[-95.6602,30.9572],[-95.6505,30.9473],[-95.6498,30.936],[-95.6434,30.9347],[-95.6374,30.9263],[-95.628,30.9262],[-95.6179,30.9304],[-95.6219,30.9251],[-95.6119,30.918],[-95.6156,30.9168],[-95.6138,30.9143],[-95.6162,30.9102],[-95.6214,30.9136],[-95.6293,30.9093],[-95.6298,30.8999],[-95.6436,30.9001],[-95.6545,30.8932],[-95.6552,30.8967],[-95.6614,30.897],[-95.6595,30.899],[-95.6664,30.905],[-95.6714,30.9033],[-95.6827,30.9061],[-95.686,30.9012],[-95.6916,30.9011],[-95.6975,30.9041],[-95.6957,30.9072],[-95.7096,30.9055],[-95.7124,30.9108],[-95.7163,30.9115],[-95.7333,30.9001],[-95.7389,30.8993],[-95.7433,30.9024],[-95.7595,30.8989],[-95.7849,30.879],[-95.7964,30.8782],[-95.8131,30.8676],[-95.8212,30.8692],[-95.8295,30.8621],[-95.8333,30.8652],[-95.8491,30.863],[-95.8504,30.8677],[-95.8631,30.8643],[-95.8301,30.629],[-95.8051,30.3483],[-95.8033,30.0901],[-95.8095,30.0882],[-95.8098,30.0852],[-95.8159,30.0853],[-95.817,30.0818],[-95.8285,30.0817],[-95.833,30.0851],[-95.8388,30.0831],[-95.8444,30.0879],[-95.8427,30.0948],[-95.8465,30.1005],[-95.8568,30.1017],[-95.8619,30.1056],[-95.8625,30.1115],[-95.8725,30.1181],[-95.8735,30.122],[-95.8789,30.1204],[-95.8811,30.1232],[-95.8831,30.1198],[-95.8901,30.1189],[-95.8965,30.1227],[-95.8992,30.121],[-95.9054,30.1275],[-95.916,30.1313],[-95.9244,30.1424],[-95.9409,30.1443],[-95.9468,30.1542],[-95.9607,30.1634],[-95.9251,30.0639],[-95.9215,30.064],[-95.9213,30.0541],[-95.826,29.7886],[-95.9509,29.7408],[-95.9713,29.7405],[-95.9709,29.7286],[-96.0327,29.7279],[-96.0321,29.7173],[-96.0128,29.7199],[-96.0071,29.7167],[-96.006,29.7039],[-96.0228,29.7045],[-96.0145,29.6936],[-96.0156,29.6814],[-96.0214,29.6789],[-96.0272,29.687],[-96.0359,29.6884],[-96.0566,29.6824],[-96.0601,29.6763],[-96.0461,29.6655],[-96.0309,29.6752],[-96.0168,29.6675],[-96.016,29.6637],[-96.02,29.6592],[-96.0305,29.6604],[-96.0332,29.6582],[-96.0148,29.6417],[-96.0193,29.6363],[-96.0164,29.6271],[-96.0242,29.622],[-96.0249,29.6029],[-96.0889,29.6017],[-96.0936,29.604],[-96.0948,29.6124],[-96.1103,29.6229],[-96.1162,29.6233],[-96.1216,29.6183],[-96.1292,29.6228],[-96.1418,29.6196],[-96.1554,29.6293],[-96.1654,29.6265],[-96.176,29.6334],[-96.3077,29.5145],[-96.3492,29.4061],[-96.6403,29.2478],[-96.6585,29.2639],[-96.5606,29.3354],[-96.7931,29.5774],[-96.8328,29.5769],[-96.8393,29.5852],[-96.8333,29.5958],[-96.8443,29.6089],[-96.8429,29.6161],[-96.8487,29.6182],[-96.8475,29.6207],[-96.8591,29.6244],[-96.8659,29.6304],[-96.865,29.6327],[-97.1433,29.6281],[-97.1305,29.6433],[-97.3179,29.7847],[-97.1942,29.8968],[-97.1943,29.9212],[-97.1676,29.9749],[-97.1668,30.0049],[-97.1606,30.0171],[-97.1648,30.0328],[-97.1771,30.0443],[-97.2011,30.0534],[-97.2183,30.0674],[-97.2365,30.0734],[-97.2437,30.0832],[-97.2528,30.0891],[-97.2909,30.1041],[-97.2897,30.1001],[-97.2932,30.0959],[-97.2874,30.0922],[-97.2907,30.0879],[-97.2844,30.0883],[-97.282,30.0824],[-97.285,30.0767],[-97.2835,30.0725],[-97.2882,30.0676],[-97.3125,30.0745],[-97.3219,30.081],[-97.3465,30.0764],[-97.3498,30.0827],[-97.348,30.0921],[-97.3226,30.098],[-97.3201,30.1055],[-97.3372,30.1222],[-97.3519,30.1212],[-97.3604,30.1278],[-97.3646,30.1409],[-97.373,30.1458],[-97.3733,30.1526],[-97.3686,30.1541],[-97.3589,30.1476],[-97.3508,30.1476],[-97.3456,30.1556],[-97.3485,30.1678],[-97.3642,30.1619],[-97.3829,30.1631],[-97.3851,30.166],[-97.3783,30.1799],[-97.3797,30.1832],[-97.3879,30.1826],[-97.3932,30.1872],[-97.4007,30.1861],[-97.3971,30.1717],[-97.4106,30.1603],[-97.4225,30.1574],[-97.4392,30.1428],[-97.4438,30.1426],[-97.453,30.1498],[-97.434,30.1751],[-97.4245,30.1821],[-97.4237,30.1882],[-97.4328,30.1907],[-97.4602,30.1819],[-97.484,30.1884],[-97.489,30.2004],[-97.4836,30.2061],[-97.4913,30.2121],[-97.4863,30.2205],[-97.4911,30.2243],[-97.4965,30.2161],[-97.506,30.2205],[-97.5149,30.2274],[-97.519,30.2351],[-97.5194,30.2315],[-97.5264,30.2348],[-97.5249,30.2384],[-97.5286,30.2428],[-97.5216,30.2478],[-97.5349,30.2539],[-97.5546,30.2561],[-97.5266,30.3037],[-97.5138,30.3087],[-97.492,30.3009],[-97.4773,30.3236],[-97.4861,30.326],[-97.485,30.3328],[-97.4935,30.3414],[-97.4971,30.3525],[-97.5067,30.3638],[-97.5048,30.3656],[-97.5102,30.3813],[-97.5224,30.3857],[-97.5171,30.3964],[-97.5414,30.4075],[-97.5461,30.4009],[-97.6105,30.435],[-97.6066,30.4323],[-97.6094,30.4233],[-97.6162,30.4262],[-97.6205,30.4193],[-97.6375,30.4285],[-97.6341,30.4338],[-97.6377,30.4353],[-97.6403,30.4313],[-97.6483,30.4352],[-97.6531,30.4327],[-97.6654,30.4412],[-97.6692,30.4348],[-97.6683,30.4406],[-97.675,30.436],[-97.6785,30.4398],[-97.677,30.4422],[-97.6811,30.4434],[-97.6805,30.4542],[-97.6866,30.4458],[-97.6955,30.4498],[-97.6946,30.4615],[-97.7211,30.4558],[-97.7197,30.4708],[-97.7231,30.475],[-97.7313,30.4769],[-97.7491,30.474],[-97.7611,30.4775],[-97.7499,30.481],[-97.7498,30.4848],[-97.756,30.4854],[-97.7577,30.4893],[-97.7568,30.4924],[-97.7532,30.4921],[-97.7535,30.4962],[-97.7588,30.5012],[-97.7584,30.499],[-97.8041,30.4864],[-97.802,30.4801],[-97.8153,30.4753],[-97.8106,30.4639],[-97.82,30.4609],[-97.8284,30.453],[-97.8434,30.4265],[-97.8496,30.4318],[-97.8499,30.4401],[-97.856,30.4382],[-97.855,30.4342],[-97.865,30.4312],[-97.8742,30.4233],[-97.8798,30.429],[-97.8817,30.4259],[-97.8832,30.4277],[-97.9058,30.4213],[-97.9075,30.414],[-97.8992,30.3948],[-97.9111,30.3905],[-97.9145,30.3848],[-97.9144,30.381],[-97.9023,30.3792],[-97.9044,30.3782],[-97.8917,30.3691],[-97.8862,30.3734],[-97.8716,30.3696],[-97.8703,30.3718],[-97.8737,30.3746],[-97.8637,30.3857],[-97.8477,30.396],[-97.8312,30.3919],[-97.8084,30.3804],[-97.8018,30.3693],[-97.7982,30.3714],[-97.7901,30.3659],[-97.7968,30.3498],[-97.7866,30.3414],[-97.7765,30.3238],[-97.7759,30.3136],[-97.7856,30.2943],[-97.7918,30.2981],[-97.8066,30.3197],[-97.8087,30.3122],[-97.8191,30.3172],[-97.8204,30.3191],[-97.8126,30.325],[-97.8246,30.3301],[-97.8314,30.325],[-97.8415,30.3251],[-97.8508,30.3516],[-97.8622,30.3543],[-97.8744,30.3462],[-97.8999,30.3399],[-97.911,30.3304],[-97.9123,30.3284],[-97.9094,30.3305],[-97.9074,30.3278],[-97.9117,30.3211],[-97.9071,30.3099],[-97.9084,30.3062],[-97.9268,30.2957],[-97.9265,30.2922],[-97.9185,30.2888],[-97.9249,30.2885],[-97.9258,30.2822],[-97.933,30.2845],[-97.9326,30.2774],[-97.9419,30.281],[-97.9437,30.2752],[-97.9577,30.2769],[-97.9605,30.2739],[-97.9563,30.2694],[-97.9649,30.2712],[-97.9691,30.2647],[-97.9757,30.2725],[-97.9775,30.2669],[-97.9812,30.2654],[-97.9849,30.2734],[-97.9881,30.2675],[-97.9947,30.265],[-97.9923,30.262],[-97.9974,30.2616],[-97.9969,30.2574],[-98.0032,30.2546],[-98.0032,30.251],[-98.0114,30.2487],[-98.0061,30.2441],[-98.0106,30.2437],[-98.0108,30.2403],[-98.173,30.3563]]]}},{"id":"20","type":"Feature","properties":{"district":"32","name":"Congressional District 32"},"geometry":{"type":"Polygon","coordinates":[[[-96.9399,32.9888],[-96.91,32.9883],[-96.9099,32.9989],[-96.8985,32.9989],[-96.8984,33.0044],[-96.8932,33.0057],[-96.8939,32.999],[-96.8868,33.0003],[-96.8884,32.9955],[-96.8825,32.9942],[-96.879,32.9991],[-96.8728,32.9971],[-96.8715,33.0021],[-96.8662,33.0023],[-96.866,33.0118],[-96.8459,33.0118],[-96.8438,33.0113],[-96.8441,32.9874],[-96.7565,32.9863],[-96.7569,33.0004],[-96.7468,33.0037],[-96.7159,33.0047],[-96.7159,33.0104],[-96.7193,33.009],[-96.7251,33.0144],[-96.7244,33.0187],[-96.7092,33.0197],[-96.7094,33.0273],[-96.7043,33.0376],[-96.6834,33.0438],[-96.682,33.0312],[-96.6602,33.0311],[-96.6429,33.0127],[-96.613,33.0098],[-96.6134,32.9843],[-96.6409,32.9847],[-96.6426,32.9653],[-96.6562,32.9539],[-96.6536,32.9514],[-96.6655,32.9515],[-96.6655,32.8715],[-96.6681,32.8681],[-96.6349,32.8438],[-96.6397,32.8397],[-96.6605,32.8348],[-96.6581,32.8215],[-96.6617,32.8214],[-96.6623,32.8155],[-96.6653,32.8155],[-96.6654,32.8071],[-96.6746,32.8001],[-96.6558,32.7932],[-96.6554,32.7895],[-96.6459,32.781],[-96.6467,32.7683],[-96.6299,32.7681],[-96.6287,32.7737],[-96.5972,32.7673],[-96.5972,32.7641],[-96.6043,32.7667],[-96.6024,32.7627],[-96.6052,32.7614],[-96.6052,32.7559],[-96.6174,32.7559],[-96.6122,32.7425],[-96.612,32.746],[-96.6064,32.7468],[-96.5988,32.7439],[-96.5817,32.7455],[-96.5712,32.7375],[-96.5644,32.7394],[-96.5592,32.7349],[-96.5849,32.7118],[-96.5751,32.7033],[-96.6142,32.7013],[-96.6143,32.6963],[-96.6224,32.6953],[-96.6229,32.6904],[-96.6325,32.6913],[-96.6487,32.7],[-96.6485,32.7196],[-96.657,32.7196],[-96.6588,32.7342],[-96.6828,32.7343],[-96.6829,32.7602],[-96.68,32.7602],[-96.68,32.7634],[-96.7006,32.7635],[-96.7001,32.778],[-96.7165,32.7829],[-96.721,32.7786],[-96.7312,32.7776],[-96.7594,32.7821],[-96.7545,32.7873],[-96.7683,32.7992],[-96.7758,32.793],[-96.7881,32.8036],[-96.7933,32.8034],[-96.7811,32.8366],[-96.7748,32.8438],[-96.7711,32.8437],[-96.7738,32.8456],[-96.7705,32.8559],[-96.7707,32.8718],[-96.7634,32.8731],[-96.7593,32.8834],[-96.7307,32.8787],[-96.734,32.8632],[-96.7287,32.857],[-96.7128,32.864],[-96.7006,32.8642],[-96.7026,32.8811],[-96.7005,32.8845],[-96.7117,32.8944],[-96.7243,32.8922],[-96.7335,32.8859],[-96.7268,32.9058],[-96.7355,32.9115],[-96.7384,32.9004],[-96.7495,32.9027],[-96.7535,32.8935],[-96.7661,32.8985],[-96.7584,32.8856],[-96.777,32.89],[-96.7786,32.8927],[-96.7817,32.8908],[-96.7748,32.9011],[-96.7883,32.8996],[-96.7865,32.9099],[-96.7737,32.9097],[-96.7808,32.9241],[-96.7693,32.924],[-96.769,32.9386],[-96.7735,32.937],[-96.773,32.9431],[-96.7781,32.9431],[-96.7768,32.9498],[-96.7347,32.9508],[-96.7278,32.9609],[-96.7419,32.964],[-96.7412,32.9682],[-96.7343,32.9663],[-96.7342,32.9757],[-96.7404,32.9783],[-96.7858,32.9793],[-96.7841,32.9714],[-96.7865,32.9622],[-96.8046,32.9624],[-96.8036,32.9254],[-96.856,32.9242],[-96.8559,32.94],[-96.8221,32.9395],[-96.823,32.9502],[-96.8106,32.9457],[-96.8081,32.9539],[-96.8299,32.954],[-96.8305,32.9579],[-96.856,32.9579],[-96.8537,32.969],[-96.8643,32.9703],[-96.8646,32.9852],[-96.8761,32.9851],[-96.8787,32.9785],[-96.8872,32.9721],[-96.8899,32.9756],[-96.9236,32.9749],[-96.9399,32.9888]]]}},{"id":"21","type":"Feature","properties":{"district":"11","name":"Congressional District 11"},"geometry":{"type":"Polygon","coordinates":[[[-102.7991,32.0858],[-100.8754,32.0869],[-100.3251,32.0814],[-99.7142,32.0821],[-98.9244,32.078],[-98.6684,31.7005],[-98.4928,31.7236],[-98.2711,31.4164],[-98.18,31.4637],[-97.9071,31.0694],[-97.8044,31.1221],[-97.776,31.1221],[-97.7504,31.1102],[-97.749,31.114],[-97.7461,31.1133],[-97.7355,31.1358],[-97.7069,31.1278],[-97.703,31.1395],[-97.6989,31.1385],[-97.6979,31.141],[-97.6718,31.1333],[-97.6539,31.1242],[-97.6576,31.1132],[-97.6638,31.1149],[-97.6665,31.1028],[-97.6702,31.1033],[-97.676,31.0806],[-97.6823,31.0807],[-97.6854,31.0771],[-97.6696,31.0707],[-97.6591,31.0578],[-97.6457,31.0525],[-97.6335,31.052],[-97.6348,31.047],[-97.6311,31.0423],[-97.6406,31.0356],[-97.6412,31.0299],[-97.6438,31.0303],[-97.6437,31.0352],[-97.6487,31.0341],[-97.6477,31.0266],[-97.6534,31.0239],[-97.6559,31.0179],[-97.6554,31.0132],[-97.6503,31.0102],[-97.6454,31.0009],[-97.6462,30.9959],[-97.6515,30.9951],[-97.6592,30.9998],[-97.6623,30.9973],[-97.6621,30.9893],[-97.6662,30.9867],[-97.6751,30.9881],[-97.6755,30.9923],[-97.681,30.9952],[-97.6894,30.9933],[-97.6902,30.9901],[-97.6818,30.9822],[-97.6862,30.9676],[-97.6953,30.9776],[-97.704,30.9779],[-97.6988,30.9583],[-97.7139,30.954],[-97.7089,30.9501],[-97.7083,30.9396],[-97.7174,30.9312],[-97.7108,30.9133],[-97.7183,30.9091],[-97.7187,30.903],[-97.7299,30.8876],[-97.8281,30.9044],[-97.8544,30.952],[-97.9117,31.035],[-98.4397,31.0296],[-98.4423,31.0205],[-98.4592,31.0104],[-98.4419,30.9843],[-98.4522,30.9702],[-98.4528,30.9644],[-98.4459,30.9507],[-98.423,30.9479],[-98.416,30.9449],[-98.4147,30.9402],[-98.4196,30.9254],[-98.4374,30.927],[-98.4458,30.9214],[-98.4492,30.907],[-98.4486,30.8908],[-98.4574,30.8789],[-98.4508,30.8714],[-98.4324,30.8697],[-98.4215,30.8632],[-98.4193,30.8571],[-98.4216,30.835],[-98.41,30.836],[-98.405,30.8438],[-98.4014,30.844],[-98.3814,30.8382],[-98.3766,30.8338],[-98.3876,30.8193],[-98.4033,30.8179],[-98.4126,30.795],[-98.425,30.7957],[-98.432,30.7904],[-98.4319,30.7858],[-98.4225,30.775],[-98.4301,30.7569],[-98.424,30.7505],[-98.4069,30.7515],[-98.3929,30.7462],[-98.3778,30.7472],[-98.3714,30.7421],[-98.3927,30.7212],[-98.4042,30.7211],[-98.4143,30.7037],[-98.4055,30.6902],[-98.4033,30.6769],[-98.4376,30.6738],[-98.4418,30.6664],[-98.4388,30.6624],[-98.4289,30.6615],[-98.4289,30.6548],[-98.4181,30.6452],[-98.4176,30.6273],[-98.4002,30.5984],[-98.4007,30.5946],[-98.4137,30.5859],[-98.4111,30.5746],[-98.4054,30.5662],[-98.3988,30.5637],[-98.3703,30.5744],[-98.352,30.5584],[-98.351,30.4861],[-98.4115,30.5021],[-99.0003,30.4981],[-99.304,30.4998],[-99.3017,30.2867],[-99.7541,30.2907],[-100.1165,30.2903],[-100.1152,31.088],[-100.688,31.0866],[-101.2748,31.0794],[-101.2671,31.6509],[-102.7989,31.6518],[-102.7991,32.0858]]]}},{"id":"22","type":"Feature","properties":{"district":"33","name":"Congressional District 33"},"geometry":{"type":"Polygon","coordinates":[[[-97.4021,32.8108],[-97.3988,32.8191],[-97.4013,32.819],[-97.3473,32.8424],[-97.3315,32.8249],[-97.3124,32.8243],[-97.3128,32.8163],[-97.3081,32.8158],[-97.3083,32.8106],[-97.2905,32.8098],[-97.2906,32.7951],[-97.2936,32.7932],[-97.2906,32.781],[-97.2789,32.7796],[-97.2821,32.7778],[-97.2732,32.7796],[-97.2734,32.7766],[-97.2795,32.7752],[-97.2797,32.7693],[-97.2836,32.7654],[-97.2597,32.7667],[-97.2527,32.7711],[-97.2412,32.7701],[-97.2265,32.7766],[-97.1988,32.7812],[-97.1792,32.7797],[-97.1775,32.794],[-97.1692,32.7941],[-97.1691,32.8021],[-97.1434,32.8017],[-97.1402,32.7974],[-97.1402,32.8035],[-97.1253,32.8028],[-97.0995,32.8088],[-97.0996,32.8224],[-97.0613,32.8224],[-97.0613,32.8375],[-97.0221,32.8369],[-97.0203,32.8609],[-97.014,32.8686],[-97.0057,32.8719],[-97.0038,32.881],[-96.9982,32.8874],[-96.9874,32.8748],[-96.9807,32.8719],[-96.9736,32.8778],[-96.9911,32.8927],[-96.9913,32.9018],[-97.0081,32.908],[-97.0079,32.9208],[-97.0052,32.9207],[-96.9996,32.9199],[-96.9968,32.9121],[-96.9835,32.911],[-96.9794,32.9016],[-96.9714,32.9008],[-96.9624,32.9075],[-96.9588,32.907],[-96.9587,32.9157],[-96.9938,32.9232],[-96.9915,32.9257],[-96.9935,32.9312],[-96.9917,32.9477],[-96.9729,32.9554],[-96.9618,32.9491],[-96.9436,32.9473],[-96.9413,32.9386],[-96.9352,32.937],[-96.9403,32.9322],[-96.933,32.9288],[-96.9375,32.9277],[-96.9383,32.9135],[-96.9317,32.9181],[-96.9043,32.9221],[-96.904,32.9261],[-96.9013,32.9262],[-96.9028,32.9394],[-96.9108,32.9538],[-96.8902,32.9639],[-96.8902,32.9609],[-96.8863,32.9609],[-96.8864,32.9536],[-96.8707,32.9534],[-96.8708,32.9496],[-96.8732,32.9389],[-96.8906,32.9384],[-96.8882,32.9336],[-96.8894,32.9239],[-96.895,32.9179],[-96.8915,32.9178],[-96.8914,32.9146],[-96.8819,32.9137],[-96.8818,32.9112],[-96.856,32.9181],[-96.8563,32.8804],[-96.8463,32.8803],[-96.8488,32.8706],[-96.8468,32.8634],[-96.8548,32.8611],[-96.8691,32.8458],[-96.8505,32.8378],[-96.8416,32.8302],[-96.8509,32.8227],[-96.8644,32.822],[-96.8733,32.815],[-96.8738,32.7927],[-96.8666,32.7919],[-96.8671,32.7881],[-96.8704,32.7912],[-96.8738,32.7863],[-96.8738,32.7788],[-96.8575,32.7787],[-96.8566,32.7752],[-96.8558,32.7943],[-96.8263,32.7813],[-96.8231,32.7692],[-96.8595,32.7641],[-96.8575,32.7631],[-96.8621,32.7623],[-96.861,32.7598],[-96.8642,32.7584],[-96.8625,32.7555],[-96.8568,32.7557],[-96.8567,32.7496],[-96.8528,32.7496],[-96.8482,32.7548],[-96.8411,32.7513],[-96.8316,32.7522],[-96.8314,32.7577],[-96.8103,32.7588],[-96.8102,32.7486],[-96.8156,32.7442],[-96.8136,32.7401],[-96.8229,32.7329],[-96.8375,32.7327],[-96.8367,32.7203],[-96.8284,32.7205],[-96.829,32.7233],[-96.8145,32.7214],[-96.8146,32.715],[-96.811,32.7132],[-96.8146,32.7114],[-96.8146,32.7075],[-96.8281,32.7055],[-96.8298,32.708],[-96.8401,32.6984],[-96.8402,32.7059],[-96.8702,32.7049],[-96.873,32.7026],[-96.8751,32.7057],[-96.8828,32.7058],[-96.8828,32.7002],[-96.8913,32.7002],[-96.8915,32.6955],[-96.8943,32.6953],[-96.916,32.7205],[-96.941,32.7219],[-96.9543,32.7149],[-96.9554,32.7067],[-96.9631,32.6978],[-96.9697,32.6944],[-96.9715,32.6985],[-96.9784,32.6939],[-96.9748,32.6987],[-96.9781,32.7012],[-96.9747,32.7015],[-96.9783,32.7057],[-96.9942,32.7095],[-96.9941,32.7156],[-96.9987,32.7156],[-96.9987,32.7173],[-96.9941,32.7173],[-96.9941,32.7205],[-97.0054,32.7243],[-97.0074,32.7096],[-97.036,32.7111],[-97.0368,32.693],[-97.044,32.6935],[-97.0441,32.706],[-97.0626,32.7061],[-97.0624,32.6917],[-97.0808,32.6915],[-97.0806,32.6971],[-97.0721,32.6952],[-97.072,32.7047],[-97.0805,32.7061],[-97.0803,32.7163],[-97.0718,32.7157],[-97.0717,32.7209],[-97.0627,32.7208],[-97.0626,32.7357],[-97.02,32.7411],[-97.0192,32.7288],[-97.0072,32.7286],[-97.0059,32.7319],[-96.999,32.7322],[-97.0001,32.7358],[-96.993,32.7323],[-96.9944,32.7354],[-96.9903,32.7385],[-96.9927,32.7423],[-96.9981,32.7423],[-96.9945,32.7778],[-96.9775,32.7778],[-96.977,32.7831],[-96.9599,32.7831],[-96.9579,32.7719],[-96.9546,32.7785],[-96.9506,32.7788],[-96.9521,32.7745],[-96.9189,32.7857],[-96.9278,32.783],[-96.9341,32.7865],[-96.9346,32.7939],[-96.9207,32.7939],[-96.9218,32.8012],[-96.9346,32.801],[-96.9403,32.8049],[-96.9403,32.8086],[-96.9633,32.8087],[-96.9635,32.8153],[-96.9499,32.8149],[-96.9512,32.8295],[-96.948,32.8294],[-96.9472,32.837],[-96.9303,32.8366],[-96.9303,32.8296],[-96.9336,32.8296],[-96.9325,32.8231],[-96.9259,32.823],[-96.9257,32.8176],[-96.9169,32.8143],[-96.917,32.8012],[-96.909,32.8013],[-96.9041,32.8049],[-96.9057,32.8162],[-96.8897,32.8317],[-96.8888,32.8475],[-96.8932,32.8478],[-96.8777,32.8583],[-96.8792,32.8651],[-96.8809,32.8615],[-96.9005,32.8648],[-96.8981,32.9082],[-96.909,32.9079],[-96.9115,32.8957],[-96.9589,32.896],[-96.9626,32.8905],[-96.9559,32.8868],[-96.9642,32.8851],[-96.9632,32.8772],[-96.9681,32.8781],[-96.9716,32.8689],[-96.9773,32.8663],[-96.9752,32.8555],[-97.0016,32.8569],[-97.0013,32.8454],[-97.0065,32.8398],[-97.0034,32.8371],[-97.0096,32.8371],[-97.0096,32.8331],[-96.9999,32.8282],[-97.0044,32.8275],[-97.0038,32.8173],[-97.0342,32.8167],[-97.0349,32.7799],[-97.0626,32.779],[-97.0627,32.8021],[-97.0653,32.7999],[-97.0641,32.7963],[-97.0735,32.7907],[-97.0735,32.7853],[-97.0814,32.7849],[-97.0831,32.7816],[-97.0888,32.7844],[-97.0886,32.7879],[-97.0968,32.786],[-97.1104,32.7909],[-97.1116,32.785],[-97.1158,32.7826],[-97.1394,32.7793],[-97.1395,32.773],[-97.1506,32.7709],[-97.1528,32.7683],[-97.1491,32.7678],[-97.1497,32.7592],[-97.1631,32.7561],[-97.1637,32.7456],[-97.1758,32.739],[-97.1794,32.7309],[-97.2072,32.7277],[-97.2102,32.7217],[-97.2119,32.727],[-97.2139,32.7276],[-97.2135,32.7245],[-97.2192,32.7266],[-97.2123,32.7198],[-97.2153,32.7155],[-97.219,32.7159],[-97.2206,32.7097],[-97.2224,32.709],[-97.2232,32.7098],[-97.2238,32.71],[-97.224,32.7099],[-97.2224,32.7088],[-97.2202,32.7086],[-97.2169,32.7138],[-97.2142,32.7133],[-97.2166,32.7097],[-97.2241,32.7069],[-97.2156,32.7067],[-97.2185,32.7034],[-97.2167,32.7003],[-97.2255,32.6961],[-97.2374,32.6965],[-97.2414,32.6653],[-97.2447,32.6627],[-97.2428,32.6565],[-97.2526,32.6565],[-97.2529,32.6303],[-97.2655,32.631],[-97.2615,32.6279],[-97.2647,32.6237],[-97.2693,32.6256],[-97.2699,32.6165],[-97.2871,32.6165],[-97.2896,32.6126],[-97.2871,32.6132],[-97.2858,32.6083],[-97.2884,32.6099],[-97.2942,32.6041],[-97.3088,32.6027],[-97.3199,32.6057],[-97.321,32.611],[-97.3208,32.6668],[-97.3367,32.664],[-97.356,32.668],[-97.3565,32.6727],[-97.3633,32.6742],[-97.3628,32.6797],[-97.3734,32.6819],[-97.3438,32.7114],[-97.3316,32.7131],[-97.3316,32.7331],[-97.3203,32.7354],[-97.3193,32.7425],[-97.3031,32.7438],[-97.3037,32.7538],[-97.309,32.7567],[-97.3099,32.7633],[-97.307,32.7671],[-97.3089,32.7697],[-97.3128,32.7677],[-97.325,32.782],[-97.336,32.784],[-97.3405,32.7753],[-97.3317,32.7664],[-97.3329,32.7597],[-97.3424,32.7581],[-97.347,32.7618],[-97.3459,32.7661],[-97.3673,32.7655],[-97.3724,32.7746],[-97.3718,32.7809],[-97.3911,32.7919],[-97.3917,32.8036],[-97.3884,32.8064],[-97.4021,32.8108]]]}},{"id":"23","type":"Feature","properties":{"district":"34","name":"Congressional District 34"},"geometry":{"type":"Polygon","coordinates":[[[-98.214,26.2454],[-98.212,26.2527],[-98.1586,26.2453],[-98.1527,26.2799],[-98.1566,26.2888],[-98.1547,26.3003],[-98.1011,26.292],[-98.0895,26.2981],[-98.0513,26.2928],[-98.0377,26.2928],[-98.0378,26.2964],[-98.0134,26.2964],[-98.0142,26.3326],[-97.937,26.3213],[-97.9307,26.3583],[-97.8619,26.3482],[-97.8619,26.4336],[-97.9085,26.4332],[-98.0042,26.4488],[-97.9965,26.4919],[-97.9923,26.4913],[-97.9844,26.5366],[-97.9639,26.5335],[-97.9701,26.5523],[-97.9681,26.5689],[-97.9644,26.5688],[-97.9574,26.6118],[-97.9853,26.6158],[-97.9861,27.2605],[-98.0581,27.261],[-98.0598,27.6359],[-97.9324,27.6359],[-97.9211,27.6229],[-97.9076,27.6244],[-97.8885,27.6202],[-97.8873,27.6158],[-97.8767,27.6085],[-97.8752,27.5987],[-97.8774,27.5965],[-97.8738,27.5878],[-97.8579,27.5807],[-97.849,27.573],[-97.8468,27.5662],[-97.8399,27.565],[-97.8407,27.5584],[-97.3252,27.5609],[-97.2421,27.5829],[-97.2223,27.5764],[-97.1651,27.5683],[-97.2503,27.3923],[-97.2966,27.2503],[-97.3136,27.1697],[-97.3219,27.0793],[-97.3232,27.0103],[-97.3139,26.9131],[-97.3004,26.8346],[-97.2827,26.7634],[-97.2517,26.6619],[-97.2141,26.5768],[-97.2125,26.5617],[-97.1846,26.4759],[-97.1565,26.3753],[-97.1252,26.2483],[-97.1107,26.1454],[-97.1083,26.1045],[-97.0974,26.0935],[-97.09,26.0753],[-97.0913,26.0516],[-97.0979,26.0386],[-97.0897,25.9608],[-97.1463,25.9566],[-97.1581,25.9488],[-97.1604,25.9508],[-97.1582,25.9617],[-97.1687,25.9608],[-97.1754,25.966],[-97.1782,25.9616],[-97.1869,25.9586],[-97.1884,25.9539],[-97.2051,25.9581],[-97.2087,25.964],[-97.2207,25.9571],[-97.2262,25.9594],[-97.2397,25.9553],[-97.2472,25.9482],[-97.2764,25.9521],[-97.2845,25.9593],[-97.2896,25.9544],[-97.2783,25.9475],[-97.281,25.9443],[-97.2767,25.9353],[-97.2915,25.9365],[-97.296,25.9332],[-97.3029,25.9373],[-97.3053,25.9277],[-97.31,25.9264],[-97.3136,25.931],[-97.318,25.9313],[-97.3245,25.9252],[-97.3261,25.9176],[-97.3312,25.9184],[-97.3329,25.9261],[-97.3344,25.92],[-97.3379,25.9204],[-97.3368,25.9297],[-97.3479,25.9313],[-97.3543,25.92],[-97.3689,25.9153],[-97.3682,25.9098],[-97.3748,25.9085],[-97.3659,25.9024],[-97.3664,25.8906],[-97.3564,25.888],[-97.3741,25.8801],[-97.3638,25.8777],[-97.3593,25.8798],[-97.3566,25.8675],[-97.3588,25.8656],[-97.3615,25.8694],[-97.3689,25.8584],[-97.376,25.856],[-97.3639,25.8504],[-97.3713,25.8493],[-97.3729,25.84],[-97.382,25.8396],[-97.3869,25.8439],[-97.3939,25.8371],[-97.4063,25.8379],[-97.4069,25.8401],[-97.4005,25.8415],[-97.3987,25.8503],[-97.4023,25.852],[-97.4056,25.8453],[-97.4083,25.8455],[-97.4096,25.8623],[-97.4141,25.8566],[-97.4127,25.841],[-97.4254,25.8406],[-97.436,25.8499],[-97.4441,25.8485],[-97.4452,25.8564],[-97.454,25.8541],[-97.4446,25.8675],[-97.4488,25.8723],[-97.4535,25.8674],[-97.4566,25.8684],[-97.4556,25.8842],[-97.464,25.882],[-97.4702,25.8753],[-97.4748,25.8795],[-97.4687,25.8834],[-97.4688,25.8888],[-97.4855,25.8784],[-97.4878,25.8854],[-97.4968,25.8797],[-97.4981,25.8991],[-97.5104,25.8877],[-97.521,25.8862],[-97.5237,25.899],[-97.5287,25.9069],[-97.5333,25.9082],[-97.5301,25.92],[-97.543,25.92],[-97.5372,25.9308],[-97.5437,25.9234],[-97.546,25.9338],[-97.5521,25.9371],[-97.5572,25.9359],[-97.5615,25.9257],[-97.568,25.9276],[-97.5671,25.9338],[-97.5829,25.933],[-97.5821,25.9386],[-97.5663,25.9449],[-97.5679,25.9524],[-97.5745,25.954],[-97.5728,25.9465],[-97.578,25.9421],[-97.5831,25.9549],[-97.5821,25.9624],[-97.5938,25.9617],[-97.5981,25.9569],[-97.6019,25.9572],[-97.6106,25.9662],[-97.6078,25.9767],[-97.6174,25.9799],[-97.6216,25.9892],[-97.6314,25.988],[-97.6346,25.9904],[-97.6311,25.9965],[-97.6232,25.9916],[-97.62,25.9926],[-97.6186,26.0027],[-97.6274,25.9966],[-97.6268,26.006],[-97.635,26.0],[-97.6494,26.0108],[-97.6373,26.0145],[-97.6404,26.0244],[-97.6466,26.0272],[-97.6504,26.0236],[-97.6515,26.0159],[-97.6586,26.0202],[-97.6679,26.0193],[-97.6671,26.0248],[-97.6605,26.0315],[-97.6626,26.0381],[-97.6675,26.0288],[-97.671,26.034],[-97.6747,26.033],[-97.6762,26.03],[-97.6733,26.0279],[-97.6755,26.0259],[-97.6874,26.0273],[-97.6932,26.0325],[-97.6912,26.0189],[-97.6977,26.024],[-97.6973,26.0311],[-97.7023,26.0309],[-97.7072,26.0378],[-97.7096,26.0261],[-97.7212,26.0233],[-97.7194,26.0309],[-97.7348,26.0321],[-97.7351,26.0284],[-97.7277,26.028],[-97.7253,26.0249],[-97.7371,26.0215],[-97.7383,26.0291],[-97.7429,26.0299],[-97.7482,26.0263],[-97.7521,26.0316],[-97.7593,26.0261],[-97.7632,26.0267],[-97.7625,26.041],[-97.7679,26.0475],[-97.7767,26.0445],[-97.7763,26.0403],[-97.7692,26.0362],[-97.7768,26.0293],[-97.7823,26.0341],[-97.7921,26.034],[-97.7978,26.0426],[-97.7953,26.0473],[-97.7888,26.0496],[-97.793,26.0534],[-97.7988,26.0528],[-97.8011,26.0602],[-97.8112,26.0554],[-97.811,26.0455],[-97.8134,26.044],[-97.8166,26.0459],[-97.8147,26.0531],[-97.8183,26.0566],[-97.8259,26.056],[-97.8338,26.0457],[-97.8391,26.0532],[-97.8607,26.0528],[-97.8623,26.0605],[-97.8593,26.0663],[-97.8616,26.0701],[-97.869,26.0568],[-97.8766,26.0645],[-97.8872,26.0667],[-97.891,26.0604],[-97.9013,26.0612],[-97.9107,26.0565],[-97.919,26.0582],[-97.927,26.0549],[-97.9334,26.0656],[-97.9373,26.0623],[-97.9312,26.0571],[-97.9333,26.053],[-97.9517,26.0622],[-97.9655,26.0517],[-97.9785,26.0586],[-97.9804,26.0674],[-97.9879,26.0658],[-97.9919,26.0582],[-97.9973,26.0648],[-98.0033,26.0647],[-98.012,26.0561],[-98.0121,26.0661],[-98.0209,26.0586],[-98.028,26.067],[-98.0329,26.0623],[-98.0388,26.0413],[-98.0611,26.0464],[-98.0709,26.037],[-98.0771,26.0364],[-98.08,26.042],[-98.0726,26.0437],[-98.0701,26.0485],[-98.0769,26.0701],[-98.0714,26.1015],[-98.0753,26.102],[-98.0656,26.1582],[-98.0737,26.1596],[-98.0691,26.1648],[-98.0749,26.1657],[-98.0734,26.1744],[-98.0835,26.1762],[-98.0842,26.184],[-98.0903,26.1832],[-98.0913,26.1779],[-98.0951,26.1786],[-98.0932,26.1895],[-98.1056,26.1912],[-98.1051,26.1938],[-98.0974,26.1928],[-98.0967,26.1965],[-98.1004,26.1969],[-98.0998,26.2004],[-98.1079,26.2015],[-98.1132,26.1706],[-98.1214,26.1717],[-98.1228,26.1646],[-98.1185,26.164],[-98.1196,26.1568],[-98.1233,26.16],[-98.1286,26.1286],[-98.1365,26.1297],[-98.1292,26.1728],[-98.1371,26.1739],[-98.1469,26.1165],[-98.1797,26.121],[-98.17,26.1785],[-98.1864,26.1806],[-98.1833,26.1994],[-98.1722,26.1972],[-98.1722,26.2031],[-98.1656,26.2041],[-98.1635,26.2166],[-98.1798,26.2188],[-98.1787,26.2261],[-98.199,26.2289],[-98.1978,26.236],[-98.2068,26.2372],[-98.2055,26.2445],[-98.214,26.2454]]]}},{"id":"24","type":"Feature","properties":{"district":"12","name":"Congressional District 12"},"geometry":{"type":"Polygon","coordinates":[[[-98.0644,32.6379],[-98.0561,33.0033],[-97.3278,32.9914],[-97.3432,32.9785],[-97.3315,32.9749],[-97.3259,32.9773],[-97.3161,32.9727],[-97.3082,32.9752],[-97.3107,32.948],[-97.3169,32.9278],[-97.3171,32.9032],[-97.2896,32.9021],[-97.2898,32.8747],[-97.2936,32.8669],[-97.2901,32.861],[-97.2805,32.8608],[-97.2809,32.8568],[-97.276,32.8526],[-97.2785,32.8481],[-97.2752,32.844],[-97.2768,32.8395],[-97.2387,32.8403],[-97.2391,32.824],[-97.2278,32.8238],[-97.2237,32.8269],[-97.2236,32.8238],[-97.2075,32.8236],[-97.2076,32.8195],[-97.2122,32.8195],[-97.2124,32.8042],[-97.202,32.8076],[-97.1865,32.8068],[-97.1781,32.7983],[-97.1792,32.7797],[-97.1988,32.7812],[-97.2265,32.7766],[-97.2412,32.7701],[-97.2527,32.7711],[-97.2597,32.7667],[-97.2836,32.7654],[-97.2797,32.7693],[-97.2795,32.7752],[-97.2734,32.7766],[-97.2732,32.7796],[-97.2821,32.7778],[-97.2789,32.7796],[-97.2906,32.781],[-97.2936,32.7932],[-97.2906,32.7951],[-97.2905,32.8098],[-97.3083,32.8106],[-97.3081,32.8158],[-97.3128,32.8163],[-97.3124,32.8243],[-97.3315,32.8249],[-97.3473,32.8424],[-97.4013,32.819],[-97.3988,32.8191],[-97.4021,32.8108],[-97.3884,32.8064],[-97.3917,32.8036],[-97.3911,32.7919],[-97.3718,32.7809],[-97.3724,32.7746],[-97.3679,32.7659],[-97.3456,32.766],[-97.347,32.7618],[-97.3424,32.7581],[-97.3347,32.7589],[-97.331,32.7641],[-97.3402,32.7746],[-97.3394,32.7807],[-97.3365,32.784],[-97.3281,32.7828],[-97.3128,32.7677],[-97.3089,32.7697],[-97.3089,32.7562],[-97.3035,32.7531],[-97.3031,32.7438],[-97.3193,32.7425],[-97.3203,32.7354],[-97.3316,32.7331],[-97.3316,32.7131],[-97.3438,32.7114],[-97.3734,32.6819],[-97.3628,32.6797],[-97.3633,32.6742],[-97.3565,32.6727],[-97.3567,32.6686],[-97.3526,32.6673],[-97.3533,32.6488],[-97.3644,32.6461],[-97.3596,32.644],[-97.3613,32.6409],[-97.3577,32.6348],[-97.3574,32.6255],[-97.37,32.6244],[-97.3685,32.6204],[-97.3666,32.6224],[-97.3669,32.6185],[-97.3579,32.6194],[-97.3583,32.6153],[-97.3499,32.6141],[-97.3515,32.6068],[-97.3551,32.6068],[-97.3646,32.5534],[-97.5506,32.5554],[-97.5482,32.7761],[-97.56,32.7823],[-97.5801,32.7827],[-97.5804,32.7879],[-97.6179,32.7855],[-97.6381,32.789],[-97.6807,32.7857],[-97.6759,32.7791],[-97.6706,32.7808],[-97.6668,32.7701],[-97.669,32.7664],[-97.673,32.7664],[-97.6705,32.7623],[-97.673,32.7619],[-97.6745,32.7502],[-97.668,32.7249],[-97.6762,32.7194],[-97.6754,32.7055],[-97.6576,32.702],[-97.6509,32.6922],[-97.6163,32.6917],[-97.6155,32.7018],[-97.6077,32.7],[-97.6079,32.7041],[-97.6163,32.7041],[-97.6162,32.7099],[-97.6027,32.7115],[-97.6029,32.7008],[-97.5925,32.7005],[-97.5928,32.6862],[-97.5951,32.6861],[-97.5859,32.6723],[-97.5881,32.6419],[-97.5834,32.6407],[-97.5831,32.6363],[-97.5785,32.636],[-97.5784,32.6104],[-97.5955,32.615],[-97.6152,32.6308],[-97.6514,32.6399],[-97.6615,32.6497],[-97.6717,32.6535],[-97.6801,32.6529],[-97.6874,32.6577],[-97.691,32.6647],[-97.7018,32.664],[-97.7012,32.6739],[-97.7086,32.6815],[-97.7434,32.6954],[-97.7636,32.6962],[-97.7815,32.7164],[-97.7884,32.7119],[-97.7941,32.715],[-97.8049,32.7117],[-97.8129,32.7148],[-97.8275,32.7143],[-97.8275,32.7206],[-97.8306,32.7212],[-97.8348,32.7165],[-97.8453,32.7168],[-97.8456,32.7227],[-97.85,32.7229],[-97.8499,32.7282],[-97.887,32.726],[-97.9981,32.6881],[-98.0321,32.6659],[-98.0386,32.6492],[-98.0644,32.6379]]]}},{"id":"25","type":"Feature","properties":{"district":"13","name":"Congressional District 13"},"geometry":{"type":"Polygon","coordinates":[[[-103.043,34.7485],[-103.0417,36.5004],[-100.0004,36.4997],[-100.0003,34.5605],[-99.9716,34.5622],[-99.9538,34.5785],[-99.9232,34.5746],[-99.9218,34.5703],[-99.8938,34.5542],[-99.877,34.5401],[-99.8531,34.5116],[-99.8329,34.5001],[-99.8218,34.4978],[-99.8168,34.4902],[-99.8187,34.485],[-99.8143,34.4762],[-99.7937,34.4539],[-99.7861,34.4511],[-99.783,34.4444],[-99.7757,34.4442],[-99.7656,34.4375],[-99.7672,34.4305],[-99.7542,34.4213],[-99.7203,34.4063],[-99.7151,34.4008],[-99.7127,34.3909],[-99.6945,34.3782],[-99.6783,34.3798],[-99.6627,34.3737],[-99.6465,34.3825],[-99.6242,34.3736],[-99.6073,34.3769],[-99.6,34.3747],[-99.5854,34.3889],[-99.5845,34.4077],[-99.5801,34.4167],[-99.5697,34.4184],[-99.5492,34.4127],[-99.5143,34.414],[-99.5069,34.4095],[-99.499,34.4092],[-99.4872,34.398],[-99.4664,34.3959],[-99.4625,34.3911],[-99.4611,34.3807],[-99.4551,34.3813],[-99.4538,34.3887],[-99.4383,34.3712],[-99.431,34.3711],[-99.43,34.381],[-99.4249,34.3858],[-99.4102,34.3734],[-99.4053,34.3729],[-99.3974,34.3779],[-99.3957,34.3977],[-99.3872,34.4108],[-99.3972,34.4186],[-99.3973,34.4239],[-99.3933,34.4276],[-99.3952,34.442],[-99.3783,34.4582],[-99.359,34.4558],[-99.3548,34.4518],[-99.3569,34.4421],[-99.3341,34.4275],[-99.3196,34.4089],[-99.2946,34.4154],[-99.2856,34.4124],[-99.28,34.4007],[-99.2723,34.4008],[-99.2663,34.4055],[-99.2613,34.4035],[-99.2618,34.395],[-99.2589,34.3913],[-99.2739,34.3876],[-99.2744,34.3843],[-99.2598,34.3776],[-99.2586,34.3727],[-99.2489,34.376],[-99.2429,34.3727],[-99.2479,34.3685],[-99.2464,34.3644],[-99.2365,34.3658],[-99.2341,34.3535],[-99.228,34.3495],[-99.234,34.3422],[-99.2326,34.3389],[-99.2271,34.3378],[-99.2172,34.3415],[-99.2069,34.3383],[-99.2108,34.3368],[-99.2096,34.3249],[-99.2056,34.3192],[-99.2133,34.3107],[-99.2097,34.2989],[-99.2114,34.2922],[-99.2074,34.2835],[-99.1954,34.2808],[-99.1945,34.2719],[-99.1993,34.2608],[-99.1914,34.2578],[-99.1969,34.2444],[-99.19,34.2298],[-99.1928,34.2189],[-99.1898,34.2144],[-99.1537,34.2073],[-99.1381,34.2192],[-99.1304,34.2195],[-99.1265,34.2154],[-99.132,34.2074],[-99.1266,34.2031],[-99.1193,34.2018],[-99.1118,34.206],[-99.1082,34.2035],[-99.0962,34.2117],[-99.0889,34.2085],[-99.0794,34.2116],[-99.0631,34.2069],[-99.058,34.2006],[-99.0445,34.1981],[-99.0362,34.2069],[-99.0245,34.204],[-99.0173,34.2063],[-99.013,34.2032],[-99.0022,34.2094],[-99.0047,34.2141],[-99.0006,34.2177],[-98.9882,34.2213],[-98.9809,34.2171],[-98.9726,34.2026],[-98.9666,34.2011],[-98.9629,34.2038],[-98.96,34.2133],[-98.9513,34.2122],[-98.9183,34.1818],[-98.8871,34.1683],[-98.8729,34.1666],[-98.8712,34.163],[-98.8749,34.1557],[-98.8681,34.1496],[-98.8601,34.1499],[-98.8556,34.1616],[-98.8371,34.1565],[-98.8311,34.1622],[-98.813,34.1584],[-98.8044,34.1539],[-98.7962,34.1428],[-98.7884,34.1467],[-98.7781,34.1395],[-98.7656,34.1364],[-98.757,34.1246],[-98.742,34.1255],[-98.7343,34.1358],[-98.7175,34.1365],[-98.7125,34.1312],[-98.703,34.1359],[-98.6901,34.1332],[-98.6481,34.1644],[-98.6167,34.1564],[-98.5998,34.1606],[-98.5771,34.149],[-98.5602,34.1332],[-98.5509,34.1326],[-98.5518,34.1271],[-98.5586,34.1283],[-98.561,34.1239],[-98.5363,34.1073],[-98.5282,34.095],[-98.5041,34.0723],[-98.4946,34.0701],[-98.4863,34.0626],[-98.4715,34.0657],[-98.4651,34.0737],[-98.449,34.0735],[-98.4401,34.0843],[-98.4285,34.0855],[-98.4204,34.0823],[-98.4144,34.0851],[-98.4097,34.0925],[-98.4114,34.1003],[-98.3998,34.1],[-98.3982,34.1214],[-98.401,34.1222],[-98.3984,34.1285],[-98.3894,34.1332],[-98.3801,34.1308],[-98.3869,34.1389],[-98.3844,34.1463],[-98.3656,34.157],[-98.3254,34.151],[-98.2939,34.133],[-98.2565,34.1295],[-98.2325,34.1346],[-98.2165,34.1218],[-98.2017,34.1171],[-98.1708,34.1142],[-98.1544,34.1227],[-98.1308,34.1505],[-98.1234,34.1545],[-98.1095,34.1541],[-98.1006,34.1435],[-98.1029,34.1326],[-98.0924,34.1322],[-98.0898,34.1282],[-98.0993,34.1043],[-98.1194,34.0845],[-98.1202,34.0721],[-98.1146,34.0623],[-98.1019,34.051],[-98.0825,34.0394],[-98.089,34.0338],[-98.1017,34.0391],[-98.1062,34.0349],[-98.0984,34.0239],[-98.084,34.0144],[-98.0824,34.0098],[-98.0882,34.0055],[-98.0552,33.9958],[-98.0277,33.9934],[-97.9909,33.9989],[-97.9742,34.0067],[-97.9583,33.9908],[-97.9465,33.9907],[-97.9604,33.9519],[-97.9742,33.9428],[-97.9712,33.9371],[-97.9534,33.9364],[-97.9572,33.9145],[-97.9687,33.906],[-97.9788,33.9125],[-97.9844,33.898],[-97.9678,33.8822],[-97.9571,33.8788],[-97.9342,33.8781],[-97.8774,33.8502],[-97.8642,33.8497],[-97.8335,33.8581],[-97.8207,33.8689],[-97.8176,33.881],[-97.8139,33.8819],[-97.8089,33.8767],[-97.8054,33.8772],[-97.8016,33.8851],[-97.8016,33.8959],[-97.7981,33.8991],[-97.7924,33.8991],[-97.7847,33.8906],[-97.7797,33.8992],[-97.7861,33.9134],[-97.7835,33.9183],[-97.7783,33.9196],[-97.7727,33.9144],[-97.7638,33.9142],[-97.7594,33.9188],[-97.7628,33.9344],[-97.7529,33.9371],[-97.7323,33.9365],[-97.7122,33.9516],[-97.6931,33.9837],[-97.6713,33.9916],[-97.6338,33.9813],[-97.6091,33.9681],[-97.598,33.9552],[-97.5896,33.9536],[-97.5954,33.9414],[-97.5912,33.9296],[-97.597,33.9163],[-97.5893,33.9039],[-97.5811,33.8997],[-97.567,33.9016],[-97.555,33.8973],[-97.5242,33.9122],[-97.5009,33.9195],[-97.4865,33.917],[-97.4841,33.9132],[-97.4871,33.4337],[-97.383,33.4329],[-97.3831,33.4305],[-97.2193,33.4247],[-97.217,33.3496],[-97.2206,33.3461],[-97.2215,33.3258],[-97.2145,33.3255],[-97.2139,33.3182],[-97.2043,33.318],[-97.2012,33.3219],[-97.1802,33.3246],[-97.1678,33.323],[-97.1672,33.3276],[-97.1619,33.3271],[-97.1612,33.3298],[-97.1559,33.3261],[-97.1553,33.3295],[-97.1414,33.3317],[-97.1418,33.3253],[-97.1378,33.327],[-97.1356,33.3238],[-97.1356,33.3118],[-97.1339,33.3131],[-97.1299,33.306],[-97.1206,33.3038],[-97.1238,33.2996],[-97.1182,33.2999],[-97.1197,33.2974],[-97.1149,33.294],[-97.1172,33.2931],[-97.1106,33.2917],[-97.1129,33.2893],[-97.1088,33.2847],[-97.0963,33.2778],[-97.0825,33.2852],[-97.0777,33.2812],[-97.0694,33.2824],[-97.0687,33.279],[-97.0583,33.2775],[-97.0551,33.271],[-97.0575,33.2657],[-97.0539,33.2621],[-97.0542,33.2646],[-97.0488,33.2639],[-97.0491,33.2686],[-97.0449,33.2686],[-97.0372,33.2581],[-97.0361,33.2372],[-97.0307,33.2166],[-97.0203,33.1995],[-97.0198,33.1774],[-97.0421,33.1811],[-97.0643,33.1709],[-97.0648,33.1631],[-97.0889,33.163],[-97.0885,33.1591],[-97.092,33.1582],[-97.0903,33.1521],[-97.0933,33.1454],[-97.091,33.1443],[-97.096,33.1432],[-97.0964,33.1321],[-97.1147,33.1325],[-97.1233,33.1369],[-97.1224,33.156],[-97.1266,33.176],[-97.1419,33.176],[-97.1381,33.1989],[-97.1417,33.1988],[-97.1415,33.2053],[-97.1614,33.2108],[-97.162,33.219],[-97.2296,33.2216],[-97.2295,33.2258],[-97.2344,33.2259],[-97.2344,33.2216],[-97.2571,33.2243],[-97.2601,33.2203],[-97.3174,33.2207],[-97.3182,33.2229],[-97.3539,33.2244],[-97.3602,33.2233],[-97.3609,33.2168],[-97.3887,33.2185],[-97.3916,33.2189],[-97.3908,33.2458],[-97.4115,33.2508],[-97.4508,33.2456],[-97.5671,33.2402],[-97.5878,33.2454],[-97.6196,33.2309],[-97.684,33.2328],[-97.7127,33.2291],[-97.7238,33.225],[-97.7186,33.2252],[-97.7192,33.2152],[-97.7324,33.2151],[-97.7323,33.209],[-97.741,33.2091],[-97.7408,33.194],[-97.7462,33.1899],[-97.7493,33.1925],[-97.7559,33.1913],[-97.7557,33.2007],[-97.7589,33.2042],[-97.7617,33.2042],[-97.7634,33.1996],[-97.7685,33.1983],[-97.7689,33.2014],[-97.7796,33.196],[-97.7782,33.2061],[-97.7736,33.2073],[-97.7736,33.2087],[-97.7788,33.2091],[-97.7814,33.2176],[-97.8308,33.1828],[-97.8274,33.182],[-97.8241,33.1474],[-97.8337,33.1474],[-97.8347,33.1513],[-97.8465,33.155],[-97.847,33.1486],[-97.8602,33.1238],[-97.8612,33.1146],[-97.9075,33.1154],[-97.9116,33.1121],[-97.9131,33.1017],[-97.9204,33.0993],[-97.9182,33.4339],[-97.979,33.4337],[-97.9789,33.4671],[-98.4214,33.4668],[-98.4207,33.3962],[-99.4853,33.3991],[-101.0388,33.3972],[-101.0415,34.3124],[-101.4716,34.3123],[-101.4716,34.7475],[-102.3709,34.746],[-103.043,34.7485]]]}},{"id":"26","type":"Feature","properties":{"district":"35","name":"Congressional District 35"},"geometry":{"type":"Polygon","coordinates":[[[-98.5428,29.4272],[-98.5394,29.4531],[-98.5371,29.4539],[-98.5392,29.4571],[-98.528,29.4564],[-98.526,29.4665],[-98.5158,29.4664],[-98.5174,29.476],[-98.4993,29.4776],[-98.4993,29.4862],[-98.4939,29.4872],[-98.49,29.4843],[-98.4923,29.4682],[-98.4791,29.4664],[-98.4758,29.4633],[-98.4739,29.4666],[-98.4768,29.4709],[-98.4742,29.4735],[-98.4674,29.4683],[-98.4677,29.4614],[-98.4551,29.461],[-98.4566,29.4546],[-98.4724,29.4517],[-98.4695,29.4472],[-98.4744,29.4448],[-98.4703,29.4432],[-98.455,29.4416],[-98.455,29.4449],[-98.4489,29.4449],[-98.445,29.4423],[-98.4466,29.4396],[-98.4432,29.4402],[-98.428,29.4564],[-98.414,29.4564],[-98.409,29.4653],[-98.4143,29.4661],[-98.4102,29.4782],[-98.4176,29.4784],[-98.4205,29.4849],[-98.4422,29.4847],[-98.4421,29.4898],[-98.425,29.4979],[-98.4154,29.5063],[-98.4177,29.5161],[-98.4228,29.5161],[-98.4274,29.5353],[-98.4173,29.5446],[-98.4019,29.5546],[-98.4004,29.5489],[-98.3943,29.5466],[-98.3838,29.5488],[-98.3863,29.5418],[-98.3792,29.5418],[-98.3791,29.5313],[-98.3825,29.5304],[-98.3813,29.523],[-98.3914,29.5234],[-98.3971,29.5103],[-98.3716,29.5104],[-98.3693,29.5306],[-98.3596,29.5357],[-98.3611,29.5372],[-98.3544,29.5439],[-98.3577,29.5501],[-98.3669,29.5428],[-98.3797,29.5555],[-98.3644,29.5681],[-98.3475,29.5721],[-98.3384,29.5807],[-98.3418,29.5858],[-98.3304,29.594],[-98.2491,29.6358],[-98.2165,29.6473],[-98.2115,29.6394],[-98.1822,29.6576],[-98.1696,29.6628],[-98.1682,29.6579],[-98.1503,29.6653],[-98.1384,29.6832],[-98.1259,29.6853],[-98.095,29.6993],[-98.0854,29.7229],[-98.0596,29.7453],[-98.0296,29.7869],[-98.0152,29.8015],[-98.0187,29.8122],[-97.9727,29.8535],[-97.9774,29.8596],[-97.963,29.8726],[-97.979,29.8859],[-97.9853,29.8999],[-97.962,29.8957],[-97.9501,29.8891],[-97.9444,29.8923],[-97.9356,29.8901],[-97.9271,29.8969],[-97.9239,29.8947],[-97.9116,29.9059],[-97.9119,29.9149],[-97.9061,29.9201],[-97.9018,29.9331],[-97.8845,29.9505],[-97.8806,29.9472],[-97.8805,29.9473],[-97.8757,29.967],[-97.8875,29.9788],[-97.8776,29.9838],[-97.8837,29.9864],[-97.8812,29.9894],[-97.8917,30.0123],[-97.8838,30.0458],[-97.8793,30.05],[-97.8681,30.0506],[-97.8577,30.0587],[-97.8566,30.0716],[-97.848,30.0785],[-97.8403,30.0812],[-97.8402,30.077],[-97.8254,30.0771],[-97.8244,30.0795],[-97.8284,30.0822],[-97.8272,30.0881],[-97.822,30.0888],[-97.8195,30.0954],[-97.8135,30.0988],[-97.7874,30.1652],[-97.7356,30.2432],[-97.7372,30.2591],[-97.7251,30.2866],[-97.7218,30.2854],[-97.7197,30.2881],[-97.7142,30.2851],[-97.7065,30.2862],[-97.7074,30.2892],[-97.6911,30.2896],[-97.6795,30.3073],[-97.6708,30.3085],[-97.6816,30.3161],[-97.6805,30.3228],[-97.6659,30.3277],[-97.6688,30.335],[-97.6762,30.3371],[-97.6784,30.344],[-97.6686,30.3625],[-97.6667,30.3729],[-97.6515,30.3821],[-97.6385,30.4037],[-97.6351,30.402],[-97.6318,30.4068],[-97.6284,30.4056],[-97.6162,30.4262],[-97.6095,30.4231],[-97.6066,30.4323],[-97.6105,30.435],[-97.5461,30.4009],[-97.5414,30.4075],[-97.5168,30.3962],[-97.5224,30.3857],[-97.5102,30.3813],[-97.5048,30.3656],[-97.5067,30.3638],[-97.4971,30.3525],[-97.4935,30.3414],[-97.485,30.3328],[-97.4861,30.326],[-97.4773,30.3236],[-97.492,30.3009],[-97.5138,30.3087],[-97.5266,30.3037],[-97.5547,30.2569],[-97.5475,30.2535],[-97.5349,30.2539],[-97.5216,30.2478],[-97.5286,30.2428],[-97.5249,30.2384],[-97.5263,30.2347],[-97.5194,30.2315],[-97.519,30.2351],[-97.5144,30.2268],[-97.4965,30.2161],[-97.4911,30.2243],[-97.4863,30.2205],[-97.4925,30.21],[-97.6494,30.0679],[-97.6537,30.0716],[-97.7078,30.0241],[-97.7607,29.9881],[-97.7924,29.9452],[-97.8174,29.9347],[-97.8502,29.9154],[-97.8939,29.8837],[-97.8991,29.8574],[-97.8896,29.8564],[-97.8843,29.8625],[-97.8753,29.8582],[-97.9436,29.8069],[-98.001,29.7511],[-98.0899,29.6835],[-98.3109,29.5945],[-98.3117,29.5901],[-98.3041,29.5847],[-98.3221,29.5767],[-98.3484,29.5552],[-98.3371,29.5386],[-98.3529,29.5304],[-98.3458,29.5252],[-98.3458,29.517],[-98.3336,29.5139],[-98.3338,29.5109],[-98.3127,29.5162],[-98.3013,29.5342],[-98.288,29.513],[-98.2885,29.5038],[-98.2462,29.5237],[-98.2237,29.4881],[-98.3902,29.4359],[-98.3894,29.4234],[-98.4703,29.4251],[-98.4852,29.4304],[-98.4878,29.423],[-98.4805,29.419],[-98.4799,29.4086],[-98.4811,29.4023],[-98.4852,29.4025],[-98.4903,29.3953],[-98.5251,29.3969],[-98.5394,29.4024],[-98.5388,29.4251],[-98.5428,29.4272]]]}},{"id":"27","type":"Feature","properties":{"district":"14","name":"Congressional District 14"},"geometry":{"type":"Polygon","coordinates":[[[-95.8739,29.23],[-95.8419,29.2587],[-95.8477,29.2626],[-95.7978,29.308],[-95.784,29.2962],[-95.7529,29.3245],[-95.6651,29.2989],[-95.6545,29.2909],[-95.6522,29.2947],[-95.6443,29.2937],[-95.6388,29.2972],[-95.6313,29.2927],[-95.6261,29.2931],[-95.6208,29.2999],[-95.622,29.3051],[-95.6282,29.3095],[-95.605,29.3307],[-95.6025,29.328],[-95.5908,29.3275],[-95.5865,29.3196],[-95.5651,29.3202],[-95.5626,29.3271],[-95.548,29.3273],[-95.5481,29.3314],[-95.5439,29.3315],[-95.5482,29.3344],[-95.5328,29.3383],[-95.4999,29.3388],[-95.4998,29.3348],[-95.4935,29.3349],[-95.4934,29.3288],[-95.4688,29.3312],[-95.4631,29.3406],[-95.4575,29.3408],[-95.4522,29.326],[-95.4478,29.326],[-95.4476,29.3205],[-95.4398,29.3206],[-95.4401,29.3337],[-95.4259,29.3342],[-95.4255,29.3176],[-95.4206,29.3173],[-95.4219,29.3316],[-95.4182,29.3398],[-95.4227,29.3518],[-95.3619,29.3528],[-95.2706,29.3959],[-95.2746,29.4024],[-95.263,29.4079],[-95.2655,29.4046],[-95.2637,29.3987],[-95.2515,29.3996],[-95.2535,29.3817],[-95.2481,29.3842],[-95.2501,29.3876],[-95.2423,29.3913],[-95.2402,29.3879],[-95.2361,29.3899],[-95.233,29.3827],[-95.2249,29.3852],[-95.2326,29.4041],[-95.2258,29.4062],[-95.2288,29.4075],[-95.2264,29.4097],[-95.2238,29.4099],[-95.2216,29.4048],[-95.2178,29.406],[-95.2136,29.3957],[-95.1922,29.3999],[-95.1922,29.4044],[-95.2331,29.4656],[-95.2163,29.5558],[-95.2087,29.5599],[-95.2041,29.5582],[-95.2011,29.5632],[-95.1992,29.5587],[-95.1932,29.5595],[-95.2,29.5526],[-95.1973,29.549],[-95.1995,29.5447],[-95.1975,29.542],[-95.1942,29.5432],[-95.1921,29.5387],[-95.1942,29.5368],[-95.1875,29.534],[-95.1899,29.5273],[-95.1869,29.5274],[-95.1878,29.5243],[-95.183,29.519],[-95.1697,29.5149],[-95.1674,29.512],[-95.1709,29.5075],[-95.1619,29.4973],[-95.1522,29.5004],[-95.1489,29.4987],[-95.1417,29.5064],[-95.1296,29.5051],[-95.1251,29.5103],[-95.1187,29.5069],[-95.1131,29.5108],[-95.1043,29.5107],[-95.1062,29.5166],[-95.1032,29.5209],[-95.0981,29.5183],[-95.094,29.524],[-95.0964,29.5351],[-95.09,29.5311],[-95.0859,29.5348],[-95.0796,29.5344],[-95.0807,29.5462],[-95.0721,29.5493],[-95.0683,29.5575],[-95.0586,29.5591],[-95.0296,29.5522],[-95.0285,29.5474],[-95.0175,29.5485],[-95.0209,29.5524],[-95.0182,29.5546],[-95.0146,29.5389],[-95.0031,29.5261],[-94.9827,29.5135],[-94.9115,29.4962],[-94.8752,29.5147],[-94.8252,29.5191],[-94.815,29.5278],[-94.8042,29.5449],[-94.7932,29.5511],[-94.7795,29.5303],[-94.7624,29.5241],[-94.7409,29.5267],[-94.7122,29.5372],[-94.6863,29.5383],[-94.6618,29.5466],[-94.6175,29.5548],[-94.5627,29.5743],[-94.5453,29.5721],[-94.5368,29.5608],[-94.5235,29.5517],[-94.5215,29.5408],[-94.4988,29.5445],[-94.4955,29.55],[-94.4746,29.5583],[-94.4226,29.5663],[-94.4217,29.5697],[-94.4124,29.5734],[-94.4173,29.5781],[-94.4127,29.5809],[-94.4169,29.5846],[-94.4138,29.5869],[-94.4193,29.5864],[-94.4176,29.5924],[-94.4138,29.59],[-94.4065,29.5983],[-94.3997,29.5946],[-94.3981,29.5968],[-94.3897,29.5948],[-94.3795,29.617],[-94.3656,29.6174],[-94.3656,29.6048],[-94.3539,29.6115],[-94.3578,29.8899],[-94.3405,29.8923],[-94.3229,29.8876],[-94.2688,29.9316],[-94.251,29.9261],[-94.2272,29.9596],[-94.2039,29.9828],[-94.2167,29.9921],[-94.2161,30.0018],[-94.2221,30.0093],[-94.2223,30.0237],[-94.1892,30.0238],[-94.1893,30.0384],[-94.197,30.0384],[-94.2006,30.0502],[-94.2064,30.0501],[-94.2083,30.0574],[-94.2057,30.0574],[-94.2116,30.0765],[-94.1898,30.0766],[-94.19,30.0912],[-94.1496,30.0933],[-94.1495,30.0863],[-94.1433,30.0854],[-94.1432,30.0765],[-94.1555,30.0724],[-94.1353,30.0751],[-94.1347,30.0682],[-94.1294,30.0683],[-94.1293,30.0616],[-94.1247,30.0617],[-94.1246,30.0577],[-94.1155,30.0579],[-94.1179,30.0638],[-94.1154,30.079],[-94.1084,30.0811],[-94.106,30.0787],[-94.0999,30.0833],[-94.1042,30.0851],[-94.102,30.0881],[-94.0879,30.0874],[-94.0873,30.0912],[-94.0942,30.091],[-94.0873,30.1049],[-94.0812,30.1043],[-94.0744,30.1121],[-94.0796,30.1271],[-94.0986,30.1362],[-94.1081,30.1354],[-94.1009,30.143],[-94.1135,30.1483],[-94.1159,30.1603],[-94.1103,30.1657],[-94.1149,30.1732],[-94.111,30.1867],[-94.1053,30.1875],[-94.1065,30.1932],[-94.0979,30.1884],[-94.0982,30.1985],[-94.0918,30.1973],[-94.0942,30.2004],[-94.0912,30.2046],[-94.0952,30.2033],[-94.1036,30.2138],[-94.105,30.2108],[-94.1178,30.2159],[-94.1155,30.2215],[-94.1176,30.2417],[-93.7162,30.2443],[-93.7068,30.2437],[-93.7032,30.2398],[-93.7095,30.2385],[-93.7045,30.2338],[-93.7111,30.2352],[-93.7135,30.2289],[-93.7095,30.2278],[-93.7136,30.2247],[-93.7112,30.2221],[-93.7131,30.2186],[-93.719,30.2194],[-93.7207,30.2155],[-93.717,30.2161],[-93.7196,30.2148],[-93.7171,30.212],[-93.7212,30.2092],[-93.7174,30.2062],[-93.7142,30.2087],[-93.7175,30.1931],[-93.7091,30.1972],[-93.7055,30.1929],[-93.7126,30.1925],[-93.7124,30.1872],[-93.7088,30.1864],[-93.7107,30.1799],[-93.7056,30.1806],[-93.7042,30.1742],[-93.7,30.1755],[-93.703,30.1717],[-93.7008,30.1662],[-93.707,30.1575],[-93.7062,30.1506],[-93.7095,30.1467],[-93.6977,30.1529],[-93.6933,30.1419],[-93.6882,30.1414],[-93.6928,30.1352],[-93.7012,30.1375],[-93.7009,30.1231],[-93.708,30.12],[-93.7024,30.1127],[-93.7123,30.109],[-93.7155,30.1005],[-93.7238,30.0941],[-93.724,30.0826],[-93.7269,30.0823],[-93.7311,30.0895],[-93.7341,30.0861],[-93.717,30.0696],[-93.7031,30.0663],[-93.7002,30.057],[-93.7111,30.0544],[-93.7138,30.0657],[-93.7179,30.0656],[-93.7208,30.053],[-93.7374,30.0373],[-93.7411,30.0216],[-93.7566,30.0142],[-93.7706,29.9965],[-93.7886,29.9888],[-93.8078,29.9545],[-93.8173,29.9184],[-93.8384,29.8829],[-93.8636,29.8572],[-93.8956,29.8402],[-93.9164,29.825],[-93.9257,29.8147],[-93.9292,29.803],[-93.9265,29.7896],[-93.9224,29.785],[-93.8922,29.7652],[-93.8908,29.7609],[-93.8938,29.753],[-93.8914,29.7443],[-93.87,29.7355],[-93.8374,29.6899],[-93.8144,29.5966],[-93.8365,29.5968],[-93.8486,29.6003],[-93.8665,29.6118],[-93.875,29.6214],[-93.906,29.625],[-94.0336,29.625],[-94.1252,29.5956],[-94.4192,29.4835],[-94.4995,29.4523],[-94.6252,29.3977],[-94.6503,29.3828],[-94.636,29.3706],[-94.6239,29.3431],[-94.629,29.3216],[-94.6504,29.2919],[-94.6662,29.281],[-94.6803,29.2776],[-94.6923,29.2771],[-94.7133,29.2825],[-94.7412,29.2596],[-94.7507,29.2469],[-94.7727,29.2317],[-94.9122,29.1593],[-95.0002,29.1045],[-95.0864,29.0682],[-95.0916,29.0627],[-95.0873,29.058],[-95.0938,29.0333],[-95.1065,29.0149],[-95.1395,28.9917],[-95.1808,28.9489],[-95.2272,28.9104],[-95.3081,28.8588],[-95.3102,28.851],[-95.3221,28.8344],[-95.3403,28.8233],[-95.378,28.8103],[-95.4201,28.8056],[-95.4956,28.7648],[-95.5073,28.8258],[-95.5041,28.8286],[-95.5041,28.8377],[-95.5305,28.8291],[-95.5376,28.8329],[-95.5508,28.8287],[-95.5737,28.8328],[-95.5793,28.8406],[-95.5762,28.8524],[-95.5792,28.8596],[-95.6165,28.8851],[-95.6232,28.8937],[-95.6335,28.8975],[-95.6365,28.9032],[-95.6421,28.9043],[-95.6516,28.92],[-95.6512,28.9282],[-95.6458,28.9389],[-95.6551,28.9515],[-95.6689,28.9562],[-95.6762,28.9648],[-95.6797,28.9657],[-95.6842,28.9605],[-95.6974,28.9659],[-95.6991,28.9695],[-95.7649,28.9674],[-95.768,28.9696],[-95.7707,28.9753],[-95.7656,28.9797],[-95.7705,28.9849],[-95.7672,28.9916],[-95.7783,28.9971],[-95.7726,29.0052],[-95.7677,29.0038],[-95.7779,29.0091],[-95.7844,29.0075],[-95.7852,29.0123],[-95.7793,29.0108],[-95.7799,29.0165],[-95.7761,29.0179],[-95.782,29.0209],[-95.778,29.0248],[-95.7841,29.0304],[-95.7793,29.0345],[-95.7855,29.0391],[-95.7833,29.0435],[-95.7775,29.0444],[-95.7759,29.0522],[-95.7675,29.0532],[-95.7651,29.0608],[-95.7708,29.0664],[-95.7809,29.0656],[-95.7934,29.0722],[-95.7971,29.0801],[-95.8015,29.08],[-95.8059,29.0905],[-95.8291,29.0889],[-95.8419,29.0991],[-95.8432,29.1066],[-95.8464,29.1076],[-95.8408,29.1147],[-95.8378,29.1342],[-95.8399,29.1423],[-95.8482,29.1465],[-95.8505,29.1569],[-95.8469,29.1675],[-95.8397,29.1684],[-95.8417,29.1735],[-95.8384,29.1766],[-95.8578,29.1933],[-95.8447,29.2047],[-95.8739,29.23]]]}},{"id":"28","type":"Feature","properties":{"district":"36","name":"Congressional District 36"},"geometry":{"type":"Polygon","coordinates":[[[-95.2621,29.5871],[-95.2603,29.5899],[-95.2547,29.5853],[-95.2449,29.5941],[-95.2503,29.5983],[-95.2388,29.6105],[-95.2326,29.6045],[-95.2283,29.6056],[-95.2279,29.609],[-95.221,29.6051],[-95.218,29.607],[-95.2113,29.5915],[-95.2078,29.5896],[-95.2041,29.593],[-95.199,29.586],[-95.1906,29.5915],[-95.1978,29.5989],[-95.1853,29.6095],[-95.211,29.637],[-95.2079,29.6471],[-95.2145,29.6445],[-95.2187,29.6491],[-95.208,29.651],[-95.2081,29.655],[-95.2025,29.6541],[-95.2025,29.6588],[-95.1935,29.6589],[-95.193,29.6787],[-95.1727,29.6749],[-95.1725,29.6822],[-95.1641,29.6814],[-95.1643,29.6887],[-95.1726,29.6886],[-95.173,29.6947],[-95.1711,29.6937],[-95.173,29.7469],[-95.1689,29.7469],[-95.165,29.7516],[-95.1761,29.7535],[-95.1836,29.7609],[-95.1914,29.7583],[-95.1882,29.7644],[-95.1901,29.7693],[-95.1727,29.7674],[-95.1728,29.7703],[-95.1557,29.7687],[-95.1436,29.7714],[-95.1325,29.7664],[-95.1323,29.7635],[-95.1267,29.764],[-95.1273,29.7595],[-95.124,29.7573],[-95.1244,29.772],[-95.1139,29.775],[-95.0956,29.7883],[-95.0703,29.7957],[-95.0574,29.791],[-95.0585,29.7878],[-95.0493,29.7901],[-95.0225,29.7789],[-95.0133,29.7699],[-95.0097,29.7724],[-95.0106,29.7771],[-95.0077,29.7771],[-95.0051,29.7872],[-95.0024,29.7872],[-95.0016,29.7946],[-95.0048,29.8011],[-94.9976,29.8023],[-94.9976,29.8201],[-95.0028,29.8424],[-95.0279,29.8421],[-95.0282,29.8573],[-95.0351,29.8575],[-95.0358,29.8884],[-95.0616,29.8887],[-95.0318,29.9378],[-94.9859,29.973],[-94.9955,29.9779],[-95.0,29.9916],[-95.0219,29.9969],[-95.0312,29.9933],[-95.1659,30.345],[-94.8426,30.4875],[-94.8494,30.4936],[-94.7773,30.489],[-94.5379,30.4911],[-94.658,31.012],[-94.5619,31.059],[-94.5483,31.0534],[-94.5476,31.0592],[-94.543,31.0536],[-94.538,31.0544],[-94.5364,31.0518],[-94.5342,31.0568],[-94.5284,31.0537],[-94.5267,31.0559],[-94.5265,31.0513],[-94.5228,31.0528],[-94.5232,31.0487],[-94.5176,31.0516],[-94.5087,31.0432],[-94.5061,31.0458],[-94.4961,31.0419],[-94.4918,31.0449],[-94.4908,31.0386],[-94.4854,31.0387],[-94.4855,31.0314],[-94.4727,31.0261],[-94.4626,31.0331],[-94.0641,31.1123],[-94.0629,31.1149],[-94.0566,31.1117],[-94.0571,31.1143],[-94.0423,31.1194],[-94.0378,31.1294],[-94.039,31.1343],[-93.9112,31.1581],[-93.6002,31.1762],[-93.588,31.1655],[-93.5782,31.1679],[-93.5696,31.1776],[-93.5506,31.1864],[-93.5424,31.1832],[-93.5333,31.1845],[-93.5328,31.1743],[-93.5431,31.1707],[-93.5365,31.1585],[-93.5487,31.1558],[-93.5447,31.1361],[-93.5379,31.1266],[-93.5394,31.1152],[-93.5459,31.1112],[-93.5491,31.1002],[-93.5582,31.098],[-93.5583,31.0965],[-93.5546,31.0952],[-93.5537,31.0939],[-93.5579,31.0959],[-93.5594,31.0977],[-93.5603,31.0977],[-93.5637,31.0945],[-93.5558,31.087],[-93.5493,31.0904],[-93.5522,31.0789],[-93.5276,31.0745],[-93.5287,31.0692],[-93.5201,31.0658],[-93.5189,31.0619],[-93.5211,31.0573],[-93.5301,31.0568],[-93.5316,31.0536],[-93.5189,31.0437],[-93.5245,31.0411],[-93.5234,31.0377],[-93.508,31.0315],[-93.5223,31.0201],[-93.5325,31.0197],[-93.5392,31.0082],[-93.5494,31.0101],[-93.5559,31.0037],[-93.5666,31.0131],[-93.5782,31.0],[-93.5734,30.9918],[-93.5643,30.9897],[-93.5669,30.9794],[-93.5743,30.9737],[-93.5735,30.9712],[-93.5677,30.969],[-93.5605,30.9713],[-93.5498,30.9671],[-93.5463,30.9578],[-93.5431,30.9567],[-93.5318,30.9582],[-93.5324,30.949],[-93.526,30.9375],[-93.5265,30.9295],[-93.532,30.9238],[-93.5434,30.9202],[-93.5421,30.9258],[-93.5457,30.9271],[-93.5586,30.9132],[-93.553,30.9081],[-93.554,30.9028],[-93.5486,30.8999],[-93.5492,30.8974],[-93.5663,30.8948],[-93.5741,30.8845],[-93.5706,30.8752],[-93.5632,30.8749],[-93.5645,30.8686],[-93.5586,30.8694],[-93.5621,30.8593],[-93.5573,30.8521],[-93.5687,30.8442],[-93.5536,30.8351],[-93.5573,30.8284],[-93.5544,30.8235],[-93.5642,30.8175],[-93.5607,30.8096],[-93.563,30.806],[-93.5747,30.8014],[-93.5838,30.8018],[-93.5819,30.789],[-93.5894,30.7867],[-93.5832,30.7786],[-93.5927,30.7751],[-93.5921,30.7637],[-93.6037,30.7601],[-93.6059,30.7646],[-93.6092,30.7573],[-93.6143,30.7602],[-93.6148,30.7561],[-93.6084,30.7467],[-93.619,30.7403],[-93.6091,30.73],[-93.6177,30.7289],[-93.6098,30.7273],[-93.6095,30.7231],[-93.6136,30.7221],[-93.6054,30.7172],[-93.6087,30.7152],[-93.61,30.7183],[-93.6172,30.7186],[-93.6164,30.7124],[-93.6247,30.6999],[-93.6204,30.6941],[-93.6299,30.6799],[-93.6382,30.6731],[-93.6453,30.6735],[-93.6486,30.6676],[-93.655,30.6702],[-93.6597,30.6621],[-93.6704,30.658],[-93.6705,30.6526],[-93.683,30.6413],[-93.6804,30.6349],[-93.6842,30.6319],[-93.6851,30.6252],[-93.682,30.6186],[-93.6891,30.6114],[-93.6834,30.6082],[-93.6789,30.5936],[-93.6851,30.5921],[-93.6866,30.5857],[-93.6922,30.5857],[-93.6878,30.5901],[-93.6929,30.5944],[-93.7039,30.5884],[-93.7138,30.5876],[-93.7151,30.579],[-93.7215,30.5806],[-93.7278,30.5741],[-93.7278,30.5659],[-93.7239,30.5592],[-93.7314,30.5529],[-93.7288,30.5453],[-93.7403,30.5396],[-93.7324,30.5364],[-93.7328,30.53],[-93.7205,30.5243],[-93.7165,30.5192],[-93.7077,30.5213],[-93.7118,30.5109],[-93.7077,30.5111],[-93.7068,30.5071],[-93.7151,30.5013],[-93.7087,30.4991],[-93.7171,30.4944],[-93.7098,30.4826],[-93.7174,30.4838],[-93.7105,30.4755],[-93.7119,30.4694],[-93.699,30.4588],[-93.7063,30.4581],[-93.7021,30.4498],[-93.7075,30.445],[-93.6983,30.4449],[-93.6976,30.4422],[-93.6989,30.4372],[-93.7042,30.4344],[-93.7023,30.4298],[-93.7127,30.4332],[-93.7181,30.4226],[-93.7228,30.432],[-93.7261,30.4307],[-93.7268,30.4236],[-93.7227,30.4196],[-93.7275,30.4187],[-93.7287,30.4135],[-93.7339,30.4149],[-93.7368,30.4055],[-93.7457,30.3966],[-93.751,30.3965],[-93.7577,30.3904],[-93.7586,30.3862],[-93.7548,30.3863],[-93.7585,30.384],[-93.7552,30.3788],[-93.7549,30.3661],[-93.7581,30.3697],[-93.7592,30.368],[-93.751,30.3599],[-93.7554,30.3596],[-93.7568,30.3562],[-93.7589,30.361],[-93.7608,30.3599],[-93.7581,30.3547],[-93.7625,30.353],[-93.7577,30.35],[-93.7637,30.346],[-93.7595,30.3423],[-93.7657,30.3434],[-93.7587,30.339],[-93.7658,30.3327],[-93.763,30.3294],[-93.7573,30.3324],[-93.7552,30.3284],[-93.7517,30.3293],[-93.7562,30.326],[-93.7478,30.3188],[-93.7502,30.317],[-93.7469,30.3154],[-93.7486,30.3119],[-93.7409,30.3072],[-93.7444,30.3055],[-93.7424,30.3011],[-93.7385,30.3037],[-93.7345,30.3017],[-93.7376,30.2994],[-93.7255,30.2982],[-93.7242,30.2951],[-93.719,30.2962],[-93.7154,30.2928],[-93.7155,30.2956],[-93.7123,30.2923],[-93.7129,30.2879],[-93.7099,30.2883],[-93.709,30.2924],[-93.7051,30.2909],[-93.7094,30.2819],[-93.7041,30.2794],[-93.7065,30.2735],[-93.7104,30.2732],[-93.7078,30.2716],[-93.7087,30.2674],[-93.7055,30.2678],[-93.7088,30.2659],[-93.7062,30.2655],[-93.7073,30.2615],[-93.703,30.2608],[-93.7089,30.2517],[-93.7091,30.248],[-93.7055,30.2465],[-93.7094,30.2455],[-93.707,30.2437],[-94.1176,30.2417],[-94.1155,30.2215],[-94.1178,30.2159],[-94.105,30.2108],[-94.1036,30.2138],[-94.0952,30.2033],[-94.0912,30.205],[-94.0942,30.2004],[-94.0918,30.1973],[-94.0982,30.1985],[-94.0979,30.1884],[-94.1065,30.1932],[-94.1053,30.1875],[-94.1105,30.1878],[-94.1149,30.1732],[-94.1103,30.1657],[-94.1159,30.1603],[-94.1135,30.1483],[-94.1009,30.143],[-94.1081,30.1354],[-94.0986,30.1362],[-94.0796,30.1271],[-94.0743,30.1165],[-94.0787,30.1061],[-94.0873,30.1049],[-94.0942,30.091],[-94.0864,30.089],[-94.094,30.0863],[-94.102,30.0881],[-94.1042,30.0851],[-94.0999,30.0833],[-94.106,30.0787],[-94.1084,30.0811],[-94.1154,30.079],[-94.1179,30.0638],[-94.1155,30.0579],[-94.1246,30.0577],[-94.1247,30.0617],[-94.1293,30.0616],[-94.1294,30.0683],[-94.1347,30.0682],[-94.1353,30.0751],[-94.1555,30.0724],[-94.1432,30.0765],[-94.1433,30.0854],[-94.1495,30.0863],[-94.1496,30.0933],[-94.19,30.0912],[-94.1898,30.0766],[-94.2116,30.0765],[-94.2057,30.0574],[-94.2083,30.0574],[-94.2064,30.0501],[-94.2006,30.0502],[-94.197,30.0384],[-94.1893,30.0384],[-94.1892,30.0238],[-94.2223,30.0237],[-94.2221,30.0093],[-94.2161,30.0018],[-94.2167,29.9921],[-94.2039,29.9828],[-94.2272,29.9596],[-94.251,29.9261],[-94.2688,29.9316],[-94.3229,29.8876],[-94.3405,29.8923],[-94.3578,29.8899],[-94.3539,29.6115],[-94.3656,29.6048],[-94.3656,29.6174],[-94.3795,29.617],[-94.3897,29.5948],[-94.3981,29.5968],[-94.3997,29.5946],[-94.4065,29.5983],[-94.4138,29.59],[-94.4181,29.592],[-94.4193,29.5864],[-94.4138,29.5869],[-94.4169,29.5846],[-94.4127,29.5809],[-94.4173,29.5781],[-94.4124,29.5734],[-94.4217,29.5697],[-94.4226,29.5663],[-94.4746,29.5583],[-94.4955,29.55],[-94.4988,29.5445],[-94.5235,29.5411],[-94.5241,29.5524],[-94.5368,29.5608],[-94.5453,29.5721],[-94.558,29.5746],[-94.5702,29.5732],[-94.5841,29.5655],[-94.6175,29.5548],[-94.6618,29.5466],[-94.6863,29.5383],[-94.7122,29.5372],[-94.7409,29.5267],[-94.7558,29.5245],[-94.7643,29.5245],[-94.7795,29.5302],[-94.7932,29.5511],[-94.8042,29.5449],[-94.815,29.5278],[-94.8252,29.5191],[-94.8752,29.5147],[-94.9115,29.4962],[-94.9827,29.5135],[-95.0031,29.5261],[-95.0146,29.5389],[-95.0182,29.5546],[-95.0209,29.5524],[-95.0175,29.5485],[-95.0285,29.5474],[-95.0296,29.5522],[-95.0586,29.5591],[-95.0683,29.5575],[-95.0721,29.5493],[-95.0807,29.5462],[-95.0796,29.5344],[-95.0859,29.5348],[-95.09,29.5311],[-95.0964,29.5351],[-95.094,29.524],[-95.0981,29.5183],[-95.1032,29.5209],[-95.1062,29.5166],[-95.1043,29.5107],[-95.1131,29.5108],[-95.1187,29.5069],[-95.1251,29.5103],[-95.1296,29.5051],[-95.1417,29.5064],[-95.1489,29.4987],[-95.1522,29.5004],[-95.1629,29.4975],[-95.1631,29.5017],[-95.171,29.5077],[-95.1675,29.5125],[-95.1741,29.5149],[-95.1747,29.5182],[-95.1831,29.5191],[-95.1878,29.5243],[-95.1869,29.5274],[-95.1899,29.5273],[-95.1875,29.5281],[-95.1906,29.5305],[-95.1883,29.5355],[-95.1942,29.5367],[-95.1926,29.5413],[-95.1995,29.5445],[-95.1973,29.549],[-95.2,29.5526],[-95.1934,29.5599],[-95.1992,29.5587],[-95.2011,29.5632],[-95.2041,29.5582],[-95.2131,29.5589],[-95.2158,29.555],[-95.2146,29.5571],[-95.2179,29.5594],[-95.2212,29.5569],[-95.2286,29.56],[-95.2337,29.5571],[-95.238,29.5614],[-95.2428,29.5551],[-95.2538,29.5537],[-95.2552,29.5568],[-95.2524,29.5606],[-95.2585,29.5711],[-95.2621,29.5871]]]}},{"id":"29","type":"Feature","properties":{"district":"15","name":"Congressional District 15"},"geometry":{"type":"Polygon","coordinates":[[[-98.5863,26.2582],[-98.4858,26.4578],[-98.3968,26.6253],[-98.3207,26.7831],[-98.4226,26.7835],[-98.4179,27.0553],[-98.4665,27.0547],[-98.4673,27.142],[-98.4929,27.1421],[-98.4929,27.235],[-98.5062,27.2387],[-98.5124,27.2512],[-98.5192,27.2502],[-98.5223,27.2541],[-98.5311,27.2544],[-98.5366,27.2652],[-98.2325,27.2625],[-98.2355,28.058],[-98.3343,28.0578],[-98.335,28.6127],[-98.0983,28.7869],[-98.4073,29.1144],[-98.1372,29.4404],[-98.1225,29.446],[-98.1221,29.4418],[-98.1252,29.4401],[-98.1221,29.4354],[-98.1071,29.443],[-98.1028,29.4544],[-98.0931,29.4428],[-98.0848,29.4411],[-98.0803,29.4344],[-98.0736,29.4377],[-98.0735,29.4655],[-98.0585,29.4704],[-98.0496,29.4769],[-98.043,29.487],[-98.0723,29.5406],[-98.0436,29.5503],[-98.0239,29.5666],[-98.0366,29.5763],[-98.0333,29.587],[-98.044,29.5961],[-98.0303,29.6028],[-98.0274,29.6209],[-98.0315,29.6229],[-98.0486,29.6185],[-98.0499,29.6254],[-98.0461,29.6284],[-98.0446,29.6386],[-98.0563,29.6401],[-98.0576,29.6502],[-98.0658,29.6535],[-98.0706,29.6601],[-98.0701,29.6692],[-98.0639,29.6716],[-98.0639,29.6761],[-98.0721,29.683],[-98.0784,29.6792],[-98.0799,29.6712],[-98.0905,29.6689],[-98.0932,29.6723],[-98.0916,29.6825],[-97.9992,29.7525],[-97.9436,29.8069],[-97.8753,29.8582],[-97.8689,29.8514],[-97.8637,29.8563],[-97.8562,29.8489],[-97.8555,29.8439],[-97.8473,29.8424],[-97.8439,29.8328],[-97.8367,29.8272],[-97.8427,29.824],[-97.8406,29.8162],[-97.8464,29.8086],[-97.8419,29.8075],[-97.8424,29.7992],[-97.8369,29.7952],[-97.8303,29.7955],[-97.8324,29.7845],[-97.8296,29.78],[-97.8242,29.7814],[-97.8265,29.784],[-97.8237,29.7855],[-97.8218,29.7827],[-97.8171,29.7904],[-97.8119,29.7839],[-97.8148,29.7802],[-97.8056,29.7771],[-97.8055,29.7732],[-97.8104,29.7729],[-97.8003,29.7662],[-97.8036,29.7537],[-97.7942,29.7528],[-97.7928,29.7593],[-97.787,29.7609],[-97.7808,29.7591],[-97.7795,29.7482],[-97.7822,29.7479],[-97.7771,29.7467],[-97.7741,29.7416],[-97.7686,29.7416],[-97.7723,29.7338],[-97.7587,29.7255],[-97.7685,29.7201],[-97.7634,29.713],[-97.7565,29.7178],[-97.7471,29.714],[-97.749,29.7111],[-97.7384,29.713],[-97.7368,29.7022],[-97.7433,29.697],[-97.7221,29.6855],[-97.7227,29.6822],[-97.7043,29.6824],[-97.7061,29.6745],[-97.6983,29.6667],[-97.6927,29.6734],[-97.6883,29.6726],[-97.6851,29.6668],[-97.6872,29.6664],[-97.6839,29.6661],[-97.6833,29.6673],[-97.6838,29.6643],[-97.6805,29.6636],[-97.6778,29.6688],[-97.6741,29.6686],[-97.6732,29.6632],[-97.665,29.6688],[-97.661,29.6685],[-97.6567,29.6626],[-97.6529,29.6679],[-97.6476,29.6611],[-97.6485,29.657],[-97.6502,29.6614],[-97.6534,29.6604],[-97.6518,29.654],[-97.631,29.6535],[-97.8588,29.3529],[-97.6131,29.1098],[-97.7551,29.0071],[-97.5746,28.8133],[-97.7785,28.668],[-97.7919,28.677],[-97.7952,28.6734],[-97.8253,28.6703],[-97.8297,28.678],[-97.834,28.6756],[-97.8357,28.6804],[-97.8582,28.6843],[-97.8758,28.6914],[-97.8794,28.6959],[-97.8843,28.6957],[-97.8847,28.6985],[-97.8922,28.6992],[-97.8919,28.7033],[-97.8978,28.7057],[-97.902,28.7129],[-97.9151,28.7196],[-98.0898,28.663],[-97.8088,28.1834],[-97.9041,28.1142],[-97.8978,28.1133],[-97.8993,28.1034],[-97.8965,28.101],[-97.9073,28.0976],[-97.9088,28.0919],[-97.9077,28.0868],[-97.9039,28.0866],[-97.8954,28.0759],[-97.9011,28.0759],[-97.9012,28.0678],[-97.8948,28.0608],[-97.8904,28.0634],[-97.884,28.06],[-97.8844,28.0542],[-97.875,28.0504],[-97.8781,28.0463],[-97.872,28.0463],[-97.8606,28.0381],[-97.8389,28.0346],[-97.8342,28.0372],[-97.8235,28.0357],[-97.8261,28.038],[-97.8195,28.0408],[-97.8143,28.0385],[-97.8118,28.0416],[-97.8058,28.0414],[-97.8011,28.038],[-97.7989,28.0311],[-97.7961,28.0313],[-97.789,28.0139],[-97.7916,28.0112],[-97.7934,28.0145],[-97.7966,28.011],[-97.7985,27.9957],[-97.9343,27.8852],[-97.9336,27.7769],[-97.9421,27.6359],[-98.0598,27.6359],[-98.0581,27.261],[-97.9861,27.2605],[-97.9853,26.6158],[-97.9574,26.6118],[-97.9644,26.5688],[-97.9681,26.5689],[-97.9701,26.5523],[-97.9639,26.5335],[-97.9844,26.5366],[-97.9923,26.4913],[-97.9965,26.4919],[-98.0042,26.4488],[-97.9085,26.4332],[-97.8619,26.4336],[-97.8619,26.3482],[-97.9307,26.3583],[-97.937,26.3213],[-98.0142,26.3326],[-98.0134,26.2964],[-98.0378,26.2964],[-98.0377,26.2928],[-98.0513,26.2928],[-98.0895,26.2981],[-98.1011,26.292],[-98.1547,26.3003],[-98.1566,26.2888],[-98.1527,26.2799],[-98.1586,26.2453],[-98.2127,26.2526],[-98.214,26.2454],[-98.2055,26.2445],[-98.2068,26.2372],[-98.1978,26.236],[-98.199,26.2289],[-98.1787,26.2261],[-98.1798,26.2188],[-98.1635,26.2166],[-98.1656,26.2041],[-98.1722,26.2031],[-98.1722,26.1972],[-98.1833,26.1994],[-98.1864,26.1806],[-98.17,26.1785],[-98.1797,26.121],[-98.1469,26.1165],[-98.1371,26.1739],[-98.1292,26.1728],[-98.1365,26.1297],[-98.1286,26.1286],[-98.1233,26.16],[-98.1196,26.1568],[-98.1185,26.164],[-98.1228,26.1646],[-98.1214,26.1717],[-98.1132,26.1706],[-98.1079,26.2015],[-98.0998,26.2004],[-98.1004,26.1969],[-98.0967,26.1965],[-98.0974,26.1928],[-98.1051,26.1938],[-98.1056,26.1912],[-98.0932,26.1895],[-98.0951,26.1786],[-98.0913,26.1779],[-98.0903,26.1832],[-98.083,26.1835],[-98.0835,26.1762],[-98.0734,26.1744],[-98.0749,26.1657],[-98.0691,26.1648],[-98.0737,26.1596],[-98.0656,26.1582],[-98.0753,26.102],[-98.0714,26.1015],[-98.0753,26.0674],[-98.0851,26.0707],[-98.0813,26.0644],[-98.0929,26.0586],[-98.1052,26.0677],[-98.1265,26.0618],[-98.131,26.0643],[-98.1282,26.0726],[-98.1316,26.0743],[-98.1366,26.0707],[-98.1377,26.0605],[-98.1461,26.0491],[-98.1513,26.0582],[-98.1618,26.0539],[-98.158,26.0634],[-98.1679,26.063],[-98.1762,26.0752],[-98.1798,26.0733],[-98.1806,26.0663],[-98.177,26.0607],[-98.1873,26.0643],[-98.1931,26.053],[-98.1988,26.0556],[-98.2047,26.0663],[-98.2129,26.069],[-98.2208,26.0764],[-98.2306,26.0771],[-98.2493,26.0721],[-98.2515,26.0786],[-98.2643,26.0851],[-98.2674,26.0923],[-98.2886,26.1051],[-98.2821,26.1078],[-98.2704,26.1065],[-98.272,26.1132],[-98.2661,26.1166],[-98.2663,26.1209],[-98.2748,26.1158],[-98.2971,26.12],[-98.3036,26.11],[-98.2974,26.1039],[-98.3045,26.1024],[-98.3097,26.114],[-98.322,26.119],[-98.3356,26.1384],[-98.3343,26.1413],[-98.3267,26.1429],[-98.338,26.1494],[-98.3332,26.1594],[-98.335,26.1654],[-98.3462,26.166],[-98.3518,26.1512],[-98.3584,26.1589],[-98.3597,26.1725],[-98.3672,26.1686],[-98.3642,26.162],[-98.3656,26.1581],[-98.3865,26.1577],[-98.3928,26.1672],[-98.4019,26.1711],[-98.4026,26.1814],[-98.4166,26.1838],[-98.4277,26.193],[-98.444,26.2006],[-98.4387,26.212],[-98.4437,26.2241],[-98.4494,26.2234],[-98.4545,26.2167],[-98.4602,26.2263],[-98.4716,26.2206],[-98.4813,26.2199],[-98.4831,26.2149],[-98.4775,26.2035],[-98.4829,26.2011],[-98.4838,26.212],[-98.4903,26.2132],[-98.5065,26.2088],[-98.5008,26.2224],[-98.5137,26.2272],[-98.5238,26.2207],[-98.5271,26.2263],[-98.5217,26.2322],[-98.5227,26.2358],[-98.5351,26.2255],[-98.5436,26.2436],[-98.5545,26.2479],[-98.5584,26.2446],[-98.5471,26.2418],[-98.5458,26.2368],[-98.5628,26.2244],[-98.5659,26.2415],[-98.5732,26.2395],[-98.5767,26.2338],[-98.58,26.2352],[-98.5851,26.2446],[-98.5795,26.2532],[-98.5863,26.2582]]]}},{"id":"30","type":"Feature","properties":{"district":"37","name":"Congressional District 37"},"geometry":{"type":"Polygon","coordinates":[[[-97.9289,30.1862],[-97.918,30.2029],[-97.9083,30.2097],[-97.8992,30.2102],[-97.8885,30.2286],[-97.8989,30.2313],[-97.906,30.2376],[-97.91,30.2347],[-97.9051,30.2423],[-97.8943,30.2499],[-97.8886,30.2471],[-97.8867,30.25],[-97.8713,30.2378],[-97.8714,30.2351],[-97.8672,30.2343],[-97.86,30.2354],[-97.853,30.2496],[-97.8304,30.2383],[-97.833,30.2364],[-97.8246,30.2353],[-97.8107,30.2428],[-97.8137,30.2516],[-97.8224,30.2575],[-97.825,30.2697],[-97.8307,30.27],[-97.838,30.2755],[-97.8436,30.2731],[-97.8524,30.2819],[-97.843,30.2923],[-97.8508,30.2921],[-97.8543,30.3047],[-97.8571,30.3046],[-97.8613,30.2967],[-97.8687,30.3065],[-97.8704,30.2973],[-97.8762,30.299],[-97.8813,30.2957],[-97.8827,30.2865],[-97.8906,30.2957],[-97.9007,30.2893],[-97.902,30.2923],[-97.897,30.2969],[-97.9084,30.3062],[-97.9071,30.3099],[-97.9117,30.3211],[-97.9074,30.3278],[-97.9094,30.3305],[-97.9123,30.3284],[-97.8999,30.3399],[-97.8805,30.344],[-97.8572,30.3547],[-97.8475,30.3467],[-97.8415,30.3251],[-97.8314,30.325],[-97.8246,30.3301],[-97.8126,30.325],[-97.8204,30.3191],[-97.8191,30.3172],[-97.8087,30.3122],[-97.8066,30.3197],[-97.7885,30.2944],[-97.7856,30.2943],[-97.7759,30.3136],[-97.7797,30.3305],[-97.7883,30.3436],[-97.7968,30.3498],[-97.7901,30.3659],[-97.7982,30.3714],[-97.8018,30.3693],[-97.8074,30.3797],[-97.8302,30.3915],[-97.8477,30.396],[-97.8637,30.3857],[-97.8739,30.3744],[-97.8703,30.3718],[-97.8722,30.3693],[-97.8862,30.3734],[-97.8917,30.3691],[-97.9044,30.3782],[-97.9023,30.3792],[-97.9144,30.381],[-97.9111,30.3905],[-97.8992,30.3948],[-97.9075,30.414],[-97.9058,30.4213],[-97.8832,30.4277],[-97.8817,30.4259],[-97.8798,30.429],[-97.8742,30.4233],[-97.865,30.4312],[-97.855,30.4342],[-97.856,30.4382],[-97.8499,30.4401],[-97.8496,30.4318],[-97.8434,30.4265],[-97.8284,30.453],[-97.82,30.4609],[-97.8106,30.4639],[-97.8153,30.4753],[-97.802,30.4801],[-97.8041,30.4864],[-97.7584,30.499],[-97.7569,30.5018],[-97.7532,30.4921],[-97.7568,30.4924],[-97.7577,30.4893],[-97.7557,30.4851],[-97.7497,30.4847],[-97.7499,30.481],[-97.7611,30.4775],[-97.7491,30.474],[-97.7313,30.4769],[-97.7236,30.4753],[-97.7197,30.4708],[-97.7211,30.4558],[-97.6946,30.4615],[-97.6955,30.4498],[-97.6866,30.4458],[-97.6805,30.4542],[-97.6811,30.4434],[-97.677,30.4422],[-97.6785,30.4398],[-97.675,30.436],[-97.6683,30.4406],[-97.6692,30.4348],[-97.6654,30.4412],[-97.6531,30.4327],[-97.6483,30.4352],[-97.6403,30.4313],[-97.6377,30.4353],[-97.6341,30.4338],[-97.6375,30.4285],[-97.6205,30.4193],[-97.6284,30.4056],[-97.6318,30.4068],[-97.6351,30.402],[-97.6385,30.4037],[-97.654,30.3796],[-97.6675,30.3715],[-97.6686,30.3625],[-97.6784,30.344],[-97.6762,30.3371],[-97.6688,30.335],[-97.6659,30.3277],[-97.6805,30.3228],[-97.6816,30.3161],[-97.6708,30.3085],[-97.6795,30.3073],[-97.6904,30.2899],[-97.7074,30.2892],[-97.7065,30.2862],[-97.7142,30.2851],[-97.7239,30.2877],[-97.729,30.2807],[-97.7372,30.2588],[-97.7355,30.2436],[-97.7874,30.1652],[-97.8135,30.0988],[-97.9288,30.1817],[-97.9289,30.1862]]]}},{"id":"31","type":"Feature","properties":{"district":"16","name":"Congressional District 16"},"geometry":{"type":"Polygon","coordinates":[[[-106.6456,31.8964],[-106.6401,31.9053],[-106.6129,31.9204],[-106.6239,31.9253],[-106.6287,31.9236],[-106.6297,31.9266],[-106.6225,31.9349],[-106.6237,31.9455],[-106.6143,31.9516],[-106.6144,31.956],[-106.6251,31.9545],[-106.6243,31.9611],[-106.6194,31.9648],[-106.6196,31.9716],[-106.6301,31.9713],[-106.6395,31.9803],[-106.6312,31.9898],[-106.6194,31.9947],[-106.6185,32.0005],[-106.514,32.0008],[-106.5132,31.9933],[-106.507,31.9838],[-106.5071,31.9765],[-106.5004,31.9692],[-106.4975,31.9589],[-106.4996,31.9251],[-106.4959,31.9124],[-106.4752,31.9129],[-106.4757,31.9274],[-106.4415,31.9277],[-106.4417,31.9361],[-106.4203,31.9365],[-106.4079,31.943],[-106.4078,31.9373],[-106.4047,31.9367],[-106.405,31.933],[-106.4003,31.933],[-106.4007,31.9285],[-106.3706,31.9272],[-106.4173,31.8514],[-106.4184,31.8291],[-106.4214,31.8276],[-106.4029,31.8269],[-106.3957,31.8324],[-106.3682,31.8315],[-106.3646,31.8478],[-106.3534,31.8564],[-106.3543,31.8598],[-106.3398,31.8664],[-106.3196,31.8346],[-106.2729,31.8194],[-106.2731,31.8267],[-106.2342,31.8268],[-106.2323,31.8113],[-106.2001,31.8156],[-106.1988,31.7118],[-106.1817,31.7118],[-106.1815,31.6973],[-106.1645,31.6974],[-106.1644,31.6827],[-106.1457,31.6827],[-106.145,31.6799],[-106.145,31.6777],[-106.1643,31.6776],[-106.1653,31.6805],[-106.1798,31.6803],[-106.1797,31.6685],[-106.1894,31.6685],[-106.1778,31.6529],[-106.1806,31.6517],[-106.1807,31.6394],[-106.198,31.6395],[-106.1981,31.6093],[-106.1807,31.6081],[-106.1807,31.6055],[-106.1634,31.6092],[-106.1627,31.5966],[-106.1894,31.5949],[-106.1936,31.6002],[-106.2024,31.5943],[-106.207,31.5988],[-106.2025,31.5993],[-106.2038,31.6013],[-106.1991,31.604],[-106.204,31.6107],[-106.2128,31.6057],[-106.2149,31.6141],[-106.2175,31.6123],[-106.2225,31.6196],[-106.2469,31.6131],[-106.259,31.6268],[-106.2643,31.624],[-106.3128,31.6803],[-106.3314,31.674],[-106.3359,31.675],[-106.338,31.6712],[-106.3491,31.696],[-106.3723,31.7125],[-106.38,31.7311],[-106.4153,31.7508],[-106.4338,31.7546],[-106.4533,31.7646],[-106.4669,31.7596],[-106.4735,31.7503],[-106.4912,31.7493],[-106.5102,31.7614],[-106.5136,31.7707],[-106.5285,31.7814],[-106.5274,31.79],[-106.5471,31.8073],[-106.5665,31.8134],[-106.5772,31.8104],[-106.5891,31.8227],[-106.6028,31.825],[-106.6053,31.8277],[-106.6017,31.8444],[-106.6148,31.8464],[-106.6359,31.8662],[-106.6292,31.8837],[-106.6456,31.8964]]]}},{"id":"32","type":"Feature","properties":{"district":"38","name":"Congressional District 38"},"geometry":{"type":"Polygon","coordinates":[[[-95.782,30.0033],[-95.781,30.0682],[-95.7563,30.0785],[-95.7552,30.0921],[-95.749,30.0958],[-95.734,30.0935],[-95.7227,30.1],[-95.7096,30.1029],[-95.7013,30.0985],[-95.691,30.0988],[-95.6838,30.1074],[-95.669,30.1014],[-95.6616,30.1114],[-95.654,30.1092],[-95.6524,30.1139],[-95.6369,30.1264],[-95.6239,30.1267],[-95.626,30.1289],[-95.6232,30.1358],[-95.6025,30.1328],[-95.5943,30.1343],[-95.5881,30.1378],[-95.5842,30.1467],[-95.5752,30.1517],[-95.5742,30.1299],[-95.5625,30.1313],[-95.5628,30.1366],[-95.5093,30.1369],[-95.5093,30.1402],[-95.5049,30.1402],[-95.5068,30.0969],[-95.5035,30.0962],[-95.5039,30.088],[-95.4996,30.088],[-95.4996,30.0831],[-95.4967,30.0835],[-95.4968,30.074],[-95.4765,30.0706],[-95.4774,30.0592],[-95.4805,30.0574],[-95.4739,30.0485],[-95.4808,30.0464],[-95.4832,30.0504],[-95.491,30.046],[-95.4928,30.0505],[-95.4989,30.0448],[-95.4921,30.0384],[-95.4958,30.0364],[-95.5001,30.0429],[-95.5051,30.0356],[-95.5028,30.0326],[-95.5197,30.0232],[-95.5211,30.0272],[-95.5262,30.0231],[-95.4983,29.9879],[-95.5475,29.9611],[-95.5568,29.9675],[-95.5802,29.9671],[-95.5797,29.9613],[-95.5536,29.9555],[-95.5848,29.933],[-95.5847,29.9246],[-95.5674,29.9275],[-95.5712,29.9171],[-95.5678,29.9162],[-95.5677,29.9203],[-95.5647,29.9175],[-95.5559,29.9176],[-95.5522,29.9265],[-95.5217,29.9367],[-95.5153,29.9254],[-95.5252,29.9252],[-95.5244,29.8594],[-95.5485,29.8701],[-95.5536,29.8674],[-95.5747,29.8672],[-95.5746,29.8585],[-95.5718,29.8583],[-95.5702,29.8503],[-95.57,29.8318],[-95.5316,29.8324],[-95.5295,29.8219],[-95.5342,29.8219],[-95.5343,29.8154],[-95.5277,29.8185],[-95.5262,29.8158],[-95.5175,29.8174],[-95.5141,29.8148],[-95.5164,29.8035],[-95.5009,29.803],[-95.4998,29.8082],[-95.4998,29.8048],[-95.4956,29.803],[-95.4848,29.8028],[-95.4849,29.7981],[-95.4808,29.8028],[-95.4807,29.7994],[-95.4744,29.7988],[-95.4727,29.7898],[-95.4681,29.7887],[-95.468,29.7847],[-95.4569,29.7874],[-95.4568,29.7828],[-95.4518,29.7792],[-95.4288,29.7774],[-95.4218,29.771],[-95.4216,29.7628],[-95.4094,29.7668],[-95.4107,29.7426],[-95.4482,29.7416],[-95.4479,29.73],[-95.4604,29.729],[-95.4566,29.7477],[-95.4586,29.7499],[-95.4709,29.7485],[-95.4708,29.7451],[-95.4743,29.745],[-95.4742,29.7379],[-95.5009,29.7375],[-95.5011,29.7529],[-95.5047,29.7526],[-95.5068,29.7471],[-95.5126,29.7437],[-95.5184,29.7427],[-95.5226,29.7482],[-95.5292,29.7458],[-95.5384,29.7475],[-95.5389,29.7371],[-95.5577,29.7369],[-95.5583,29.7622],[-95.5697,29.7621],[-95.5784,29.767],[-95.5848,29.7657],[-95.5894,29.7599],[-95.5854,29.751],[-95.5886,29.7436],[-95.6041,29.7445],[-95.6062,29.7619],[-95.6121,29.7606],[-95.6185,29.7637],[-95.6213,29.7714],[-95.6252,29.7653],[-95.6253,29.7549],[-95.6466,29.7556],[-95.647,29.7461],[-95.6572,29.7303],[-95.6883,29.7109],[-95.7304,29.7343],[-95.7278,29.7414],[-95.7313,29.7422],[-95.7305,29.7443],[-95.7177,29.7595],[-95.7222,29.7626],[-95.7222,29.7702],[-95.728,29.7674],[-95.7324,29.7715],[-95.7355,29.7705],[-95.7357,29.7852],[-95.6448,29.7846],[-95.6457,29.8396],[-95.6428,29.8398],[-95.6457,29.8412],[-95.6454,29.8522],[-95.6401,29.8523],[-95.64,29.8566],[-95.6328,29.8571],[-95.6258,29.8518],[-95.6197,29.8532],[-95.6244,29.8618],[-95.624,29.8696],[-95.6329,29.869],[-95.633,29.8793],[-95.6545,29.8791],[-95.6546,29.8824],[-95.6511,29.8827],[-95.6538,29.9078],[-95.6431,29.9031],[-95.6416,29.9104],[-95.6307,29.9075],[-95.6198,29.9149],[-95.7011,29.9716],[-95.7045,29.9493],[-95.7107,29.9442],[-95.7179,29.9425],[-95.7196,29.9447],[-95.7179,29.9566],[-95.7433,29.9563],[-95.7435,29.9495],[-95.7696,29.9492],[-95.7681,29.9981],[-95.782,30.0033]]]}},{"id":"33","type":"Feature","properties":{"district":"17","name":"Congressional District 17"},"geometry":{"type":"Polygon","coordinates":[[[-97.6969,30.4894],[-97.683,30.5024],[-97.6922,30.5354],[-97.6927,30.5582],[-97.6648,30.5672],[-97.6623,30.5576],[-97.6675,30.5551],[-97.6646,30.5461],[-97.6597,30.5469],[-97.6586,30.5441],[-97.6474,30.5504],[-97.6572,30.5176],[-97.6458,30.5196],[-97.6457,30.5152],[-97.6418,30.5145],[-97.6382,30.5083],[-97.6135,30.5084],[-97.5982,30.5042],[-97.5982,30.5084],[-97.5901,30.5085],[-97.5901,30.5181],[-97.6009,30.5194],[-97.6008,30.5296],[-97.6139,30.5318],[-97.5834,30.5366],[-97.5819,30.5255],[-97.5687,30.526],[-97.5722,30.5157],[-97.5649,30.5154],[-97.5667,30.508],[-97.5614,30.5074],[-97.5575,30.5111],[-97.5555,30.5212],[-97.5599,30.5227],[-97.5587,30.5293],[-97.5487,30.5311],[-97.5502,30.5225],[-97.5388,30.5183],[-97.5359,30.5208],[-97.5367,30.5168],[-97.532,30.5165],[-97.5315,30.5242],[-97.525,30.5219],[-97.5232,30.531],[-97.5287,30.5315],[-97.526,30.5465],[-97.4832,30.554],[-97.4895,30.5176],[-97.4856,30.5171],[-97.4847,30.5222],[-97.4736,30.5208],[-97.4703,30.5373],[-97.4242,30.5308],[-97.4318,30.5165],[-97.4169,30.5145],[-97.4116,30.533],[-97.403,30.533],[-97.4083,30.5479],[-97.3806,30.5502],[-97.3816,30.5607],[-97.3706,30.5632],[-97.3753,30.5746],[-97.3019,30.5907],[-97.2945,30.5854],[-97.2907,30.5865],[-97.2927,30.5914],[-97.2187,30.6101],[-97.2699,30.7354],[-97.3155,30.7524],[-97.3146,30.7546],[-97.259,30.8896],[-97.0701,30.986],[-97.2778,31.2795],[-97.3434,31.2442],[-97.4186,31.3202],[-97.6052,31.5878],[-97.0373,31.8631],[-96.9322,31.7089],[-96.7191,31.8149],[-96.4968,31.7962],[-96.4783,31.7695],[-96.4625,31.7722],[-96.456,31.766],[-96.4581,31.7786],[-96.4492,31.7796],[-96.4316,31.7668],[-96.419,31.7822],[-96.374,31.7658],[-96.3729,31.7419],[-96.3611,31.7419],[-96.3607,31.7391],[-96.3327,31.7408],[-96.3327,31.7182],[-96.3247,31.6877],[-96.3015,31.6583],[-96.2806,31.6477],[-96.281,31.6413],[-96.2747,31.6411],[-96.2745,31.6443],[-96.2588,31.6411],[-96.2472,31.6539],[-96.1947,31.6508],[-96.1885,31.6461],[-96.1748,31.6441],[-96.1654,31.6515],[-96.1567,31.6466],[-96.1482,31.6502],[-96.1356,31.6505],[-96.1289,31.6475],[-96.1259,31.6505],[-96.1149,31.6462],[-96.1067,31.6529],[-96.0881,31.6454],[-96.0695,31.6464],[-96.0633,31.6416],[-96.0542,31.6439],[-96.0454,31.6369],[-96.0255,31.6327],[-96.0213,31.6241],[-96.0185,31.6251],[-96.014,31.619],[-96.0145,31.6226],[-95.9927,31.6357],[-95.9896,31.6412],[-95.9871,31.639],[-95.9772,31.645],[-95.9741,31.6408],[-95.9701,31.6431],[-95.9668,31.638],[-95.9638,31.6451],[-95.9533,31.6549],[-95.9553,31.671],[-95.8471,31.6474],[-95.7897,31.6488],[-95.7964,31.6301],[-95.7882,31.6265],[-95.7852,31.6114],[-95.78,31.6043],[-95.7681,31.5974],[-95.7533,31.6069],[-95.7533,31.6137],[-95.7487,31.6177],[-95.7566,31.646],[-95.736,31.654],[-95.7185,31.6324],[-95.71,31.6147],[-95.7159,31.5941],[-95.7199,31.5928],[-95.7219,31.5863],[-95.7295,31.5835],[-95.7182,31.5732],[-95.7222,31.5697],[-95.717,31.5678],[-95.7157,31.554],[-95.7239,31.5558],[-95.7304,31.5512],[-95.7426,31.5542],[-95.7511,31.552],[-95.7541,31.546],[-95.7509,31.5407],[-95.7586,31.5341],[-95.737,31.5185],[-95.7339,31.5084],[-95.7393,31.5041],[-95.6472,31.527],[-95.6518,31.5418],[-95.4932,31.5649],[-95.2732,31.5929],[-95.2552,31.5748],[-95.2398,31.5767],[-95.2302,31.5735],[-95.2283,31.5754],[-95.2316,31.577],[-95.226,31.5774],[-95.2088,31.5731],[-95.2085,31.5702],[-95.2027,31.5734],[-95.1926,31.5733],[-95.1917,31.5771],[-95.1723,31.585],[-95.1685,31.5837],[-95.1707,31.5809],[-95.1622,31.5777],[-95.1616,31.5732],[-95.1497,31.5696],[-95.151,31.5659],[-95.1474,31.5632],[-95.1397,31.563],[-95.1473,31.5538],[-95.1434,31.5396],[-95.1264,31.5383],[-95.1237,31.5311],[-95.1205,31.5347],[-95.1,31.5189],[-95.0999,31.5118],[-95.0966,31.5095],[-95.1007,31.5088],[-95.0983,31.5044],[-95.0941,31.5039],[-95.0944,31.4987],[-95.0978,31.4984],[-95.0983,31.4934],[-95.101,31.496],[-95.1056,31.4947],[-95.1111,31.4838],[-95.1062,31.4829],[-95.1035,31.4744],[-95.0978,31.4764],[-95.1007,31.4683],[-95.0924,31.4694],[-95.0883,31.466],[-95.0806,31.4699],[-95.0723,31.4635],[-95.0673,31.4663],[-95.0664,31.4701],[-95.0691,31.4704],[-95.0647,31.4713],[-95.0522,31.459],[-95.0517,31.4531],[-95.0452,31.4451],[-95.0392,31.4467],[-95.0353,31.4435],[-95.031,31.4434],[-95.0319,31.4456],[-95.0237,31.4426],[-95.0165,31.4457],[-95.0073,31.4446],[-95.0052,31.4399],[-95.0121,31.4356],[-95.0071,31.4332],[-95.0033,31.4257],[-94.8659,31.5269],[-94.8837,31.5294],[-94.8844,31.5409],[-94.894,31.5412],[-94.8961,31.5457],[-94.8933,31.5498],[-94.9006,31.5526],[-94.8896,31.5663],[-94.8917,31.5779],[-94.9123,31.569],[-94.9206,31.5741],[-94.925,31.5827],[-94.9192,31.5873],[-94.9249,31.5903],[-94.9284,31.5984],[-94.9251,31.604],[-94.9261,31.6098],[-94.9306,31.6119],[-94.933,31.6215],[-94.9414,31.627],[-94.9391,31.6302],[-94.9418,31.6384],[-94.9492,31.6364],[-94.9506,31.64],[-94.9542,31.6397],[-94.952,31.6471],[-94.9483,31.6482],[-94.9526,31.6522],[-94.9488,31.6529],[-94.9484,31.6572],[-94.9522,31.6596],[-94.9519,31.6705],[-94.9571,31.6705],[-94.9529,31.6729],[-94.9546,31.6764],[-94.9507,31.6797],[-94.9553,31.681],[-94.9573,31.6869],[-94.9597,31.686],[-94.9659,31.6978],[-94.9601,31.6985],[-94.9641,31.704],[-94.9597,31.7089],[-94.9629,31.7156],[-94.9587,31.7165],[-94.9544,31.7232],[-94.9582,31.724],[-94.9651,31.7365],[-94.9664,31.7347],[-94.9728,31.7386],[-94.9673,31.7542],[-94.9453,31.7522],[-94.9378,31.7568],[-94.9321,31.7544],[-94.9263,31.7619],[-94.9386,31.7722],[-94.948,31.7714],[-94.9493,31.7746],[-94.9514,31.7691],[-94.9586,31.7788],[-94.9749,31.782],[-94.9782,31.7934],[-94.9704,31.7968],[-94.9539,31.797],[-94.9557,31.8005],[-94.9518,31.801],[-94.9543,31.8055],[-94.9467,31.8071],[-94.9423,31.8178],[-94.9483,31.8263],[-94.9453,31.8253],[-94.9418,31.829],[-94.9406,31.827],[-94.9347,31.834],[-94.9376,31.8455],[-94.4518,31.8442],[-94.4519,31.8399],[-94.4339,31.8246],[-94.4325,31.813],[-94.4279,31.8094],[-94.4305,31.8059],[-94.4241,31.8002],[-94.4286,31.7896],[-94.4273,31.7773],[-94.4324,31.7752],[-94.4202,31.7649],[-94.4223,31.761],[-94.4164,31.7566],[-94.4183,31.7528],[-94.414,31.7519],[-94.4164,31.7484],[-94.4125,31.7464],[-94.415,31.7295],[-94.4128,31.7281],[-94.4157,31.7244],[-94.4128,31.7154],[-94.4151,31.7156],[-94.4169,31.7061],[-94.411,31.7016],[-94.4126,31.698],[-94.4069,31.6953],[-94.4099,31.6908],[-94.4038,31.6816],[-94.407,31.6651],[-94.3983,31.6612],[-94.4039,31.6595],[-94.4019,31.6558],[-94.3977,31.6557],[-94.3998,31.6494],[-94.3951,31.6475],[-94.3976,31.6438],[-94.3954,31.6388],[-94.3888,31.6374],[-94.3873,31.6402],[-94.3786,31.6357],[-94.3746,31.639],[-94.3697,31.6326],[-94.3662,31.6332],[-94.3645,31.6302],[-94.3679,31.6279],[-94.3648,31.6259],[-94.3674,31.6242],[-94.3567,31.6226],[-94.3582,31.6201],[-94.3545,31.6167],[-94.3565,31.6155],[-94.352,31.6144],[-94.3504,31.6065],[-94.346,31.6083],[-94.3422,31.6058],[-94.34,31.6088],[-94.3365,31.601],[-94.3337,31.6028],[-94.3343,31.6005],[-94.3311,31.6012],[-94.3274,31.5965],[-94.328,31.592],[-94.3109,31.5892],[-94.3134,31.5836],[-94.3106,31.5795],[-94.3136,31.5757],[-94.3106,31.5765],[-94.309,31.5711],[-94.3054,31.5711],[-94.3084,31.5694],[-94.3048,31.5638],[-94.3086,31.5517],[-94.3037,31.5466],[-94.3065,31.5475],[-94.3053,31.5388],[-94.3077,31.5382],[-94.3024,31.5339],[-94.3071,31.5308],[-94.3,31.5269],[-94.3075,31.5254],[-94.3066,31.5228],[-94.3094,31.5242],[-94.3066,31.5202],[-94.3101,31.517],[-94.306,31.5187],[-94.3106,31.5159],[-94.3043,31.5148],[-94.3021,31.5053],[-94.3047,31.5056],[-94.3054,31.4966],[-94.3116,31.4944],[-94.3076,31.4923],[-94.3161,31.4958],[-94.3139,31.4863],[-94.3172,31.4851],[-94.3191,31.4789],[-94.3141,31.4731],[-94.3166,31.4711],[-94.3118,31.4688],[-94.3151,31.4644],[-94.3135,31.4555],[-94.3169,31.4564],[-94.318,31.4532],[-94.3153,31.4523],[-94.318,31.45],[-94.3156,31.4475],[-94.325,31.4394],[-94.3148,31.4357],[-94.3165,31.4334],[-94.3133,31.4315],[-94.3164,31.4304],[-94.3096,31.4283],[-94.3099,31.4247],[-94.3079,31.4258],[-94.3049,31.4218],[-94.31,31.4167],[-94.3081,31.4145],[-94.3142,31.4117],[-94.3142,31.4029],[-94.3174,31.4021],[-94.3192,31.4057],[-94.3269,31.4],[-94.323,31.3854],[-94.3278,31.3841],[-94.3265,31.3802],[-94.3239,31.381],[-94.3246,31.3757],[-94.3279,31.3726],[-94.3255,31.3716],[-94.3262,31.3675],[-94.3295,31.3681],[-94.328,31.3658],[-94.3312,31.363],[-94.3262,31.3579],[-94.3259,31.3516],[-94.322,31.3507],[-94.3239,31.3496],[-94.3211,31.3449],[-94.3178,31.3448],[-94.3195,31.3419],[-94.3134,31.3375],[-94.3188,31.3326],[-94.3154,31.3283],[-94.3172,31.3239],[-94.3226,31.3218],[-94.3157,31.3105],[-94.3184,31.308],[-94.3149,31.3081],[-94.3255,31.2939],[-94.3201,31.2946],[-94.327,31.2914],[-94.3222,31.2855],[-94.3324,31.2777],[-94.3308,31.2747],[-94.3396,31.2633],[-94.3342,31.2579],[-94.3325,31.2511],[-94.331,31.2518],[-94.3289,31.2507],[-94.334,31.2484],[-94.3342,31.2453],[-94.3382,31.2459],[-94.3366,31.2434],[-94.3398,31.2408],[-94.3353,31.2408],[-94.3351,31.2358],[-94.3248,31.2309],[-94.3265,31.2246],[-94.3214,31.2245],[-94.3208,31.2217],[-94.3126,31.2237],[-94.3124,31.2179],[-94.3034,31.215],[-94.3064,31.2133],[-94.3028,31.2114],[-94.2944,31.2126],[-94.2886,31.2016],[-94.2774,31.2011],[-94.278,31.1985],[-94.2699,31.1962],[-94.2644,31.1908],[-94.2663,31.1878],[-94.2622,31.1803],[-94.2506,31.1883],[-94.2517,31.1841],[-94.2472,31.1845],[-94.2459,31.1801],[-94.2489,31.1772],[-94.2388,31.1803],[-94.2325,31.1774],[-94.2333,31.1751],[-94.2248,31.1761],[-94.219,31.1733],[-94.2197,31.1649],[-94.2162,31.1602],[-94.2112,31.1601],[-94.2118,31.1572],[-94.2029,31.154],[-94.2071,31.1505],[-94.1992,31.1456],[-94.2012,31.1442],[-94.1984,31.1416],[-94.1894,31.1394],[-94.1927,31.1355],[-94.1885,31.1375],[-94.1899,31.1344],[-94.1817,31.1298],[-94.1786,31.124],[-94.1736,31.1263],[-94.1692,31.1223],[-94.1655,31.124],[-94.1574,31.1188],[-94.1576,31.1146],[-94.1442,31.1152],[-94.1402,31.1045],[-94.134,31.1077],[-94.1303,31.1051],[-94.1321,31.1014],[-94.1296,31.0993],[-94.4626,31.0331],[-94.4729,31.0261],[-94.4855,31.0314],[-94.4854,31.0387],[-94.4908,31.0386],[-94.4918,31.0449],[-94.4961,31.0419],[-94.5061,31.0458],[-94.5087,31.0432],[-94.5176,31.0516],[-94.5232,31.0487],[-94.5228,31.0528],[-94.5265,31.0513],[-94.5267,31.0559],[-94.5284,31.0537],[-94.5342,31.0568],[-94.5335,31.0537],[-94.5368,31.0519],[-94.538,31.0544],[-94.5434,31.0538],[-94.5477,31.0592],[-94.5477,31.0535],[-94.5533,31.0544],[-94.5543,31.0575],[-94.5618,31.0586],[-94.5622,31.0637],[-94.5714,31.0632],[-94.5743,31.0686],[-94.5822,31.068],[-94.5824,31.0647],[-94.5895,31.0661],[-94.5944,31.0728],[-94.5989,31.0686],[-94.6047,31.0777],[-94.6059,31.0746],[-94.6072,31.0778],[-94.6124,31.078],[-94.6095,31.0819],[-94.6145,31.081],[-94.6144,31.0852],[-94.6176,31.0838],[-94.6229,31.0875],[-94.6297,31.0835],[-94.635,31.09],[-94.6428,31.0878],[-94.6484,31.099],[-94.655,31.0938],[-94.6583,31.0848],[-94.6634,31.0884],[-94.6709,31.0885],[-94.6709,31.0956],[-94.6784,31.0931],[-94.6793,31.096],[-94.6891,31.0978],[-94.6922,31.0957],[-94.6967,31.0987],[-94.698,31.0961],[-94.7027,31.1019],[-94.7041,31.0988],[-94.7058,31.1027],[-94.7091,31.1012],[-94.71,31.1055],[-94.7156,31.1037],[-94.7236,31.1085],[-94.7378,31.1035],[-94.7456,31.1067],[-94.7514,31.1054],[-94.7809,31.1236],[-94.7902,31.1241],[-94.797,31.1312],[-94.8121,31.1335],[-94.8139,31.1305],[-94.8185,31.1322],[-94.8223,31.14],[-94.8298,31.1387],[-94.8316,31.1416],[-94.8417,31.1432],[-94.8429,31.1466],[-94.9391,31.042],[-95.2002,30.8246],[-95.2076,30.8324],[-95.2229,30.8363],[-95.2321,30.8428],[-95.236,30.8581],[-95.2431,30.8669],[-95.2307,30.8867],[-95.2467,30.9044],[-95.2524,30.9067],[-95.2802,30.9013],[-95.2984,30.9026],[-95.3129,30.8979],[-95.3113,30.8858],[-95.3168,30.8799],[-95.3139,30.8731],[-95.3275,30.8595],[-95.3386,30.7378],[-95.4038,30.7277],[-95.4298,30.7073],[-95.4728,30.7051],[-95.4934,30.7082],[-95.4936,30.7051],[-95.5131,30.7056],[-95.513,30.6963],[-95.4997,30.682],[-95.5216,30.6806],[-95.5155,30.6675],[-95.5256,30.6676],[-95.5255,30.6767],[-95.5364,30.6765],[-95.5625,30.6868],[-95.5753,30.7048],[-95.5782,30.7183],[-95.5914,30.7153],[-95.6163,30.7009],[-95.7034,30.6845],[-95.7497,30.6842],[-95.8342,30.658],[-95.8631,30.8643],[-95.8504,30.8677],[-95.8491,30.863],[-95.8333,30.8652],[-95.8295,30.8621],[-95.8212,30.8692],[-95.8131,30.8676],[-95.7964,30.8782],[-95.7849,30.879],[-95.7595,30.8989],[-95.7433,30.9024],[-95.7389,30.8993],[-95.7333,30.9001],[-95.7163,30.9115],[-95.7124,30.9108],[-95.7096,30.9055],[-95.6957,30.9072],[-95.6975,30.9041],[-95.6916,30.9011],[-95.686,30.9012],[-95.6827,30.9061],[-95.6714,30.9033],[-95.6664,30.905],[-95.6595,30.899],[-95.6614,30.897],[-95.6552,30.8967],[-95.6545,30.8932],[-95.6436,30.9001],[-95.6298,30.8999],[-95.6293,30.9093],[-95.6214,30.9136],[-95.6162,30.9102],[-95.6138,30.9143],[-95.6156,30.9168],[-95.6119,30.918],[-95.6219,30.9251],[-95.6179,30.9304],[-95.628,30.9262],[-95.6374,30.9263],[-95.6434,30.9347],[-95.6498,30.936],[-95.6505,30.9473],[-95.6602,30.9572],[-95.665,30.9709],[-95.6726,30.9763],[-95.6748,30.985],[-95.6813,30.9875],[-95.67,30.9942],[-95.6584,31.0163],[-95.6674,31.0204],[-95.6688,31.0269],[-95.6624,31.0338],[-95.6473,31.0362],[-95.6412,31.0423],[-95.6314,31.0368],[-95.6282,31.0433],[-95.6297,31.0511],[-95.6475,31.0554],[-95.6549,31.0673],[-95.6484,31.0699],[-95.6635,31.0839],[-95.6765,31.0759],[-95.6798,31.0786],[-95.6856,31.0771],[-95.6924,31.082],[-95.6985,31.0768],[-95.7041,31.0826],[-95.707,31.0779],[-95.7114,31.0818],[-95.7234,31.0798],[-95.7284,31.0879],[-95.7364,31.0838],[-95.7416,31.0908],[-95.7502,31.0922],[-95.7595,31.0887],[-95.7644,31.0942],[-95.9752,31.092],[-96.0175,31.07],[-96.0262,31.0719],[-96.0479,31.0687],[-96.0775,31.0479],[-96.1709,30.9944],[-96.1925,30.9913],[-96.2148,30.9814],[-96.2288,30.9806],[-96.2622,30.9647],[-96.338,30.9205],[-96.3618,30.8969],[-96.3656,30.8845],[-96.3867,30.865],[-96.3985,30.8405],[-96.4101,30.8258],[-96.4229,30.7935],[-96.4576,30.7445],[-96.4623,30.7419],[-96.567,30.6957],[-96.5704,30.7029],[-96.5962,30.7153],[-96.5942,30.7226],[-96.597,30.7274],[-96.6214,30.7308],[-97.1552,30.4573],[-97.3345,30.4028],[-97.3695,30.4196],[-97.4001,30.3679],[-97.3981,30.374],[-97.4344,30.3908],[-97.4428,30.3772],[-97.4485,30.3763],[-97.4607,30.3818],[-97.4548,30.3935],[-97.4608,30.3987],[-97.4684,30.4024],[-97.4768,30.3897],[-97.4909,30.3968],[-97.4893,30.4004],[-97.4999,30.4054],[-97.5017,30.4035],[-97.5079,30.4065],[-97.5047,30.4078],[-97.5068,30.4122],[-97.5107,30.412],[-97.5144,30.4235],[-97.5179,30.4245],[-97.5165,30.4292],[-97.5221,30.441],[-97.5329,30.4255],[-97.5385,30.4281],[-97.5418,30.425],[-97.5521,30.4295],[-97.5674,30.4381],[-97.5568,30.4546],[-97.5747,30.4629],[-97.5805,30.4604],[-97.5824,30.464],[-97.5798,30.4653],[-97.5826,30.4666],[-97.5862,30.459],[-97.5911,30.4654],[-97.5969,30.4641],[-97.6139,30.4366],[-97.6173,30.4436],[-97.6248,30.4487],[-97.6275,30.4435],[-97.6248,30.4417],[-97.6378,30.4476],[-97.6434,30.4428],[-97.6482,30.4451],[-97.6496,30.4429],[-97.656,30.4489],[-97.6617,30.4487],[-97.6742,30.4808],[-97.6829,30.4801],[-97.6906,30.4723],[-97.6969,30.4894]]]}},{"id":"34","type":"Feature","properties":{"district":"18","name":"Congressional District 18"},"geometry":{"type":"Polygon","coordinates":[[[-95.5848,29.933],[-95.5536,29.9555],[-95.5797,29.9613],[-95.5802,29.9671],[-95.5568,29.9675],[-95.5471,29.9612],[-95.4638,30.007],[-95.4764,30.0244],[-95.4725,30.0274],[-95.4676,30.0264],[-95.4613,30.0349],[-95.4512,30.0377],[-95.4409,30.0341],[-95.4236,30.0344],[-95.4133,30.0375],[-95.4063,30.0309],[-95.4,30.0361],[-95.3888,30.0365],[-95.3813,30.0404],[-95.3692,30.0364],[-95.366,30.0315],[-95.3588,30.0361],[-95.3477,30.0281],[-95.3305,30.0307],[-95.3265,30.0263],[-95.3182,30.0345],[-95.3179,30.0226],[-95.3121,30.0207],[-95.309,30.0238],[-95.3068,30.0163],[-95.2947,30.0163],[-95.297,30.0049],[-95.2678,30.005],[-95.2698,29.9997],[-95.264,29.9946],[-95.2576,29.995],[-95.2574,29.9992],[-95.2124,29.9994],[-95.2123,29.9739],[-95.2104,29.9644],[-95.2054,29.9632],[-95.2144,29.9561],[-95.1938,29.9449],[-95.206,29.9323],[-95.2008,29.9279],[-95.1994,29.9245],[-95.2024,29.8907],[-95.1872,29.8708],[-95.2029,29.8899],[-95.2013,29.9275],[-95.2116,29.9342],[-95.2495,29.9342],[-95.248,29.962],[-95.2682,29.9545],[-95.2718,29.9651],[-95.2846,29.9657],[-95.296,29.94],[-95.3497,29.939],[-95.3592,29.9402],[-95.3722,29.9493],[-95.3859,29.9493],[-95.3898,29.9453],[-95.3972,29.9452],[-95.4078,29.9534],[-95.4184,29.9569],[-95.4191,29.9657],[-95.465,29.9647],[-95.4664,29.9458],[-95.46,29.9375],[-95.4833,29.9374],[-95.48,29.9113],[-95.4699,29.9049],[-95.4504,29.8844],[-95.4218,29.8883],[-95.4081,29.8699],[-95.4146,29.8685],[-95.4108,29.8388],[-95.403,29.8418],[-95.4022,29.8319],[-95.3854,29.8339],[-95.3738,29.8093],[-95.3892,29.8073],[-95.3878,29.7908],[-95.3721,29.7902],[-95.3724,29.7807],[-95.3682,29.7793],[-95.3667,29.7739],[-95.3513,29.7745],[-95.3487,29.7834],[-95.3451,29.7835],[-95.3459,29.7937],[-95.3502,29.7935],[-95.3505,29.8033],[-95.3479,29.8031],[-95.3521,29.8197],[-95.3355,29.8199],[-95.331,29.8329],[-95.3352,29.8292],[-95.337,29.8406],[-95.3271,29.8404],[-95.3066,29.8912],[-95.3182,29.891],[-95.3093,29.9095],[-95.3017,29.9084],[-95.2956,29.9186],[-95.2867,29.9133],[-95.2805,29.9162],[-95.2652,29.9154],[-95.2505,29.923],[-95.2446,29.9211],[-95.2432,29.9137],[-95.2369,29.907],[-95.2411,29.8991],[-95.2402,29.8926],[-95.235,29.8872],[-95.2383,29.8723],[-95.2284,29.8569],[-95.2286,29.8447],[-95.2342,29.8381],[-95.2302,29.8342],[-95.2297,29.8243],[-95.2801,29.8025],[-95.2672,29.7902],[-95.2635,29.7802],[-95.2654,29.7696],[-95.259,29.7686],[-95.2591,29.7734],[-95.2513,29.7733],[-95.2511,29.7675],[-95.2561,29.7682],[-95.2559,29.7599],[-95.2517,29.7599],[-95.2543,29.7575],[-95.2538,29.7304],[-95.2811,29.7486],[-95.2783,29.7667],[-95.2838,29.7679],[-95.284,29.7819],[-95.2882,29.7808],[-95.2884,29.7882],[-95.3119,29.7874],[-95.3125,29.7653],[-95.32,29.7561],[-95.3289,29.7598],[-95.3442,29.7367],[-95.3402,29.7365],[-95.3267,29.6955],[-95.3366,29.6978],[-95.3396,29.6906],[-95.3518,29.6939],[-95.3496,29.6994],[-95.3548,29.701],[-95.3596,29.6988],[-95.3631,29.69],[-95.3683,29.6924],[-95.3678,29.6955],[-95.3763,29.6981],[-95.3785,29.6907],[-95.3887,29.6939],[-95.3801,29.719],[-95.3903,29.725],[-95.3709,29.7493],[-95.3746,29.7578],[-95.3786,29.7521],[-95.3857,29.752],[-95.3857,29.7617],[-95.3913,29.7626],[-95.3909,29.7689],[-95.3973,29.7696],[-95.3975,29.7834],[-95.4097,29.7833],[-95.4102,29.8068],[-95.4224,29.8057],[-95.4265,29.8017],[-95.4425,29.8107],[-95.4473,29.8093],[-95.4464,29.806],[-95.4493,29.8041],[-95.4555,29.8077],[-95.4498,29.8017],[-95.4539,29.7809],[-95.4569,29.7874],[-95.468,29.7847],[-95.4681,29.7887],[-95.4727,29.7898],[-95.4744,29.7988],[-95.4807,29.7994],[-95.4808,29.8028],[-95.4849,29.7981],[-95.4848,29.8028],[-95.4956,29.803],[-95.4998,29.8048],[-95.4998,29.8082],[-95.5009,29.803],[-95.5164,29.8035],[-95.5141,29.8148],[-95.5175,29.8174],[-95.5262,29.8158],[-95.5277,29.8185],[-95.5343,29.8154],[-95.5342,29.8219],[-95.5295,29.8219],[-95.5316,29.8324],[-95.57,29.8318],[-95.5702,29.8503],[-95.5718,29.8583],[-95.5746,29.8585],[-95.5747,29.8672],[-95.5536,29.8674],[-95.5485,29.8701],[-95.5244,29.8594],[-95.5252,29.9252],[-95.5153,29.9254],[-95.5217,29.9367],[-95.5265,29.9364],[-95.5522,29.9265],[-95.5559,29.9176],[-95.5647,29.9175],[-95.5677,29.9203],[-95.5678,29.9162],[-95.5713,29.9174],[-95.5674,29.9275],[-95.5847,29.9246],[-95.5848,29.933]]]}},{"id":"35","type":"Feature","properties":{"district":"19","name":"Congressional District 19"},"geometry":{"type":"Polygon","coordinates":[[[-103.0645,32.0871],[-103.0646,32.9999],[-103.0437,34.0036],[-103.043,34.7474],[-101.4716,34.7475],[-101.4716,34.3123],[-101.0415,34.3124],[-101.0388,33.3972],[-98.9539,33.3975],[-98.9509,32.9569],[-99.096,32.957],[-99.0961,32.5148],[-99.3971,32.5151],[-99.4002,32.5061],[-99.4142,32.4953],[-99.4131,32.4908],[-99.4199,32.4829],[-99.4189,32.479],[-99.431,32.4741],[-99.4295,32.4711],[-99.4323,32.4678],[-99.4338,32.4727],[-99.443,32.4711],[-99.4427,32.464],[-99.4471,32.4647],[-99.4544,32.4574],[-99.4548,32.4072],[-99.4971,32.4088],[-99.497,32.4129],[-99.6298,32.4366],[-99.6314,32.0813],[-100.3251,32.0814],[-100.8754,32.0869],[-103.0645,32.0871]]]}},{"id":"36","type":"Feature","properties":{"district":"20","name":"Congressional District 20"},"geometry":{"type":"Polygon","coordinates":[[[-98.7882,29.5006],[-98.7818,29.502],[-98.7766,29.5119],[-98.7693,29.5096],[-98.7638,29.5157],[-98.7588,29.5151],[-98.7472,29.5368],[-98.7182,29.5257],[-98.7166,29.5324],[-98.7128,29.5325],[-98.6934,29.5254],[-98.6917,29.5219],[-98.6875,29.5269],[-98.6851,29.5254],[-98.6871,29.527],[-98.6846,29.5297],[-98.6694,29.519],[-98.6295,29.5196],[-98.6277,29.5243],[-98.6367,29.5349],[-98.6314,29.541],[-98.6329,29.5437],[-98.657,29.543],[-98.6674,29.5536],[-98.6413,29.5844],[-98.631,29.5877],[-98.6287,29.6105],[-98.6084,29.6205],[-98.6014,29.6038],[-98.5885,29.5948],[-98.5749,29.5627],[-98.5549,29.5483],[-98.5607,29.5443],[-98.5527,29.5404],[-98.5623,29.5311],[-98.5566,29.525],[-98.5484,29.5017],[-98.5351,29.5115],[-98.5351,29.5189],[-98.5075,29.5028],[-98.5066,29.5207],[-98.479,29.5203],[-98.4643,29.517],[-98.4662,29.5072],[-98.477,29.5077],[-98.49,29.4843],[-98.4939,29.4872],[-98.4993,29.4862],[-98.4993,29.4776],[-98.5174,29.476],[-98.5158,29.4664],[-98.526,29.4665],[-98.528,29.4564],[-98.5392,29.4571],[-98.5371,29.4539],[-98.5394,29.4531],[-98.543,29.4255],[-98.5388,29.4251],[-98.5394,29.4024],[-98.5251,29.3969],[-98.4903,29.3953],[-98.4923,29.392],[-98.4861,29.3689],[-98.504,29.3657],[-98.5013,29.3196],[-98.567,29.3201],[-98.5895,29.3157],[-98.6053,29.3161],[-98.6164,29.3189],[-98.6259,29.3377],[-98.6463,29.3225],[-98.6465,29.3606],[-98.6327,29.3608],[-98.6368,29.3711],[-98.6209,29.3664],[-98.6135,29.377],[-98.5953,29.3664],[-98.5858,29.3657],[-98.5839,29.3619],[-98.5764,29.3592],[-98.575,29.3549],[-98.5505,29.3874],[-98.5615,29.3844],[-98.5624,29.3988],[-98.584,29.401],[-98.5842,29.407],[-98.5878,29.4078],[-98.6046,29.407],[-98.6494,29.3974],[-98.6492,29.4282],[-98.6299,29.453],[-98.6341,29.4551],[-98.6636,29.4432],[-98.6589,29.4389],[-98.6631,29.4274],[-98.669,29.4259],[-98.6693,29.4178],[-98.6631,29.4179],[-98.6633,29.3975],[-98.6596,29.3939],[-98.7166,29.3782],[-98.7317,29.379],[-98.7326,29.383],[-98.7286,29.386],[-98.7299,29.3901],[-98.7341,29.3902],[-98.7316,29.3933],[-98.735,29.3958],[-98.7316,29.4014],[-98.7462,29.4108],[-98.7353,29.411],[-98.7375,29.4296],[-98.7478,29.4295],[-98.748,29.4372],[-98.7583,29.4613],[-98.7409,29.4597],[-98.7152,29.4656],[-98.715,29.468],[-98.7253,29.4656],[-98.7272,29.4682],[-98.7261,29.4754],[-98.7183,29.4773],[-98.7182,29.4844],[-98.7141,29.4828],[-98.7134,29.4854],[-98.7625,29.4833],[-98.7831,29.4865],[-98.7881,29.4822],[-98.7882,29.5006]]]}},{"id":"37","type":"Feature","properties":{"district":"21","name":"Congressional District 21"},"geometry":{"type":"Polygon","coordinates":[[[-100.0636,29.7111],[-100.0376,29.7212],[-100.0301,29.7211],[-100.0248,29.7281],[-100.0295,29.7371],[-100.0219,29.7455],[-100.0364,29.7771],[-100.0291,29.7833],[-100.0287,29.7894],[-100.0145,29.7932],[-100.0134,29.7959],[-100.0172,29.8124],[-100.024,29.8164],[-100.0273,29.8244],[-100.0255,29.8291],[-100.0348,29.8441],[-100.0309,29.8483],[-100.024,29.8492],[-100.0222,29.8541],[-100.0196,29.8696],[-100.0239,29.8744],[-100.0235,29.883],[-100.009,29.8971],[-100.0023,29.8968],[-99.9897,30.0257],[-99.973,30.0246],[-99.9676,30.0824],[-99.9175,30.0786],[-99.918,30.0736],[-99.7576,30.0741],[-99.7541,30.2907],[-99.3017,30.2867],[-99.304,30.4998],[-99.0003,30.4981],[-98.4115,30.5021],[-98.1256,30.4262],[-98.173,30.3563],[-98.0108,30.2403],[-98.0106,30.2437],[-98.0061,30.2441],[-98.0114,30.2487],[-98.0032,30.251],[-98.0032,30.2546],[-97.9969,30.2574],[-97.9974,30.2616],[-97.9923,30.262],[-97.9947,30.265],[-97.9881,30.2675],[-97.9851,30.2733],[-97.9812,30.2654],[-97.9775,30.2669],[-97.9757,30.2725],[-97.9691,30.2647],[-97.9649,30.2712],[-97.9563,30.2694],[-97.9605,30.2739],[-97.9577,30.2769],[-97.9437,30.2752],[-97.9405,30.2811],[-97.9326,30.2774],[-97.9342,30.2837],[-97.9259,30.2821],[-97.9248,30.2886],[-97.9185,30.2882],[-97.9265,30.2922],[-97.9268,30.2957],[-97.9204,30.2976],[-97.9101,30.3071],[-97.8973,30.2979],[-97.902,30.2923],[-97.9007,30.2893],[-97.8906,30.2957],[-97.883,30.2865],[-97.8792,30.2977],[-97.8695,30.2985],[-97.8687,30.3065],[-97.8618,30.2968],[-97.8571,30.3046],[-97.8539,30.3044],[-97.8508,30.2921],[-97.843,30.2923],[-97.8524,30.2819],[-97.8436,30.2731],[-97.838,30.2755],[-97.8307,30.27],[-97.825,30.2697],[-97.8224,30.2575],[-97.8137,30.2516],[-97.8109,30.244],[-97.8246,30.2353],[-97.833,30.2364],[-97.8304,30.2383],[-97.853,30.2496],[-97.86,30.2354],[-97.8672,30.2343],[-97.8714,30.2351],[-97.8713,30.2378],[-97.8867,30.25],[-97.8886,30.2471],[-97.8943,30.2499],[-97.9051,30.2423],[-97.91,30.2347],[-97.906,30.2376],[-97.8989,30.2313],[-97.8885,30.2286],[-97.8992,30.2102],[-97.9083,30.2097],[-97.918,30.2029],[-97.9287,30.1869],[-97.9288,30.1817],[-97.8139,30.0992],[-97.8198,30.095],[-97.822,30.0888],[-97.8272,30.0881],[-97.8284,30.0822],[-97.8244,30.0795],[-97.8254,30.0771],[-97.8402,30.077],[-97.8403,30.0812],[-97.848,30.0785],[-97.8566,30.0716],[-97.8577,30.0587],[-97.8681,30.0506],[-97.8793,30.05],[-97.8838,30.0458],[-97.8917,30.0123],[-97.8812,29.9894],[-97.8837,29.9864],[-97.8776,29.9838],[-97.8875,29.9788],[-97.8761,29.9651],[-97.8805,29.9473],[-97.8845,29.9505],[-97.9053,29.9278],[-97.9061,29.9201],[-97.9119,29.9149],[-97.9118,29.9056],[-97.9239,29.8947],[-97.9271,29.8969],[-97.9356,29.8901],[-97.9444,29.8923],[-97.9503,29.8891],[-97.962,29.8957],[-97.9853,29.8999],[-97.979,29.8859],[-97.963,29.8726],[-97.9774,29.8596],[-97.9727,29.8535],[-98.0187,29.8122],[-98.0152,29.8015],[-98.0296,29.7869],[-98.0596,29.7453],[-98.0854,29.7229],[-98.0963,29.6982],[-98.1259,29.6853],[-98.1384,29.6832],[-98.1503,29.6653],[-98.1682,29.6579],[-98.1696,29.6628],[-98.1822,29.6576],[-98.2115,29.6394],[-98.2165,29.6473],[-98.2491,29.6358],[-98.3304,29.594],[-98.3418,29.5858],[-98.3384,29.5807],[-98.3475,29.5721],[-98.3644,29.5681],[-98.3797,29.5555],[-98.3669,29.5428],[-98.3577,29.5501],[-98.3544,29.5439],[-98.3611,29.5372],[-98.3596,29.5357],[-98.3693,29.5306],[-98.3716,29.5104],[-98.3971,29.5103],[-98.3914,29.5234],[-98.3813,29.523],[-98.3825,29.5304],[-98.3791,29.5313],[-98.3792,29.5418],[-98.3863,29.5418],[-98.3838,29.5488],[-98.3943,29.5466],[-98.4004,29.5489],[-98.4019,29.5546],[-98.4173,29.5446],[-98.4274,29.5353],[-98.4228,29.5161],[-98.4177,29.5161],[-98.4154,29.5063],[-98.425,29.4979],[-98.4421,29.4898],[-98.4422,29.4847],[-98.4205,29.4849],[-98.4176,29.4784],[-98.4102,29.4782],[-98.4143,29.4661],[-98.409,29.4653],[-98.414,29.4564],[-98.4303,29.455],[-98.4432,29.4402],[-98.4466,29.4396],[-98.4462,29.4446],[-98.455,29.4449],[-98.455,29.4416],[-98.4609,29.4416],[-98.4744,29.4448],[-98.4695,29.4472],[-98.4724,29.4517],[-98.4566,29.4546],[-98.455,29.4604],[-98.4677,29.4614],[-98.4674,29.4683],[-98.4742,29.4735],[-98.4768,29.4709],[-98.4739,29.4666],[-98.4758,29.4633],[-98.4791,29.4664],[-98.4923,29.4682],[-98.4922,29.4803],[-98.477,29.5077],[-98.4662,29.5072],[-98.4643,29.517],[-98.479,29.5203],[-98.5066,29.5207],[-98.5075,29.5028],[-98.5351,29.5189],[-98.5351,29.5115],[-98.5484,29.5017],[-98.5566,29.525],[-98.5623,29.5311],[-98.5527,29.5404],[-98.5607,29.5443],[-98.5593,29.5461],[-98.5549,29.5483],[-98.5488,29.5441],[-98.5413,29.5512],[-98.5582,29.5645],[-98.528,29.5934],[-98.5221,29.5893],[-98.5192,29.5813],[-98.5143,29.5792],[-98.5155,29.5864],[-98.5082,29.601],[-98.5083,29.6087],[-98.4927,29.6089],[-98.4957,29.6326],[-98.4992,29.6327],[-98.501,29.6396],[-98.4929,29.6456],[-98.496,29.6559],[-98.493,29.656],[-98.4921,29.6611],[-98.4827,29.661],[-98.4608,29.6518],[-98.4551,29.6575],[-98.4528,29.6549],[-98.4501,29.6575],[-98.4538,29.6825],[-98.4428,29.7328],[-98.4468,29.736],[-98.4594,29.7318],[-98.466,29.7385],[-98.4764,29.7335],[-98.4907,29.7354],[-98.5218,29.7452],[-98.5265,29.7404],[-98.534,29.7468],[-98.534,29.7524],[-98.5468,29.7533],[-98.5474,29.7592],[-98.5505,29.7607],[-98.5593,29.7515],[-98.5662,29.7525],[-98.569,29.7482],[-98.5749,29.7502],[-98.5825,29.7412],[-98.5867,29.7425],[-98.5885,29.7476],[-98.5934,29.7457],[-98.6011,29.75],[-98.6047,29.7473],[-98.6,29.743],[-98.6034,29.7399],[-98.6143,29.7376],[-98.6178,29.7439],[-98.6261,29.7443],[-98.6435,29.7404],[-98.6455,29.7479],[-98.6513,29.754],[-98.6531,29.7488],[-98.6631,29.7475],[-98.6603,29.7416],[-98.6704,29.7434],[-98.6759,29.7374],[-98.6858,29.7393],[-98.6921,29.7353],[-98.7004,29.7374],[-98.7,29.7326],[-98.7078,29.7324],[-98.7172,29.7253],[-98.723,29.7296],[-98.7341,29.7295],[-98.7288,29.7225],[-98.7382,29.7166],[-98.7598,29.7223],[-98.7788,29.7202],[-98.9272,29.5622],[-98.9337,29.5632],[-98.9436,29.558],[-98.9625,29.5599],[-98.9734,29.5517],[-98.9793,29.5554],[-98.9859,29.567],[-98.9789,29.5776],[-98.9863,29.5825],[-98.9867,29.5869],[-98.9787,29.5988],[-98.9757,29.6098],[-98.9838,29.6234],[-99.4905,29.6277],[-100.0142,29.6235],[-100.0073,29.632],[-100.0084,29.6371],[-100.0304,29.664],[-100.0207,29.6702],[-100.0174,29.6776],[-100.0281,29.6832],[-100.0305,29.6886],[-100.0447,29.6938],[-100.0463,29.7065],[-100.0636,29.7111]]]}}]}